mtllib UvMapSphere.mtl
o Sphere
usemtl DefaultMaterial
v 0.000027218476361667854 -55.55703206479331 -83.14686704533834
v 0.000006356849979738399 -38.268342764912454 -92.38789650196192
v 18.024002015590668 -38.268342475702596 -90.61273905033228
v 0.000027218476361667854 -55.55703206479331 -83.14686704533834
v 18.024002015590668 -38.268342475702596 -90.61273905033228
v 16.221174597740173 -55.55703180451784 -81.54930759328145
v 0 70.71066538826162 -70.71068842872447
v 0 83.14695049184004 -55.55703802527138
v 10.838644951581955 83.14695066576003 -54.48952479780861
v 0 70.71066538826162 -70.71068842872447
v 10.838644951581955 83.14695066576003 -54.48952479780861
v 13.794974982738495 70.71066560961997 -69.35200055106944
v 0.00001529754740658973 -70.71068842871767 -70.71062366501027
v 0.000027218476361667854 -55.55703206479331 -83.14686704533834
v 16.221174597740173 -55.55703180451784 -81.54930759328145
v 0.00001529754740658973 -70.71068842871767 -70.71062366501027
v 16.221174597740173 -55.55703180451784 -81.54930759328145
v 13.794974982738495 -70.71068820736612 -69.35197751060659
v 0 55.557004972087874 -83.14697455507975
v 0 70.71066538826162 -70.71068842872447
v 13.794974982738495 70.71066560961997 -69.35200055106944
v 0 55.557004972087874 -83.14697455507975
v 13.794974982738495 70.71066560961997 -69.35200055106944
v 16.221174597740173 55.55700523237791 -81.5493256960557
v 0 -83.14697455507975 -55.557004972087874
v 0.00001529754740658973 -70.71068842871767 -70.71062366501027
v 13.794974982738495 -70.71068820736612 -69.35197751060659
v 0 -83.14697455507975 -55.557004972087874
v 13.794974982738495 -70.71068820736612 -69.35197751060659
v 10.838643461465836 -83.14697438115978 -54.489491744625106
v 0 38.268327562266364 -92.38795665508397
v 0 55.557004972087874 -83.14697455507975
v 16.221174597740173 55.55700523237791 -81.5493256960557
v 0 38.268327562266364 -92.38795665508397
v 16.221174597740173 55.55700523237791 -81.5493256960557
v 18.02400052547455 38.268327851484955 -90.61274555927403
v 0.000007846966099123165 -92.38796857600467 -38.26827689831636
v 0 -83.14697455507975 -55.557004972087874
v 10.838643461465836 -83.14697438115978 -54.489491744625106
v 0.000007846966099123165 -92.38796857600467 -38.26827689831636
v 10.838643461465836 -83.14697438115978 -54.489491744625106
v 7.46578723192215 -92.38796845621236 -37.53299698059938
v 0 19.509019369872405 -98.078528244801
v 0 38.268327562266364 -92.38795665508397
v 18.02400052547455 38.268327851484955 -90.61274555927403
v 0 19.509019369872405 -98.078528244801
v 18.02400052547455 38.268327851484955 -90.61274555927403
v 19.134177267551422 19.509019676905517 -96.19397242815062
v 0 -0.000008742277679552263 -100.00000000000124
v 0 19.509019369872405 -98.078528244801
v 19.134177267551422 19.509019676905517 -96.19397242815062
v 0 -0.000008742277679552263 -100.00000000000124
v 19.134177267551422 19.509019676905517 -96.19397242815062
v 19.50903832912445 -0.000008429229680491738 -98.07852506637697
v 0 -19.509036426751795 -98.07852784841737
v 0 -0.000008742277679552263 -100.00000000000124
v 19.50903832912445 -0.000008429229680491738 -98.07852506637697
v 0 -19.509036426751795 -98.07852784841737
v 19.50903832912445 -0.000008429229680491738 -98.07852506637697
v 19.13417875766754 -19.509036119718683 -96.19397203176698
v 0.000006356849979738399 -38.268342764912454 -92.38789650196192
v 0 -19.509036426751795 -98.07852784841737
v 19.13417875766754 -19.509036119718683 -96.19397203176698
v 0.000006356849979738399 -38.268342764912454 -92.38789650196192
v 19.13417875766754 -19.509036119718683 -96.19397203176698
v 18.024002015590668 -38.268342475702596 -90.61273905033228
v 0 83.14695049184004 -55.55703802527138
v 0 92.38794418567483 -38.26836064631365
v 7.465790957212448 92.38794430547296 -37.53304496580981
v 0 83.14695049184004 -55.55703802527138
v 7.465790957212448 92.38794430547296 -37.53304496580981
v 10.838644951581955 83.14695066576003 -54.48952479780861
v 18.024002015590668 -38.268342475702596 -90.61273905033228
v 19.13417875766754 -19.509036119718683 -96.19397203176698
v 37.533038854599 -19.50903521041898 -90.61273018568238
v 18.024002015590668 -38.268342475702596 -90.61273905033228
v 37.533038854599 -19.50903521041898 -90.61273018568238
v 35.355350375175476 -38.26834161916182 -85.35532923931238
v 10.838644951581955 83.14695066576003 -54.48952479780861
v 7.465790957212448 92.38794430547296 -37.53304496580981
v 14.644673466682434 92.38794466026344 -35.355356486386285
v 10.838644951581955 83.14695066576003 -54.48952479780861
v 14.644673466682434 92.38794466026344 -35.355356486386285
v 21.260765194892883 83.14695118083698 -51.32800503195473
v 16.221174597740173 -55.55703180451784 -81.54930759328145
v 18.024002015590668 -38.268342475702596 -90.61273905033228
v 35.355350375175476 -38.26834161916182 -85.35532923931238
v 16.221174597740173 -55.55703180451784 -81.54930759328145
v 35.355350375175476 -38.26834161916182 -85.35532923931238
v 31.818976998329163 -55.55703103365086 -76.81775976079244
v 13.794974982738495 70.71066560961997 -69.35200055106944
v 10.838644951581955 83.14695066576003 -54.48952479780861
v 21.260765194892883 83.14695118083698 -51.32800503195473
v 13.794974982738495 70.71066560961997 -69.35200055106944
v 21.260765194892883 83.14695118083698 -51.32800503195473
v 27.05981731414795 70.71066626518832 -65.32815058692759
v 13.794974982738495 -70.71068820736612 -69.35197751060659
v 16.221174597740173 -55.55703180451784 -81.54930759328145
v 31.818976998329163 -55.55703103365086 -76.81775976079244
v 13.794974982738495 -70.71068820736612 -69.35197751060659
v 31.818976998329163 -55.55703103365086 -76.81775976079244
v 27.05981731414795 -70.71068755179776 -65.32812754646474
v 16.221174597740173 55.55700523237791 -81.5493256960557
v 13.794974982738495 70.71066560961997 -69.35200055106944
v 27.05981731414795 70.71066626518832 -65.32815058692759
v 16.221174597740173 55.55700523237791 -81.5493256960557
v 27.05981731414795 70.71066626518832 -65.32815058692759
v 31.818976998329163 55.557006003244894 -76.81777786356669
v 10.838643461465836 -83.14697438115978 -54.489491744625106
v 13.794974982738495 -70.71068820736612 -69.35197751060659
v 27.05981731414795 -70.71068755179776 -65.32812754646474
v 10.838643461465836 -83.14697438115978 -54.489491744625106
v 27.05981731414795 -70.71068755179776 -65.32812754646474
v 21.260762214660645 -83.14697386608283 -51.327971978771224
v 18.02400052547455 38.268327851484955 -90.61274555927403
v 16.221174597740173 55.55700523237791 -81.5493256960557
v 31.818976998329163 55.557006003244894 -76.81777786356669
v 18.02400052547455 38.268327851484955 -90.61274555927403
v 31.818976998329163 55.557006003244894 -76.81777786356669
v 35.35534739494324 38.26832870802573 -85.35533574825413
v 7.46578723192215 -92.38796845621236 -37.53299698059938
v 10.838643461465836 -83.14697438115978 -54.489491744625106
v 21.260762214660645 -83.14697386608283 -51.327971978771224
v 7.46578723192215 -92.38796845621236 -37.53299698059938
v 21.260762214660645 -83.14697386608283 -51.327971978771224
v 14.644667506217957 -92.38796810142188 -35.355308501175855
v 19.134177267551422 19.509019676905517 -96.19397242815062
v 18.02400052547455 38.268327851484955 -90.61274555927403
v 35.35534739494324 38.26832870802573 -85.35533574825413
v 19.134177267551422 19.509019676905517 -96.19397242815062
v 35.35534739494324 38.26832870802573 -85.35533574825413
v 37.533038854599 19.50902058620425 -90.6127365425305
v 19.50903832912445 -0.000008429229680491738 -98.07852506637697
v 19.134177267551422 19.509019676905517 -96.19397242815062
v 37.533038854599 19.50902058620425 -90.6127365425305
v 19.50903832912445 -0.000008429229680491738 -98.07852506637697
v 37.533038854599 19.50902058620425 -90.6127365425305
v 38.268354535102844 -0.000007502116429534566 -92.3879444599164
v 19.13417875766754 -19.509036119718683 -96.19397203176698
v 19.50903832912445 -0.000008429229680491738 -98.07852506637697
v 38.268354535102844 -0.000007502116429534566 -92.3879444599164
v 19.13417875766754 -19.509036119718683 -96.19397203176698
v 38.268354535102844 -0.000007502116429534566 -92.3879444599164
v 37.533038854599 -19.50903521041898 -90.61273018568238
v 14.644667506217957 -92.38796810142188 -35.355308501175855
v 21.260762214660645 -83.14697386608283 -51.327971978771224
v 30.86584210395813 -83.14697302964444 -46.19394974290086
v 14.644667506217957 -92.38796810142188 -35.355308501175855
v 30.86584210395813 -83.14697302964444 -46.19394974290086
v 21.260762214660645 -92.38796752527304 -31.818932144097307
v 37.533038854599 19.50902058620425 -90.6127365425305
v 35.35534739494324 38.26832870802573 -85.35533574825413
v 51.328009366989136 38.26833009897188 -76.81776908641942
v 37.533038854599 19.50902058620425 -90.6127365425305
v 51.328009366989136 38.26833009897188 -76.81776908641942
v 54.48952317237854 19.509022062825164 -81.54930194170042
v 38.268354535102844 -0.000007502116429534566 -92.3879444599164
v 37.533038854599 19.50902058620425 -90.6127365425305
v 54.48952317237854 19.509022062825164 -81.54930194170042
v 38.268354535102844 -0.000007502116429534566 -92.3879444599164
v 54.48952317237854 19.509022062825164 -81.54930194170042
v 55.557042360305786 -0.000005996566958803867 -83.14694762230043
v 37.533038854599 -19.50903521041898 -90.61273018568238
v 38.268354535102844 -0.000007502116429534566 -92.3879444599164
v 55.557042360305786 -0.000005996566958803867 -83.14694762230043
v 37.533038854599 -19.50903521041898 -90.61273018568238
v 55.557042360305786 -0.000005996566958803867 -83.14694762230043
v 54.48952317237854 -19.509033733798066 -81.5492955848523
v 35.355350375175476 -38.26834161916182 -85.35532923931238
v 37.533038854599 -19.50903521041898 -90.61273018568238
v 54.48952317237854 -19.509033733798066 -81.5492955848523
v 35.355350375175476 -38.26834161916182 -85.35532923931238
v 54.48952317237854 -19.509033733798066 -81.5492955848523
v 51.328009366989136 -38.26834022821568 -76.81776257747767
v 21.260765194892883 83.14695118083698 -51.32800503195473
v 14.644673466682434 92.38794466026344 -35.355356486386285
v 21.26077115535736 92.38794523641276 -31.818977149075497
v 21.260765194892883 83.14695118083698 -51.32800503195473
v 21.26077115535736 92.38794523641276 -31.818977149075497
v 30.86584508419037 83.14695201727535 -46.19398279608437
v 31.818976998329163 -55.55703103365086 -76.81775976079244
v 35.355350375175476 -38.26834161916182 -85.35532923931238
v 51.328009366989136 -38.26834022821568 -76.81776257747767
v 31.818976998329163 -55.55703103365086 -76.81775976079244
v 51.328009366989136 -38.26834022821568 -76.81776257747767
v 46.19399309158325 -55.55702978183273 -69.13415480511922
v 27.05981731414795 70.71066626518832 -65.32815058692759
v 21.260765194892883 83.14695118083698 -51.32800503195473
v 30.86584508419037 83.14695201727535 -46.19398279608437
v 27.05981731414795 70.71066626518832 -65.32815058692759
v 30.86584508419037 83.14695201727535 -46.19398279608437
v 39.28476572036743 70.71066732977197 -58.79378278716868
v 27.05981731414795 -70.71068755179776 -65.32812754646474
v 31.818976998329163 -55.55703103365086 -76.81775976079244
v 46.19399309158325 -55.55702978183273 -69.13415480511922
v 27.05981731414795 -70.71068755179776 -65.32812754646474
v 46.19399309158325 -55.55702978183273 -69.13415480511922
v 39.28476572036743 -70.71068648721412 -58.79375974670583
v 31.818976998329163 55.557006003244894 -76.81777786356669
v 27.05981731414795 70.71066626518832 -65.32815058692759
v 39.28476572036743 70.71066732977197 -58.79378278716868
v 31.818976998329163 55.557006003244894 -76.81777786356669
v 39.28476572036743 70.71066732977197 -58.79378278716868
v 46.19399309158325 55.55700725506302 -69.13417290789347
v 21.260762214660645 -83.14697386608283 -51.327971978771224
v 27.05981731414795 -70.71068755179776 -65.32812754646474
v 39.28476572036743 -70.71068648721412 -58.79375974670583
v 21.260762214660645 -83.14697386608283 -51.327971978771224
v 39.28476572036743 -70.71068648721412 -58.79375974670583
v 30.86584210395813 -83.14697302964444 -46.19394974290086
v 35.35534739494324 38.26832870802573 -85.35533574825413
v 31.818976998329163 55.557006003244894 -76.81777786356669
v 46.19399309158325 55.55700725506302 -69.13417290789347
v 35.35534739494324 38.26832870802573 -85.35533574825413
v 46.19399309158325 55.55700725506302 -69.13417290789347
v 51.328009366989136 38.26833009897188 -76.81776908641942
v 30.86584508419037 83.14695201727535 -46.19398279608437
v 21.26077115535736 92.38794523641276 -31.818977149075497
v 27.059829235076904 92.38794601177925 -27.059811504429806
v 30.86584508419037 83.14695201727535 -46.19398279608437
v 27.059829235076904 92.38794601177925 -27.059811504429806
v 39.28476870059967 83.14695314293233 -39.28474946440407
v 46.19399309158325 -55.55702978183273 -69.13415480511922
v 51.328009366989136 -38.26834022821568 -76.81776257747767
v 65.32816290855408 -38.26833835631741 -65.32813283199427
v 46.19399309158325 -55.55702978183273 -69.13415480511922
v 65.32816290855408 -38.26833835631741 -65.32813283199427
v 58.793801069259644 -55.557028097167986 -58.79375625508565
v 39.28476572036743 70.71066732977197 -58.79378278716868
v 30.86584508419037 83.14695201727535 -46.19398279608437
v 39.28476870059967 83.14695314293233 -39.28474946440407
v 39.28476572036743 70.71066732977197 -58.79378278716868
v 39.28476870059967 83.14695314293233 -39.28474946440407
v 50.00001788139343 70.71066876246108 -49.99999959930247
v 39.28476572036743 -70.71068648721412 -58.79375974670583
v 46.19399309158325 -55.55702978183273 -69.13415480511922
v 58.793801069259644 -55.557028097167986 -58.79375625508565
v 39.28476572036743 -70.71068648721412 -58.79375974670583
v 58.793801069259644 -55.557028097167986 -58.79375625508565
v 50.00001788139343 -70.710685054525 -49.99997655883962
v 46.19399309158325 55.55700725506302 -69.13417290789347
v 39.28476572036743 70.71066732977197 -58.79378278716868
v 50.00001788139343 70.71066876246108 -49.99999959930247
v 46.19399309158325 55.55700725506302 -69.13417290789347
v 50.00001788139343 70.71066876246108 -49.99999959930247
v 58.793801069259644 55.557008939727766 -58.79377435785991
v 30.86584210395813 -83.14697302964444 -46.19394974290086
v 39.28476572036743 -70.71068648721412 -58.79375974670583
v 50.00001788139343 -70.710685054525 -49.99997655883962
v 30.86584210395813 -83.14697302964444 -46.19394974290086
v 50.00001788139343 -70.710685054525 -49.99997655883962
v 39.28476572036743 -83.14697190398746 -39.284716411220565
v 51.328009366989136 38.26833009897188 -76.81776908641942
v 46.19399309158325 55.55700725506302 -69.13417290789347
v 58.793801069259644 55.557008939727766 -58.79377435785991
v 51.328009366989136 38.26833009897188 -76.81776908641942
v 58.793801069259644 55.557008939727766 -58.79377435785991
v 65.32816290855408 38.26833197087015 -65.32813934093602
v 21.260762214660645 -92.38796752527304 -31.818932144097307
v 30.86584210395813 -83.14697302964444 -46.19394974290086
v 39.28476572036743 -83.14697190398746 -39.284716411220565
v 21.260762214660645 -92.38796752527304 -31.818932144097307
v 39.28476572036743 -83.14697190398746 -39.284716411220565
v 27.05981731414795 -92.38796674990752 -27.059772459916093
v 54.48952317237854 19.509022062825164 -81.54930194170042
v 51.328009366989136 38.26833009897188 -76.81776908641942
v 65.32816290855408 38.26833197087015 -65.32813934093602
v 54.48952317237854 19.509022062825164 -81.54930194170042
v 65.32816290855408 38.26833197087015 -65.32813934093602
v 69.35200691223145 19.50902405002205 -69.35197432786985
v 55.557042360305786 -0.000005996566958803867 -83.14694762230043
v 54.48952317237854 19.509022062825164 -81.54930194170042
v 69.35200691223145 19.50902405002205 -69.35197432786985
v 55.557042360305786 -0.000005996566958803867 -83.14694762230043
v 69.35200691223145 19.50902405002205 -69.35197432786985
v 70.71070075035095 -0.000003970438388329504 -70.71065902710085
v 54.48952317237854 -19.509033733798066 -81.5492955848523
v 55.557042360305786 -0.000005996566958803867 -83.14694762230043
v 70.71070075035095 -0.000003970438388329504 -70.71065902710085
v 54.48952317237854 -19.509033733798066 -81.5492955848523
v 70.71070075035095 -0.000003970438388329504 -70.71065902710085
v 69.35200691223145 -19.50903174660118 -69.35196797102174
v 51.328009366989136 -38.26834022821568 -76.81776257747767
v 54.48952317237854 -19.509033733798066 -81.5492955848523
v 69.35200691223145 -19.50903174660118 -69.35196797102174
v 51.328009366989136 -38.26834022821568 -76.81776257747767
v 69.35200691223145 -19.50903174660118 -69.35196797102174
v 65.32816290855408 -38.26833835631741 -65.32813283199427
v 69.35200691223145 19.50902405002205 -69.35197432786985
v 65.32816290855408 38.26833197087015 -65.32813934093602
v 76.81779265403748 38.26833425178466 -51.32798579937108
v 69.35200691223145 19.50902405002205 -69.35197432786985
v 76.81779265403748 38.26833425178466 -51.32798579937108
v 81.54932856559753 19.509026471428946 -54.489484627552464
v 70.71070075035095 -0.000003970438388329504 -70.71065902710085
v 69.35200691223145 19.50902405002205 -69.35197432786985
v 81.54932856559753 19.509026471428946 -54.489484627552464
v 70.71070075035095 -0.000003970438388329504 -70.71065902710085
v 81.54932856559753 19.509026471428946 -54.489484627552464
v 83.14698338508606 -0.0000015015940883403149 -55.55700063705567
v 69.35200691223145 -19.50903174660118 -69.35196797102174
v 70.71070075035095 -0.000003970438388329504 -70.71065902710085
v 83.14698338508606 -0.0000015015940883403149 -55.55700063705567
v 69.35200691223145 -19.50903174660118 -69.35196797102174
v 83.14698338508606 -0.0000015015940883403149 -55.55700063705567
v 81.54932856559753 -19.509029325194284 -54.48947827070436
v 65.32816290855408 -38.26833835631741 -65.32813283199427
v 69.35200691223145 -19.50903174660118 -69.35196797102174
v 81.54932856559753 -19.509029325194284 -54.48947827070436
v 65.32816290855408 -38.26833835631741 -65.32813283199427
v 81.54932856559753 -19.509029325194284 -54.48947827070436
v 76.81779265403748 -38.2683360754029 -51.327979290429326
v 39.28476870059967 83.14695314293233 -39.28474946440407
v 27.059829235076904 92.38794601177925 -27.059811504429806
v 31.818991899490356 92.38794695656549 -21.260754914826382
v 39.28476870059967 83.14695314293233 -39.28474946440407
v 31.818991899490356 92.38794695656549 -21.260754914826382
v 46.19399905204773 83.14695451454908 -30.86582584799477
v 58.793801069259644 -55.557028097167986 -58.79375625508565
v 65.32816290855408 -38.26833835631741 -65.32813283199427
v 76.81779265403748 -38.2683360754029 -51.327979290429326
v 58.793801069259644 -55.557028097167986 -58.79375625508565
v 76.81779265403748 -38.2683360754029 -51.327979290429326
v 69.13419365882874 -55.557026044398725 -46.193948277409255
v 50.00001788139343 70.71066876246108 -49.99999959930247
v 39.28476870059967 83.14695314293233 -39.28474946440407
v 46.19399905204773 83.14695451454908 -30.86582584799477
v 50.00001788139343 70.71066876246108 -49.99999959930247
v 46.19399905204773 83.14695451454908 -30.86582584799477
v 58.793801069259644 70.7106705081982 -39.28474147781199
v 50.00001788139343 -70.710685054525 -49.99997655883962
v 58.793801069259644 -55.557028097167986 -58.79375625508565
v 69.13419365882874 -55.557026044398725 -46.193948277409255
v 50.00001788139343 -70.710685054525 -49.99997655883962
v 69.13419365882874 -55.557026044398725 -46.193948277409255
v 58.793801069259644 -70.71068330878788 -39.28471843734914
v 58.793801069259644 55.557008939727766 -58.79377435785991
v 50.00001788139343 70.71066876246108 -49.99999959930247
v 58.793801069259644 70.7106705081982 -39.28474147781199
v 58.793801069259644 55.557008939727766 -58.79377435785991
v 58.793801069259644 70.7106705081982 -39.28474147781199
v 69.13419365882874 55.55701099249703 -46.19396638018352
v 39.28476572036743 -83.14697190398746 -39.284716411220565
v 50.00001788139343 -70.710685054525 -49.99997655883962
v 58.793801069259644 -70.71068330878788 -39.28471843734914
v 39.28476572036743 -83.14697190398746 -39.284716411220565
v 58.793801069259644 -70.71068330878788 -39.28471843734914
v 46.19399309158325 -83.14697053237073 -30.865792794811266
v 65.32816290855408 38.26833197087015 -65.32813934093602
v 58.793801069259644 55.557008939727766 -58.79377435785991
v 69.13419365882874 55.55701099249703 -46.19396638018352
v 65.32816290855408 38.26833197087015 -65.32813934093602
v 69.13419365882874 55.55701099249703 -46.19396638018352
v 76.81779265403748 38.26833425178466 -51.32798579937108
v 27.05981731414795 -92.38796674990752 -27.059772459916093
v 39.28476572036743 -83.14697190398746 -39.284716411220565
v 46.19399309158325 -83.14697053237073 -30.865792794811266
v 27.05981731414795 -92.38796674990752 -27.059772459916093
v 46.19399309158325 -83.14697053237073 -30.865792794811266
v 31.8189799785614 -92.38796580512154 -21.26071736042879
v 69.13419365882874 -55.557026044398725 -46.193948277409255
v 76.81779265403748 -38.2683360754029 -51.327979290429326
v 85.35535335540771 -38.268333473125985 -35.35531731838343
v 69.13419365882874 -55.557026044398725 -46.193948277409255
v 85.35535335540771 -38.268333473125985 -35.35531731838343
v 76.81779861450195 -55.55702370241087 -31.81892920392293
v 58.793801069259644 70.7106705081982 -39.28474147781199
v 46.19399905204773 83.14695451454908 -30.86582584799477
v 51.32802128791809 83.1469560794152 -21.260745958697285
v 58.793801069259644 70.7106705081982 -39.28474147781199
v 51.32802128791809 83.1469560794152 -21.260745958697285
v 65.32816886901855 70.71067249989508 -27.059793071592512
v 58.793801069259644 -70.71068330878788 -39.28471843734914
v 69.13419365882874 -55.557026044398725 -46.193948277409255
v 76.81779861450195 -55.55702370241087 -31.81892920392293
v 58.793801069259644 -70.71068330878788 -39.28471843734914
v 76.81779861450195 -55.55702370241087 -31.81892920392293
v 65.32816886901855 -70.710681317091 -27.059770031129656
v 69.13419365882874 55.55701099249703 -46.19396638018352
v 58.793801069259644 70.7106705081982 -39.28474147781199
v 65.32816886901855 70.71067249989508 -27.059793071592512
v 69.13419365882874 55.55701099249703 -46.19396638018352
v 65.32816886901855 70.71067249989508 -27.059793071592512
v 76.81779861450195 55.55701333448488 -31.818947306697186
v 46.19399309158325 -83.14697053237073 -30.865792794811266
v 58.793801069259644 -70.71068330878788 -39.28471843734914
v 65.32816886901855 -70.710681317091 -27.059770031129656
v 46.19399309158325 -83.14697053237073 -30.865792794811266
v 65.32816886901855 -70.710681317091 -27.059770031129656
v 51.32801532745361 -83.14696896750459 -21.26071290551378
v 76.81779265403748 38.26833425178466 -51.32798579937108
v 69.13419365882874 55.55701099249703 -46.19396638018352
v 76.81779861450195 55.55701333448488 -31.818947306697186
v 76.81779265403748 38.26833425178466 -51.32798579937108
v 76.81779861450195 55.55701333448488 -31.818947306697186
v 85.35535335540771 38.26833685406157 -35.35532382732518
v 31.8189799785614 -92.38796580512154 -21.26071736042879
v 46.19399309158325 -83.14697053237073 -30.865792794811266
v 51.32801532745361 -83.14696896750459 -21.26071290551378
v 31.8189799785614 -92.38796580512154 -21.26071736042879
v 51.32801532745361 -83.14696896750459 -21.26071290551378
v 35.355353355407715 -92.3879647272229 -14.644622651986099
v 81.54932856559753 19.509026471428946 -54.489484627552464
v 76.81779265403748 38.26833425178466 -51.32798579937108
v 85.35535335540771 38.26833685406157 -35.35532382732518
v 81.54932856559753 19.509026471428946 -54.489484627552464
v 85.35535335540771 38.26833685406157 -35.35532382732518
v 90.61275124549866 19.50902923399184 -37.532994349308446
v 83.14698338508606 -0.0000015015940883403149 -55.55700063705567
v 81.54932856559753 19.509026471428946 -54.489484627552464
v 90.61275124549866 19.50902923399184 -37.532994349308446
v 83.14698338508606 -0.0000015015940883403149 -55.55700063705567
v 90.61275124549866 19.50902923399184 -37.532994349308446
v 92.38797426223755 0.0000013150901693604537 -38.26831579208497
v 81.54932856559753 -19.509029325194284 -54.48947827070436
v 83.14698338508606 -0.0000015015940883403149 -55.55700063705567
v 92.38797426223755 0.0000013150901693604537 -38.26831579208497
v 81.54932856559753 -19.509029325194284 -54.48947827070436
v 92.38797426223755 0.0000013150901693604537 -38.26831579208497
v 90.61275124549866 -19.50902656263139 -37.53298799246034
v 76.81779265403748 -38.2683360754029 -51.327979290429326
v 81.54932856559753 -19.509029325194284 -54.48947827070436
v 90.61275124549866 -19.50902656263139 -37.53298799246034
v 76.81779265403748 -38.2683360754029 -51.327979290429326
v 90.61275124549866 -19.50902656263139 -37.53298799246034
v 85.35535335540771 -38.268333473125985 -35.35531731838343
v 46.19399905204773 83.14695451454908 -30.86582584799477
v 31.818991899490356 92.38794695656549 -21.260754914826382
v 35.35536825656891 92.3879480344646 -14.644657226151454
v 46.19399905204773 83.14695451454908 -30.86582584799477
v 35.35536825656891 92.3879480344646 -14.644657226151454
v 51.32802128791809 83.1469560794152 -21.260745958697285
v 92.38797426223755 0.0000013150901693604537 -38.26831579208497
v 90.61275124549866 19.50902923399184 -37.532994349308446
v 96.1939811706543 19.50903223154612 -19.134137232609227
v 92.38797426223755 0.0000013150901693604537 -38.26831579208497
v 96.1939811706543 19.50903223154612 -19.134137232609227
v 98.07854890823364 0.000004371370685572258 -19.508999586106576
v 90.61275124549866 -19.50902656263139 -37.53298799246034
v 92.38797426223755 0.0000013150901693604537 -38.26831579208497
v 98.07854890823364 0.000004371370685572258 -19.508999586106576
v 90.61275124549866 -19.50902656263139 -37.53298799246034
v 98.07854890823364 0.000004371370685572258 -19.508999586106576
v 96.1939811706543 -19.50902356507711 -19.13413087576112
v 85.35535335540771 -38.268333473125985 -35.35531731838343
v 90.61275124549866 -19.50902656263139 -37.53298799246034
v 96.1939811706543 -19.50902356507711 -19.13413087576112
v 85.35535335540771 -38.268333473125985 -35.35531731838343
v 96.1939811706543 -19.50902356507711 -19.13413087576112
v 90.61275720596313 -38.2683306494912 -18.02397044891474
v 51.32802128791809 83.1469560794152 -21.260745958697285
v 35.35536825656891 92.3879480344646 -14.644657226151454
v 37.53305673599243 92.38794920405337 -7.465772481507289
v 51.32802128791809 83.1469560794152 -21.260745958697285
v 37.53305673599243 92.38794920405337 -7.465772481507289
v 54.489535093307495 83.14695777739422 -10.838624970328295
v 76.81779861450195 -55.55702370241087 -31.81892920392293
v 85.35535335540771 -38.268333473125985 -35.35531731838343
v 90.61275720596313 -38.2683306494912 -18.02397044891474
v 76.81779861450195 -55.55702370241087 -31.81892920392293
v 90.61275720596313 -38.2683306494912 -18.02397044891474
v 81.54933452606201 -55.55702116120657 -16.22112829345006
v 65.32816886901855 70.71067249989508 -27.059793071592512
v 51.32802128791809 83.1469560794152 -21.260745958697285
v 54.489535093307495 83.14695777739422 -10.838624970328295
v 65.32816886901855 70.71067249989508 -27.059793071592512
v 54.489535093307495 83.14695777739422 -10.838624970328295
v 69.35201287269592 70.71067466101171 -13.794953720415297
v 65.32816886901855 -70.710681317091 -27.059770031129656
v 76.81779861450195 -55.55702370241087 -31.81892920392293
v 81.54933452606201 -55.55702116120657 -16.22112829345006
v 65.32816886901855 -70.710681317091 -27.059770031129656
v 81.54933452606201 -55.55702116120657 -16.22112829345006
v 69.35201287269592 -70.71067915597438 -13.79493067995244
v 76.81779861450195 55.55701333448488 -31.818947306697186
v 65.32816886901855 70.71067249989508 -27.059793071592512
v 69.35201287269592 70.71067466101171 -13.794953720415297
v 76.81779861450195 55.55701333448488 -31.818947306697186
v 69.35201287269592 70.71067466101171 -13.794953720415297
v 81.54933452606201 55.55701587568918 -16.221146396224317
v 51.32801532745361 -83.14696896750459 -21.26071290551378
v 65.32816886901855 -70.710681317091 -27.059770031129656
v 69.35201287269592 -70.71067915597438 -13.79493067995244
v 51.32801532745361 -83.14696896750459 -21.26071290551378
v 69.35201287269592 -70.71067915597438 -13.79493067995244
v 54.48952913284302 -83.14696726952582 -10.838593407260912
v 85.35535335540771 38.26833685406157 -35.35532382732518
v 76.81779861450195 55.55701333448488 -31.818947306697186
v 81.54933452606201 55.55701587568918 -16.221146396224317
v 85.35535335540771 38.26833685406157 -35.35532382732518
v 81.54933452606201 55.55701587568918 -16.221146396224317
v 90.61275720596313 38.26833967769636 -18.023976957856487
v 35.355353355407715 -92.3879647272229 -14.644622651986099
v 51.32801532745361 -83.14696896750459 -21.26071290551378
v 54.48952913284302 -83.14696726952582 -10.838593407260912
v 35.355353355407715 -92.3879647272229 -14.644622651986099
v 54.48952913284302 -83.14696726952582 -10.838593407260912
v 37.53304183483124 -92.38796355763462 -7.4657408875741735
v 90.61275124549866 19.50902923399184 -37.532994349308446
v 85.35535335540771 38.26833685406157 -35.35532382732518
v 90.61275720596313 38.26833967769636 -18.023976957856487
v 90.61275124549866 19.50902923399184 -37.532994349308446
v 90.61275720596313 38.26833967769636 -18.023976957856487
v 96.1939811706543 19.50903223154612 -19.134137232609227
v 69.35201287269592 -70.71067915597438 -13.79493067995244
v 81.54933452606201 -55.55702116120657 -16.22112829345006
v 83.14697742462158 -55.55701851844243 0.00004246003790715872
v 69.35201287269592 -70.71067915597438 -13.79493067995244
v 83.14697742462158 -55.55701851844243 0.00004246003790715872
v 70.71069478988647 -70.71067690848784 0.00004343876608776314
v 81.54933452606201 55.55701587568918 -16.221146396224317
v 69.35201287269592 70.71067466101171 -13.794953720415297
v 70.71069478988647 70.71067690849824 0.000020398303231797985
v 81.54933452606201 55.55701587568918 -16.221146396224317
v 70.71069478988647 70.71067690849824 0.000020398303231797985
v 83.14697742462158 55.55701851845332 0.000024357263651171937
v 54.48952913284302 -83.14696726952582 -10.838593407260912
v 69.35201287269592 -70.71067915597438 -13.79493067995244
v 70.71069478988647 -70.71067690848784 0.00004343876608776314
v 54.48952913284302 -83.14696726952582 -10.838593407260912
v 70.71069478988647 -70.71067690848784 0.00004343876608776314
v 55.55703639984131 -83.14696550368706 0.000047700068837314654
v 90.61275720596313 38.26833967769636 -18.023976957856487
v 81.54933452606201 55.55701587568918 -16.221146396224317
v 83.14697742462158 55.55701851845332 0.000024357263651171937
v 90.61275720596313 38.26833967769636 -18.023976957856487
v 83.14697742462158 55.55701851845332 0.000024357263651171937
v 92.38796830177307 38.26834261417836 0.000021213481974709274
v 37.53304183483124 -92.38796355763462 -7.4657408875741735
v 54.48952913284302 -83.14696726952582 -10.838593407260912
v 55.55703639984131 -83.14696550368706 0.000047700068837314654
v 37.53304183483124 -92.38796355763462 -7.4657408875741735
v 55.55703639984131 -83.14696550368706 0.000047700068837314654
v 38.268354535102844 -92.38796234130363 0.000045480328009583435
v 96.1939811706543 19.50903223154612 -19.134137232609227
v 90.61275720596313 38.26833967769636 -18.023976957856487
v 92.38796830177307 38.26834261417836 0.000021213481974709274
v 96.1939811706543 19.50903223154612 -19.134137232609227
v 92.38796830177307 38.26834261417836 0.000021213481974709274
v 98.07852506637573 19.509035348898625 0.00003619068998937483
v 98.07854890823364 0.000004371370685572258 -19.508999586106576
v 96.1939811706543 19.50903223154612 -19.134137232609227
v 98.07852506637573 19.509035348898625 0.00003619068998937483
v 98.07854890823364 0.000004371370685572258 -19.508999586106576
v 98.07852506637573 19.509035348898625 0.00003619068998937483
v 100.00002384185791 0.000007549796297676555 0.000037878997907302695
v 96.1939811706543 -19.50902356507711 -19.13413087576112
v 98.07854890823364 0.000004371370685572258 -19.508999586106576
v 100.00002384185791 0.000007549796297676555 0.000037878997907302695
v 96.1939811706543 -19.50902356507711 -19.13413087576112
v 100.00002384185791 0.000007549796297676555 0.000037878997907302695
v 98.07852506637573 -19.509020447724605 0.00004254753809632666
v 90.61275720596313 -38.2683306494912 -18.02397044891474
v 96.1939811706543 -19.50902356507711 -19.13413087576112
v 98.07852506637573 -19.509020447724605 0.00004254753809632666
v 90.61275720596313 -38.2683306494912 -18.02397044891474
v 98.07852506637573 -19.509020447724605 0.00004254753809632666
v 92.38796830177307 -38.26832771300895 0.000029212539842681677
v 54.489535093307495 83.14695777739422 -10.838624970328295
v 37.53305673599243 92.38794920405337 -7.465772481507289
v 38.26836943626404 92.38795042038484 0.00001686662713275875
v 54.489535093307495 83.14695777739422 -10.838624970328295
v 38.26836943626404 92.38795042038484 0.00001686662713275875
v 55.557048320770264 83.14695954323322 0.00001762711757271415
v 81.54933452606201 -55.55702116120657 -16.22112829345006
v 90.61275720596313 -38.2683306494912 -18.02397044891474
v 92.38796830177307 -38.26832771300895 0.000029212539842681677
v 81.54933452606201 -55.55702116120657 -16.22112829345006
v 92.38796830177307 -38.26832771300895 0.000029212539842681677
v 83.14697742462158 -55.55701851844243 0.00004246003790715872
v 69.35201287269592 70.71067466101171 -13.794953720415297
v 54.489535093307495 83.14695777739422 -10.838624970328295
v 55.557048320770264 83.14695954323322 0.00001762711757271415
v 69.35201287269592 70.71067466101171 -13.794953720415297
v 55.557048320770264 83.14695954323322 0.00001762711757271415
v 70.71069478988647 70.71067690849824 0.000020398303231797985
v 98.07852506637573 -19.509020447724605 0.00004254753809632666
v 100.00002384185791 0.000007549796297676555 0.000037878997907302695
v 98.07854890823364 0.000010728221705772835 19.509074091910087
v 98.07852506637573 -19.509020447724605 0.00004254753809632666
v 98.07854890823364 0.000010728221705772835 19.509074091910087
v 96.19396924972534 -19.509017330372544 19.13421322852889
v 92.38796830177307 -38.26832771300895 0.000029212539842681677
v 98.07852506637573 -19.509020447724605 0.00004254753809632666
v 96.19396924972534 -19.509017330372544 19.13421322852889
v 92.38796830177307 -38.26832771300895 0.000029212539842681677
v 96.19396924972534 -19.509017330372544 19.13421322852889
v 90.61275720596313 -38.26832477652691 18.02402762180212
v 55.557048320770264 83.14695954323322 0.00001762711757271415
v 38.26836943626404 92.38795042038484 0.00001686662713275875
v 37.53305375576019 92.38795163671622 7.465805707627309
v 55.557048320770264 83.14695954323322 0.00001762711757271415
v 37.53305375576019 92.38795163671622 7.465805707627309
v 54.489535093307495 83.14696130907227 10.838660462487256
v 83.14697742462158 -55.55701851844243 0.00004246003790715872
v 92.38796830177307 -38.26832771300895 0.000029212539842681677
v 90.61275720596313 -38.26832477652691 18.02402762180212
v 83.14697742462158 -55.55701851844243 0.00004246003790715872
v 90.61275720596313 -38.26832477652691 18.02402762180212
v 81.54932856559753 -55.5570158756785 16.22121196133357
v 70.71069478988647 70.71067690849824 0.000020398303231797985
v 55.557048320770264 83.14695954323322 0.00001762711757271415
v 54.489535093307495 83.14696130907227 10.838660462487256
v 70.71069478988647 70.71067690849824 0.000020398303231797985
v 54.489535093307495 83.14696130907227 10.838660462487256
v 69.35200691223145 70.71067915598434 13.794991774713335
v 70.71069478988647 -70.71067690848784 0.00004343876608776314
v 83.14697742462158 -55.55701851844243 0.00004246003790715872
v 81.54932856559753 -55.5570158756785 16.22121196133357
v 70.71069478988647 -70.71067690848784 0.00004343876608776314
v 81.54932856559753 -55.5570158756785 16.22121196133357
v 69.35200691223145 -70.71067466100175 13.795014815176192
v 83.14697742462158 55.55701851845332 0.000024357263651171937
v 70.71069478988647 70.71067690849824 0.000020398303231797985
v 69.35200691223145 70.71067915598434 13.794991774713335
v 83.14697742462158 55.55701851845332 0.000024357263651171937
v 69.35200691223145 70.71067915598434 13.794991774713335
v 81.54932856559753 55.55702116121725 16.221193858559314
v 55.55703639984131 -83.14696550368706 0.000047700068837314654
v 70.71069478988647 -70.71067690848784 0.00004343876608776314
v 69.35200691223145 -70.71067466100175 13.795014815176192
v 55.55703639984131 -83.14696550368706 0.000047700068837314654
v 69.35200691223145 -70.71067466100175 13.795014815176192
v 54.48952317237854 -83.14696373784838 10.83868830026434
v 92.38796830177307 38.26834261417836 0.000021213481974709274
v 83.14697742462158 55.55701851845332 0.000024357263651171937
v 81.54932856559753 55.55702116121725 16.221193858559314
v 92.38796830177307 38.26834261417836 0.000021213481974709274
v 81.54932856559753 55.55702116121725 16.221193858559314
v 90.61275720596313 38.268345550660406 18.02401962274425
v 38.268354535102844 -92.38796234130363 0.000045480328009583435
v 55.55703639984131 -83.14696550368706 0.000047700068837314654
v 54.48952317237854 -83.14696373784838 10.83868830026434
v 38.268354535102844 -92.38796234130363 0.000045480328009583435
v 54.48952317237854 -83.14696373784838 10.83868830026434
v 37.533038854599 -92.38796112497275 7.465831341095947
v 98.07852506637573 19.509035348898625 0.00003619068998937483
v 92.38796830177307 38.26834261417836 0.000021213481974709274
v 90.61275720596313 38.268345550660406 18.02401962274425
v 98.07852506637573 19.509035348898625 0.00003619068998937483
v 90.61275720596313 38.268345550660406 18.02401962274425
v 96.19396924972534 19.509038466250686 19.13420687168078
v 100.00002384185791 0.000007549796297676555 0.000037878997907302695
v 98.07852506637573 19.509035348898625 0.00003619068998937483
v 96.19396924972534 19.509038466250686 19.13420687168078
v 100.00002384185791 0.000007549796297676555 0.000037878997907302695
v 96.19396924972534 19.509038466250686 19.13420687168078
v 98.07854890823364 0.000010728221705772835 19.509074091910087
v 81.54932856559753 55.55702116121725 16.221193858559314
v 69.35200691223145 70.71067915598434 13.794991774713335
v 65.32816290855408 70.71068131710071 27.05982963577443
v 81.54932856559753 55.55702116121725 16.221193858559314
v 65.32816290855408 70.71068131710071 27.05982963577443
v 76.81778073310852 55.55702370242155 31.818994769032184
v 54.48952317237854 -83.14696373784838 10.83868830026434
v 69.35200691223145 -70.71067466100175 13.795014815176192
v 65.32816290855408 -70.71067249988538 27.059852676237288
v 54.48952317237854 -83.14696373784838 10.83868830026434
v 65.32816290855408 -70.71067249988538 27.059852676237288
v 51.32800340652466 -83.14696203986998 21.26080556334303
v 90.61275720596313 38.268345550660406 18.02401962274425
v 81.54932856559753 55.55702116121725 16.221193858559314
v 76.81778073310852 55.55702370242155 31.818994769032184
v 90.61275720596313 38.268345550660406 18.02401962274425
v 76.81778073310852 55.55702370242155 31.818994769032184
v 85.35535335540771 38.268348374294945 35.35536500209682
v 37.533038854599 -92.38796112497275 7.465831341095947
v 54.48952317237854 -83.14696373784838 10.83868830026434
v 51.32800340652466 -83.14696203986998 21.26080556334303
v 37.533038854599 -92.38796112497275 7.465831341095947
v 51.32800340652466 -83.14696203986998 21.26080556334303
v 35.35534739494324 -92.38795995538482 14.644710870333695
v 96.19396924972534 19.509038466250686 19.13420687168078
v 90.61275720596313 38.268345550660406 18.02401962274425
v 85.35535335540771 38.268348374294945 35.35536500209682
v 96.19396924972534 19.509038466250686 19.13420687168078
v 85.35535335540771 38.268348374294945 35.35536500209682
v 90.61273336410522 19.509041463804238 37.53305951803164
v 98.07854890823364 0.000010728221705772835 19.509074091910087
v 96.19396924972534 19.509038466250686 19.13420687168078
v 90.61273336410522 19.509041463804238 37.53305951803164
v 98.07854890823364 0.000010728221705772835 19.509074091910087
v 90.61273336410522 19.509041463804238 37.53305951803164
v 92.38796830177307 0.000013784501736443181 38.26838731765624
v 96.19396924972534 -19.509017330372544 19.13421322852889
v 98.07854890823364 0.000010728221705772835 19.509074091910087
v 92.38796830177307 0.000013784501736443181 38.26838731765624
v 96.19396924972534 -19.509017330372544 19.13421322852889
v 92.38796830177307 0.000013784501736443181 38.26838731765624
v 90.61273336410522 -19.509014332818992 37.533065874879746
v 90.61275720596313 -38.26832477652691 18.02402762180212
v 96.19396924972534 -19.509017330372544 19.13421322852889
v 90.61273336410522 -19.509014332818992 37.533065874879746
v 90.61275720596313 -38.26832477652691 18.02402762180212
v 90.61273336410522 -19.509014332818992 37.533065874879746
v 85.35535335540771 -38.26832195289261 35.35537151103857
v 54.489535093307495 83.14696130907227 10.838660462487256
v 37.53305375576019 92.38795163671622 7.465805707627309
v 35.35536229610443 92.38795280630438 14.644686726981176
v 54.489535093307495 83.14696130907227 10.838660462487256
v 35.35536229610443 92.38795280630438 14.644686726981176
v 51.32801532745361 83.1469630070508 21.260778470624004
v 81.54932856559753 -55.5570158756785 16.22121196133357
v 90.61275720596313 -38.26832477652691 18.02402762180212
v 85.35535335540771 -38.26832195289261 35.35537151103857
v 81.54932856559753 -55.5570158756785 16.22121196133357
v 85.35535335540771 -38.26832195289261 35.35537151103857
v 76.81778073310852 -55.5570133344742 31.81901287180644
v 69.35200691223145 70.71067915598434 13.794991774713335
v 54.489535093307495 83.14696130907227 10.838660462487256
v 51.32801532745361 83.1469630070508 21.260778470624004
v 69.35200691223145 70.71067915598434 13.794991774713335
v 51.32801532745361 83.1469630070508 21.260778470624004
v 65.32816290855408 70.71068131710071 27.05982963577443
v 69.35200691223145 -70.71067466100175 13.795014815176192
v 81.54932856559753 -55.5570158756785 16.22121196133357
v 76.81778073310852 -55.5570133344742 31.81901287180644
v 69.35200691223145 -70.71067466100175 13.795014815176192
v 76.81778073310852 -55.5570133344742 31.81901287180644
v 65.32816290855408 -70.71067249988538 27.059852676237288
v 90.61273336410522 -19.509014332818992 37.533065874879746
v 92.38796830177307 0.000013784501736443181 38.26838731765624
v 83.1469714641571 0.000016601185023061036 55.55706620216247
v 90.61273336410522 -19.509014332818992 37.533065874879746
v 83.1469714641571 0.000016601185023061036 55.55706620216247
v 81.54930472373962 -19.509011570258043 54.48954423219481
v 85.35535335540771 -38.26832195289261 35.35537151103857
v 90.61273336410522 -19.509014332818992 37.533065874879746
v 81.54930472373962 -19.509011570258043 54.48954423219481
v 85.35535335540771 -38.26832195289261 35.35537151103857
v 81.54930472373962 -19.509011570258043 54.48954423219481
v 76.817786693573 -38.26831935061569 51.32803348308447
v 51.32801532745361 83.1469630070508 21.260778470624004
v 35.35536229610443 92.38795280630438 14.644686726981176
v 31.81898593902588 92.38795388420277 21.260779945307743
v 51.32801532745361 83.1469630070508 21.260778470624004
v 31.81898593902588 92.38795388420277 21.260779945307743
v 46.19399309158325 83.14696457191644 30.86585537968925
v 76.81778073310852 -55.5570133344742 31.81901287180644
v 85.35535335540771 -38.26832195289261 35.35537151103857
v 76.817786693573 -38.26831935061569 51.32803348308447
v 76.81778073310852 -55.5570133344742 31.81901287180644
v 76.817786693573 -38.26831935061569 51.32803348308447
v 69.1341757774353 -55.557010992487314 46.19402598482829
v 65.32816290855408 70.71068131710071 27.05982963577443
v 51.32801532745361 83.1469630070508 21.260778470624004
v 46.19399309158325 83.14696457191644 30.86585537968925
v 65.32816290855408 70.71068131710071 27.05982963577443
v 46.19399309158325 83.14696457191644 30.86585537968925
v 58.793795108795166 70.71068330879662 39.28477208152944
v 65.32816290855408 -70.71067249988538 27.059852676237288
v 76.81778073310852 -55.5570133344742 31.81901287180644
v 69.1341757774353 -55.557010992487314 46.19402598482829
v 65.32816290855408 -70.71067249988538 27.059852676237288
v 69.1341757774353 -55.557010992487314 46.19402598482829
v 58.793795108795166 -70.71067050818947 39.28479512199229
v 76.81778073310852 55.55702370242155 31.818994769032184
v 65.32816290855408 70.71068131710071 27.05982963577443
v 58.793795108795166 70.71068330879662 39.28477208152944
v 76.81778073310852 55.55702370242155 31.818994769032184
v 58.793795108795166 70.71068330879662 39.28477208152944
v 69.1341757774353 55.55702604440844 46.19400788205403
v 51.32800340652466 -83.14696203986998 21.26080556334303
v 65.32816290855408 -70.71067249988538 27.059852676237288
v 58.793795108795166 -70.71067050818947 39.28479512199229
v 51.32800340652466 -83.14696203986998 21.26080556334303
v 58.793795108795166 -70.71067050818947 39.28479512199229
v 46.1939811706543 -83.14696047500482 30.865879492176038
v 85.35535335540771 38.268348374294945 35.35536500209682
v 76.81778073310852 55.55702370242155 31.818994769032184
v 69.1341757774353 55.55702604440844 46.19400788205403
v 85.35535335540771 38.268348374294945 35.35536500209682
v 69.1341757774353 55.55702604440844 46.19400788205403
v 76.817786693573 38.26835097657089 51.32802101367824
v 35.35534739494324 -92.38795995538482 14.644710870333695
v 51.32800340652466 -83.14696203986998 21.26080556334303
v 46.1939811706543 -83.14696047500482 30.865879492176038
v 35.35534739494324 -92.38795995538482 14.644710870333695
v 46.1939811706543 -83.14696047500482 30.865879492176038
v 31.818971037864685 -92.38795887748643 21.26080408866026
v 90.61273336410522 19.509041463804238 37.53305951803164
v 85.35535335540771 38.268348374294945 35.35536500209682
v 76.817786693573 38.26835097657089 51.32802101367824
v 90.61273336410522 19.509041463804238 37.53305951803164
v 76.817786693573 38.26835097657089 51.32802101367824
v 81.54930472373962 19.509044226365187 54.489537875346706
v 92.38796830177307 0.000013784501736443181 38.26838731765624
v 90.61273336410522 19.509041463804238 37.53305951803164
v 81.54930472373962 19.509044226365187 54.489537875346706
v 92.38796830177307 0.000013784501736443181 38.26838731765624
v 81.54930472373962 19.509044226365187 54.489537875346706
v 83.1469714641571 0.000016601185023061036 55.55706620216247
v 46.1939811706543 -83.14696047500482 30.865879492176038
v 58.793795108795166 -70.71067050818947 39.28479512199229
v 50.00000596046448 -70.71066876245331 50.00004728301829
v 46.1939811706543 -83.14696047500482 30.865879492176038
v 50.00000596046448 -70.71066876245331 50.00004728301829
v 39.28475081920624 -83.14695910338905 39.284797148120866
v 76.817786693573 38.26835097657089 51.32802101367824
v 69.1341757774353 55.55702604440844 46.19400788205403
v 58.79377722740173 55.557028097176726 58.793809899265945
v 76.817786693573 38.26835097657089 51.32802101367824
v 58.79377722740173 55.557028097176726 58.793809899265945
v 65.32816290855408 38.2683532574854 65.32817455524318
v 31.818971037864685 -92.38795887748643 21.26080408866026
v 46.1939811706543 -83.14696047500482 30.865879492176038
v 39.28475081920624 -83.14695910338905 39.284797148120866
v 31.818971037864685 -92.38795887748643 21.26080408866026
v 39.28475081920624 -83.14695910338905 39.284797148120866
v 27.059808373451233 -92.38795793270093 27.059856207915328
v 81.54930472373962 19.509044226365187 54.489537875346706
v 76.817786693573 38.26835097657089 51.32802101367824
v 65.32816290855408 38.2683532574854 65.32817455524318
v 81.54930472373962 19.509044226365187 54.489537875346706
v 65.32816290855408 38.2683532574854 65.32817455524318
v 69.35198307037354 19.509046647770145 69.35201565473513
v 83.1469714641571 0.000016601185023061036 55.55706620216247
v 81.54930472373962 19.509044226365187 54.489537875346706
v 69.35198307037354 19.509046647770145 69.35201565473513
v 83.1469714641571 0.000016601185023061036 55.55706620216247
v 69.35198307037354 19.509046647770145 69.35201565473513
v 70.71068286895752 0.000019070029323050226 70.71072459220763
v 81.54930472373962 -19.509011570258043 54.48954423219481
v 83.1469714641571 0.000016601185023061036 55.55706620216247
v 70.71068286895752 0.000019070029323050226 70.71072459220763
v 81.54930472373962 -19.509011570258043 54.48954423219481
v 70.71068286895752 0.000019070029323050226 70.71072459220763
v 69.35198307037354 -19.509009148853085 69.35202201158324
v 76.817786693573 -38.26831935061569 51.32803348308447
v 81.54930472373962 -19.509011570258043 54.48954423219481
v 69.35198307037354 -19.509009148853085 69.35202201158324
v 76.817786693573 -38.26831935061569 51.32803348308447
v 69.35198307037354 -19.509009148853085 69.35202201158324
v 65.32816290855408 -38.26831706970118 65.32818702464941
v 46.19399309158325 83.14696457191644 30.86585537968925
v 31.81898593902588 92.38795388420277 21.260779945307743
v 27.059823274612427 92.38795482898877 27.059835044795047
v 46.19399309158325 83.14696457191644 30.86585537968925
v 27.059823274612427 92.38795482898877 27.059835044795047
v 39.284759759902954 83.1469659435327 39.28477601586631
v 69.1341757774353 -55.557010992487314 46.19402598482829
v 76.817786693573 -38.26831935061569 51.32803348308447
v 65.32816290855408 -38.26831706970118 65.32818702464941
v 69.1341757774353 -55.557010992487314 46.19402598482829
v 65.32816290855408 -38.26831706970118 65.32818702464941
v 58.79377722740173 -55.557008939719026 58.79382800204021
v 58.793795108795166 70.71068330879662 39.28477208152944
v 46.19399309158325 83.14696457191644 30.86585537968925
v 39.284759759902954 83.1469659435327 39.28477601586631
v 58.793795108795166 70.71068330879662 39.28477208152944
v 39.284759759902954 83.1469659435327 39.28477601586631
v 50.00000596046448 70.71068505453277 50.00002424255544
v 58.793795108795166 -70.71067050818947 39.28479512199229
v 69.1341757774353 -55.557010992487314 46.19402598482829
v 58.79377722740173 -55.557008939719026 58.79382800204021
v 58.793795108795166 -70.71067050818947 39.28479512199229
v 58.79377722740173 -55.557008939719026 58.79382800204021
v 50.00000596046448 -70.71066876245331 50.00004728301829
v 69.1341757774353 55.55702604440844 46.19400788205403
v 58.793795108795166 70.71068330879662 39.28477208152944
v 50.00000596046448 70.71068505453277 50.00002424255544
v 69.1341757774353 55.55702604440844 46.19400788205403
v 50.00000596046448 70.71068505453277 50.00002424255544
v 58.79377722740173 55.557028097176726 58.793809899265945
v 65.32816290855408 -38.26831706970118 65.32818702464941
v 69.35198307037354 -19.509009148853085 69.35202201158324
v 54.48949933052063 -19.50900716165717 81.54934366494933
v 65.32816290855408 -38.26831706970118 65.32818702464941
v 54.48949933052063 -19.50900716165717 81.54934366494933
v 51.328009366989136 -38.26831519780291 76.81781677013281
v 39.284759759902954 83.1469659435327 39.28477601586631
v 27.059823274612427 92.38795482898877 27.059835044795047
v 21.260765194892883 92.38795560435429 31.81899472897626
v 39.284759759902954 83.1469659435327 39.28477601586631
v 21.260765194892883 92.38795560435429 31.81899472897626
v 30.865836143493652 83.1469670691887 46.194003387082134
v 58.79377722740173 -55.557008939719026 58.79382800204021
v 65.32816290855408 -38.26831706970118 65.32818702464941
v 51.328009366989136 -38.26831519780291 76.81781677013281
v 58.79377722740173 -55.557008939719026 58.79382800204021
v 51.328009366989136 -38.26831519780291 76.81781677013281
v 46.19397222995758 -55.55700725505623 69.13421463114481
v 50.00000596046448 70.71068505453277 50.00002424255544
v 39.284759759902954 83.1469659435327 39.28477601586631
v 30.865836143493652 83.1469670691887 46.194003387082134
v 50.00000596046448 70.71068505453277 50.00002424255544
v 30.865836143493652 83.1469670691887 46.194003387082134
v 39.28475081920624 70.71068648722189 58.79380743042165
v 50.00000596046448 -70.71066876245331 50.00004728301829
v 58.79377722740173 -55.557008939719026 58.79382800204021
v 46.19397222995758 -55.55700725505623 69.13421463114481
v 50.00000596046448 -70.71066876245331 50.00004728301829
v 46.19397222995758 -55.55700725505623 69.13421463114481
v 39.28475081920624 -70.71066732976419 58.7938304708845
v 58.79377722740173 55.557028097176726 58.793809899265945
v 50.00000596046448 70.71068505453277 50.00002424255544
v 39.28475081920624 70.71068648722189 58.79380743042165
v 58.79377722740173 55.557028097176726 58.793809899265945
v 39.28475081920624 70.71068648722189 58.79380743042165
v 46.19397222995758 55.557029781839525 69.13419652837057
v 39.28475081920624 -83.14695910338905 39.284797148120866
v 50.00000596046448 -70.71066876245331 50.00004728301829
v 39.28475081920624 -70.71066732976419 58.7938304708845
v 39.28475081920624 -83.14695910338905 39.284797148120866
v 39.28475081920624 -70.71066732976419 58.7938304708845
v 30.865827202796936 -83.14695797773304 46.194024519336686
v 65.32816290855408 38.2683532574854 65.32817455524318
v 58.79377722740173 55.557028097176726 58.793809899265945
v 46.19397222995758 55.557029781839525 69.13419652837057
v 65.32816290855408 38.2683532574854 65.32817455524318
v 46.19397222995758 55.557029781839525 69.13419652837057
v 51.328009366989136 38.26835512938367 76.81780430072658
v 27.059808373451233 -92.38795793270093 27.059856207915328
v 39.28475081920624 -83.14695910338905 39.284797148120866
v 30.865827202796936 -83.14695797773304 46.194024519336686
v 27.059808373451233 -92.38795793270093 27.059856207915328
v 30.865827202796936 -83.14695797773304 46.194024519336686
v 21.260754764080048 -92.38795715733589 31.819012911864302
v 69.35198307037354 19.509046647770145 69.35201565473513
v 65.32816290855408 38.2683532574854 65.32817455524318
v 51.328009366989136 38.26835512938367 76.81780430072658
v 69.35198307037354 19.509046647770145 69.35201565473513
v 51.328009366989136 38.26835512938367 76.81780430072658
v 54.48949933052063 19.50904863496606 81.54933730810122
v 70.71068286895752 0.000019070029323050226 70.71072459220763
v 69.35198307037354 19.509046647770145 69.35201565473513
v 54.48949933052063 19.50904863496606 81.54933730810122
v 70.71068286895752 0.000019070029323050226 70.71072459220763
v 54.48949933052063 19.50904863496606 81.54933730810122
v 55.55702447891235 0.000021096156922441674 83.14700722694273
v 69.35198307037354 -19.509009148853085 69.35202201158324
v 70.71068286895752 0.000019070029323050226 70.71072459220763
v 55.55702447891235 0.000021096156922441674 83.14700722694273
v 69.35198307037354 -19.509009148853085 69.35202201158324
v 55.55702447891235 0.000021096156922441674 83.14700722694273
v 54.48949933052063 -19.50900716165717 81.54934366494933
v 51.328009366989136 38.26835512938367 76.81780430072658
v 46.19397222995758 55.557029781839525 69.13419652837057
v 31.81895613670349 55.557031033656685 76.8177955235793
v 51.328009366989136 38.26835512938367 76.81780430072658
v 31.81895613670349 55.557031033656685 76.8177955235793
v 35.35534739494324 38.268356520328844 85.35536500209682
v 21.260754764080048 -92.38795715733589 31.819012911864302
v 30.865827202796936 -83.14695797773304 46.194024519336686
v 21.26075029373169 -83.14695714129563 51.32804079474257
v 21.260754764080048 -92.38795715733589 31.819012911864302
v 21.26075029373169 -83.14695714129563 51.32804079474257
v 14.644661545753479 -92.38795658118754 35.35538628871062
v 54.48949933052063 19.50904863496606 81.54933730810122
v 51.328009366989136 38.26835512938367 76.81780430072658
v 35.35534739494324 38.268356520328844 85.35536500209682
v 54.48949933052063 19.50904863496606 81.54933730810122
v 35.35534739494324 38.268356520328844 85.35536500209682
v 37.53301501274109 19.50905011158503 90.61275998800234
v 55.55702447891235 0.000021096156922441674 83.14700722694273
v 54.48949933052063 19.50904863496606 81.54933730810122
v 37.53301501274109 19.50905011158503 90.61275998800234
v 55.55702447891235 0.000021096156922441674 83.14700722694273
v 37.53301501274109 19.50905011158503 90.61275998800234
v 38.26833963394165 0.000022601705422089458 92.38799810409422
v 54.48949933052063 -19.50900716165717 81.54934366494933
v 55.55702447891235 0.000021096156922441674 83.14700722694273
v 38.26833963394165 0.000022601705422089458 92.38799810409422
v 54.48949933052063 -19.50900716165717 81.54934366494933
v 38.26833963394165 0.000022601705422089458 92.38799810409422
v 37.53301501274109 -19.5090056850382 90.61276634485046
v 51.328009366989136 -38.26831519780291 76.81781677013281
v 54.48949933052063 -19.50900716165717 81.54934366494933
v 37.53301501274109 -19.5090056850382 90.61276634485046
v 51.328009366989136 -38.26831519780291 76.81781677013281
v 37.53301501274109 -19.5090056850382 90.61276634485046
v 35.35534739494324 -38.26831380685774 85.35537747150305
v 30.865836143493652 83.1469670691887 46.194003387082134
v 21.260765194892883 92.38795560435429 31.81899472897626
v 14.644670486450195 92.38795618050264 35.35536810582258
v 30.865836143493652 83.1469670691887 46.194003387082134
v 14.644670486450195 92.38795618050264 35.35536810582258
v 21.260759234428406 83.1469679056271 51.328025622952495
v 46.19397222995758 -55.55700725505623 69.13421463114481
v 51.328009366989136 -38.26831519780291 76.81781677013281
v 35.35534739494324 -38.26831380685774 85.35537747150305
v 46.19397222995758 -55.55700725505623 69.13421463114481
v 35.35534739494324 -38.26831380685774 85.35537747150305
v 31.81895613670349 -55.55700600323907 76.81781362635355
v 39.28475081920624 70.71068648722189 58.79380743042165
v 30.865836143493652 83.1469670691887 46.194003387082134
v 21.260759234428406 83.1469679056271 51.328025622952495
v 39.28475081920624 70.71068648722189 58.79380743042165
v 21.260759234428406 83.1469679056271 51.328025622952495
v 27.059802412986755 70.71068755180455 65.32816926971608
v 39.28475081920624 -70.71066732976419 58.7938304708845
v 46.19397222995758 -55.55700725505623 69.13421463114481
v 31.81895613670349 -55.55700600323907 76.81781362635355
v 39.28475081920624 -70.71066732976419 58.7938304708845
v 31.81895613670349 -55.55700600323907 76.81781362635355
v 27.059802412986755 -70.71066626518153 65.32819231017893
v 46.19397222995758 55.557029781839525 69.13419652837057
v 39.28475081920624 70.71068648722189 58.79380743042165
v 27.059802412986755 70.71068755180455 65.32816926971608
v 46.19397222995758 55.557029781839525 69.13419652837057
v 27.059802412986755 70.71068755180455 65.32816926971608
v 31.81895613670349 55.557031033656685 76.8177955235793
v 30.865827202796936 -83.14695797773304 46.194024519336686
v 39.28475081920624 -70.71066732976419 58.7938304708845
v 27.059802412986755 -70.71066626518153 65.32819231017893
v 30.865827202796936 -83.14695797773304 46.194024519336686
v 27.059802412986755 -70.71066626518153 65.32819231017893
v 21.26075029373169 -83.14695714129563 51.32804079474257
v 35.35534739494324 -38.26831380685774 85.35537747150305
v 37.53301501274109 -19.5090056850382 90.61276634485046
v 19.13416087627411 -19.50900477574044 96.1939962700061
v 35.35534739494324 -38.26831380685774 85.35537747150305
v 19.13416087627411 -19.50900477574044 96.1939962700061
v 18.024002015590668 -38.268312950317934 90.61278132205847
v 21.260759234428406 83.1469679056271 51.328025622952495
v 14.644670486450195 92.38795618050264 35.35536810582258
v 7.465790212154388 92.38795653529311 37.5330565852461
v 21.260759234428406 83.1469679056271 51.328025622952495
v 7.465790212154388 92.38795653529311 37.5330565852461
v 10.838642716407776 83.14696842070306 54.4895394283419
v 31.81895613670349 -55.55700600323907 76.81781362635355
v 35.35534739494324 -38.26831380685774 85.35537747150305
v 18.024002015590668 -38.268312950317934 90.61278132205847
v 31.81895613670349 -55.55700600323907 76.81781362635355
v 18.024002015590668 -38.268312950317934 90.61278132205847
v 16.22115671634674 -55.557005232375 81.54934357744914
v 27.059802412986755 70.71068755180455 65.32816926971608
v 21.260759234428406 83.1469679056271 51.328025622952495
v 10.838642716407776 83.14696842070306 54.4895394283419
v 27.059802412986755 70.71068755180455 65.32816926971608
v 10.838642716407776 83.14696842070306 54.4895394283419
v 13.794966042041779 70.71068820737194 69.35201327339345
v 27.059802412986755 -70.71066626518153 65.32819231017893
v 31.81895613670349 -55.55700600323907 76.81781362635355
v 16.22115671634674 -55.557005232375 81.54934357744914
v 27.059802412986755 -70.71066626518153 65.32819231017893
v 16.22115671634674 -55.557005232375 81.54934357744914
v 13.794966042041779 -70.71066560961414 69.3520363138563
v 31.81895613670349 55.557031033656685 76.8177955235793
v 27.059802412986755 70.71068755180455 65.32816926971608
v 13.794966042041779 70.71068820737194 69.35201327339345
v 31.81895613670349 55.557031033656685 76.8177955235793
v 13.794966042041779 70.71068820737194 69.35201327339345
v 16.22115671634674 55.557031804520754 81.54932547467489
v 21.26075029373169 -83.14695714129563 51.32804079474257
v 27.059802412986755 -70.71066626518153 65.32819231017893
v 13.794966042041779 -70.71066560961414 69.3520363138563
v 21.26075029373169 -83.14695714129563 51.32804079474257
v 13.794966042041779 -70.71066560961414 69.3520363138563
v 10.838636010885239 -83.14695662621965 54.489554600131974
v 35.35534739494324 38.268356520328844 85.35536500209682
v 31.81895613670349 55.557031033656685 76.8177955235793
v 16.22115671634674 55.557031804520754 81.54932547467489
v 35.35534739494324 38.268356520328844 85.35536500209682
v 16.22115671634674 55.557031804520754 81.54932547467489
v 18.024002015590668 38.26835737686865 90.61276885265224
v 14.644661545753479 -92.38795658118754 35.35538628871062
v 21.26075029373169 -83.14695714129563 51.32804079474257
v 10.838636010885239 -83.14695662621965 54.489554600131974
v 14.644661545753479 -92.38795658118754 35.35538628871062
v 10.838636010885239 -83.14695662621965 54.489554600131974
v 7.465784251689911 -92.38795622639705 37.53307476813414
v 37.53301501274109 19.50905011158503 90.61275998800234
v 35.35534739494324 38.268356520328844 85.35536500209682
v 18.024002015590668 38.26835737686865 90.61276885265224
v 37.53301501274109 19.50905011158503 90.61275998800234
v 18.024002015590668 38.26835737686865 90.61276885265224
v 19.13416087627411 19.50905102088279 96.19398991315798
v 38.26833963394165 0.000022601705422089458 92.38799810409422
v 37.53301501274109 19.50905011158503 90.61275998800234
v 19.13416087627411 19.50905102088279 96.19398991315798
v 38.26833963394165 0.000022601705422089458 92.38799810409422
v 19.13416087627411 19.50905102088279 96.19398991315798
v 19.509024918079376 0.000023528817701963716 98.07857275009032
v 37.53301501274109 -19.5090056850382 90.61276634485046
v 38.26833963394165 0.000022601705422089458 92.38799810409422
v 19.509024918079376 0.000023528817701963716 98.07857275009032
v 37.53301501274109 -19.5090056850382 90.61276634485046
v 19.509024918079376 0.000023528817701963716 98.07857275009032
v 19.13416087627411 -19.50900477574044 96.1939962700061
v 7.465784251689911 -92.38795622639705 37.53307476813414
v 10.838636010885239 -83.14695662621965 54.489554600131974
v -0.0000010937306171854289 -83.14695645230064 55.557061867130265
v 7.465784251689911 -92.38795622639705 37.53307476813414
v -0.0000010937306171854289 -83.14695645230064 55.557061867130265
v 3.9638550219933677e-7 -92.38795610659942 38.26838746840575
v 19.13416087627411 19.50905102088279 96.19398991315798
v 18.024002015590668 38.26835737686865 90.61276885265224
v 0.000006356849979738399 38.26835766608724 92.38797994846217
v 19.13416087627411 19.50905102088279 96.19398991315798
v 0.000006356849979738399 38.26835766608724 92.38797994846217
v -0.000008544311214109257 19.509051327913962 98.07853380887941
v 19.509024918079376 0.000023528817701963716 98.07857275009032
v 19.13416087627411 19.50905102088279 96.19398991315798
v -0.000008544311214109257 19.509051327913962 98.07853380887941
v 19.509024918079376 0.000023528817701963716 98.07857275009032
v -0.000008544311214109257 19.509051327913962 98.07853380887941
v -0.000010034427333494023 0.00002384186375885841 100.00003576278563
v 19.13416087627411 -19.50900477574044 96.1939962700061
v 19.509024918079376 0.000023528817701963716 98.07857275009032
v -0.000010034427333494023 0.00002384186375885841 100.00003576278563
v 19.13416087627411 -19.50900477574044 96.1939962700061
v -0.000010034427333494023 0.00002384186375885841 100.00003576278563
v -0.000008544311214109257 -19.509004468709268 98.07854016572753
v 18.024002015590668 -38.268312950317934 90.61278132205847
v 19.13416087627411 -19.50900477574044 96.1939962700061
v -0.000008544311214109257 -19.509004468709268 98.07854016572753
v 18.024002015590668 -38.268312950317934 90.61278132205847
v -0.000008544311214109257 -19.509004468709268 98.07854016572753
v 0.000006356849979738399 -38.268312661099344 92.3879924178684
v 10.838642716407776 83.14696842070306 54.4895394283419
v 7.465790212154388 92.38795653529311 37.5330565852461
v 0.000004121675800661251 92.38795665509076 38.26836928551771
v 10.838642716407776 83.14696842070306 54.4895394283419
v 0.000004121675800661251 92.38795665509076 38.26836928551771
v 0.000002631559681276485 83.14696859462305 55.55705265580467
v 16.22115671634674 -55.557005232375 81.54934357744914
v 18.024002015590668 -38.268312950317934 90.61278132205847
v 0.000006356849979738399 -38.268312661099344 92.3879924178684
v 16.22115671634674 -55.557005232375 81.54934357744914
v 0.000006356849979738399 -38.268312661099344 92.3879924178684
v -0.000008544311214109257 -55.55700497208691 83.14698051554423
v 13.794966042041779 70.71068820737194 69.35201327339345
v 10.838642716407776 83.14696842070306 54.4895394283419
v 0.000002631559681276485 83.14696859462305 55.55705265580467
v 13.794966042041779 70.71068820737194 69.35201327339345
v 0.000002631559681276485 83.14696859462305 55.55705265580467
v -0.0000025838467365701945 70.71068842872933 70.710695190584
v 13.794966042041779 -70.71066560961414 69.3520363138563
v 16.22115671634674 -55.557005232375 81.54934357744914
v -0.000008544311214109257 -55.55700497208691 83.14698051554423
v 13.794966042041779 -70.71066560961414 69.3520363138563
v -0.000008544311214109257 -55.55700497208691 83.14698051554423
v -0.0000025838467365701945 -70.71066538825676 70.71071823104685
v 16.22115671634674 55.557031804520754 81.54932547467489
v 13.794966042041779 70.71068820737194 69.35201327339345
v -0.0000025838467365701945 70.71068842872933 70.710695190584
v 16.22115671634674 55.557031804520754 81.54932547467489
v -0.0000025838467365701945 70.71068842872933 70.710695190584
v -0.000008544311214109257 55.557032064808844 83.14696241276998
v 10.838636010885239 -83.14695662621965 54.489554600131974
v 13.794966042041779 -70.71066560961414 69.3520363138563
v -0.0000025838467365701945 -70.71066538825676 70.71071823104685
v 10.838636010885239 -83.14695662621965 54.489554600131974
v -0.0000025838467365701945 -70.71066538825676 70.71071823104685
v -0.0000010937306171854289 -83.14695645230064 55.557061867130265
v 18.024002015590668 38.26835737686865 90.61276885265224
v 16.22115671634674 55.557031804520754 81.54932547467489
v -0.000008544311214109257 55.557032064808844 83.14696241276998
v 18.024002015590668 38.26835737686865 90.61276885265224
v -0.000008544311214109257 55.557032064808844 83.14696241276998
v 0.000006356849979738399 38.26835766608724 92.38797994846217
v -0.000008544311214109257 -55.55700497208691 83.14698051554423
v 0.000006356849979738399 -38.268312661099344 92.3879924178684
v -18.023990094661713 -38.268312950317934 90.61278132205847
v -0.000008544311214109257 -55.55700497208691 83.14698051554423
v -18.023990094661713 -38.268312950317934 90.61278132205847
v -16.221173107624054 -55.557005232376945 81.54933165652018
v -0.0000025838467365701945 70.71068842872933 70.710695190584
v 0.000002631559681276485 83.14696859462305 55.55705265580467
v -10.838636755943298 83.14696842070306 54.4895394283419
v -0.0000025838467365701945 70.71068842872933 70.710695190584
v -10.838636755943298 83.14696842070306 54.4895394283419
v -13.794972002506256 70.71068820737098 69.35200731292898
v -0.0000025838467365701945 -70.71066538825676 70.71071823104685
v -0.000008544311214109257 -55.55700497208691 83.14698051554423
v -16.221173107624054 -55.557005232376945 81.54933165652018
v -0.0000025838467365701945 -70.71066538825676 70.71071823104685
v -16.221173107624054 -55.557005232376945 81.54933165652018
v -13.794972002506256 -70.7106656096151 69.35203035339183
v -0.000008544311214109257 55.557032064808844 83.14696241276998
v -0.0000025838467365701945 70.71068842872933 70.710695190584
v -13.794972002506256 70.71068820737098 69.35200731292898
v -0.000008544311214109257 55.557032064808844 83.14696241276998
v -13.794972002506256 70.71068820737098 69.35200731292898
v -16.221173107624054 55.55703180451881 81.54931355374593
v -0.0000010937306171854289 -83.14695645230064 55.557061867130265
v -0.0000025838467365701945 -70.71066538825676 70.71071823104685
v -13.794972002506256 -70.7106656096151 69.35203035339183
v -0.0000010937306171854289 -83.14695645230064 55.557061867130265
v -13.794972002506256 -70.7106656096151 69.35203035339183
v -10.838636755943298 -83.14695662622063 54.4895486396675
v 0.000006356849979738399 38.26835766608724 92.38797994846217
v -0.000008544311214109257 55.557032064808844 83.14696241276998
v -16.221173107624054 55.55703180451881 81.54931355374593
v 0.000006356849979738399 38.26835766608724 92.38797994846217
v -16.221173107624054 55.55703180451881 81.54931355374593
v -18.023990094661713 38.26835737686865 90.61276885265224
v 3.9638550219933677e-7 -92.38795610659942 38.26838746840575
v -0.0000010937306171854289 -83.14695645230064 55.557061867130265
v -10.838636755943298 -83.14695662622063 54.4895486396675
v 3.9638550219933677e-7 -92.38795610659942 38.26838746840575
v -10.838636755943298 -83.14695662622063 54.4895486396675
v -7.465782016515732 -92.38795622639803 37.533068807669665
v -0.000008544311214109257 19.509051327913962 98.07853380887941
v 0.000006356849979738399 38.26835766608724 92.38797994846217
v -18.023990094661713 38.26835737686865 90.61276885265224
v -0.000008544311214109257 19.509051327913962 98.07853380887941
v -18.023990094661713 38.26835737686865 90.61276885265224
v -19.134175777435303 19.50905102088085 96.19397799222902
v -0.000010034427333494023 0.00002384186375885841 100.00003576278563
v -0.000008544311214109257 19.509051327913962 98.07853380887941
v -19.134175777435303 19.50905102088085 96.19397799222902
v -0.000010034427333494023 0.00002384186375885841 100.00003576278563
v -19.134175777435303 19.50905102088085 96.19397799222902
v -19.509044289588928 0.000023528815759797886 98.07856082916136
v -0.000008544311214109257 -19.509004468709268 98.07854016572753
v -0.000010034427333494023 0.00002384186375885841 100.00003576278563
v -19.509044289588928 0.000023528815759797886 98.07856082916136
v -0.000008544311214109257 -19.509004468709268 98.07854016572753
v -19.509044289588928 0.000023528815759797886 98.07856082916136
v -19.134175777435303 -19.50900477574238 96.19398434907714
v 0.000006356849979738399 -38.268312661099344 92.3879924178684
v -0.000008544311214109257 -19.509004468709268 98.07854016572753
v -19.134175777435303 -19.50900477574238 96.19398434907714
v 0.000006356849979738399 -38.268312661099344 92.3879924178684
v -19.134175777435303 -19.50900477574238 96.19398434907714
v -18.023990094661713 -38.268312950317934 90.61278132205847
v 0.000002631559681276485 83.14696859462305 55.55705265580467
v 0.000004121675800661251 92.38795665509076 38.26836928551771
v -7.465781271457672 92.38795653529215 37.53305062478162
v 0.000002631559681276485 83.14696859462305 55.55705265580467
v -7.465781271457672 92.38795653529215 37.53305062478162
v -10.838636755943298 83.14696842070306 54.4895394283419
v -19.509044289588928 0.000023528815759797886 98.07856082916136
v -19.134175777435303 19.50905102088085 96.19397799222902
v -37.533026933670044 19.509050111582116 90.6127421066089
v -19.509044289588928 0.000023528815759797886 98.07856082916136
v -37.533026933670044 19.509050111582116 90.6127421066089
v -38.26835751533508 0.000022601702508840714 92.38798022270079
v -19.134175777435303 -19.50900477574238 96.19398434907714
v -19.509044289588928 0.000023528815759797886 98.07856082916136
v -38.26835751533508 0.000022601702508840714 92.38798022270079
v -19.134175777435303 -19.50900477574238 96.19398434907714
v -38.26835751533508 0.000022601702508840714 92.38798022270079
v -37.533026933670044 -19.509005685041114 90.61274846345702
v -18.023990094661713 -38.268312950317934 90.61278132205847
v -19.134175777435303 -19.50900477574238 96.19398434907714
v -37.533026933670044 -19.509005685041114 90.61274846345702
v -18.023990094661713 -38.268312950317934 90.61278132205847
v -37.533026933670044 -19.509005685041114 90.61274846345702
v -35.35533249378204 -38.26831380685774 85.35537747150305
v -10.838636755943298 83.14696842070306 54.4895394283419
v -7.465781271457672 92.38795653529215 37.53305062478162
v -14.64466005563736 92.38795618050118 35.35535916512586
v -10.838636755943298 83.14696842070306 54.4895394283419
v -14.64466005563736 92.38795618050118 35.35535916512586
v -21.260753273963928 83.1469679056271 51.328025622952495
v -16.221173107624054 -55.557005232376945 81.54933165652018
v -18.023990094661713 -38.268312950317934 90.61278132205847
v -35.35533249378204 -38.26831380685774 85.35537747150305
v -16.221173107624054 -55.557005232376945 81.54933165652018
v -35.35533249378204 -38.26831380685774 85.35537747150305
v -31.818965077400208 -55.55700600324392 76.81778382403117
v -13.794972002506256 70.71068820737098 69.35200731292898
v -10.838636755943298 83.14696842070306 54.4895394283419
v -21.260753273963928 83.1469679056271 51.328025622952495
v -13.794972002506256 70.71068820737098 69.35200731292898
v -21.260753273963928 83.1469679056271 51.328025622952495
v -27.059805393218994 70.71068755180359 65.32816330925161
v -13.794972002506256 -70.7106656096151 69.35203035339183
v -16.221173107624054 -55.557005232376945 81.54933165652018
v -31.818965077400208 -55.55700600324392 76.81778382403117
v -13.794972002506256 -70.7106656096151 69.35203035339183
v -31.818965077400208 -55.55700600324392 76.81778382403117
v -27.059805393218994 -70.7106662651825 65.32818634971446
v -16.221173107624054 55.55703180451881 81.54931355374593
v -13.794972002506256 70.71068820737098 69.35200731292898
v -27.059805393218994 70.71068755180359 65.32816330925161
v -16.221173107624054 55.55703180451881 81.54931355374593
v -27.059805393218994 70.71068755180359 65.32816330925161
v -31.818965077400208 55.55703103365183 76.81776572125692
v -10.838636755943298 -83.14695662622063 54.4895486396675
v -13.794972002506256 -70.7106656096151 69.35203035339183
v -27.059805393218994 -70.7106662651825 65.32818634971446
v -10.838636755943298 -83.14695662622063 54.4895486396675
v -27.059805393218994 -70.7106662651825 65.32818634971446
v -21.26075029373169 -83.1469571412966 51.32803483427809
v -18.023990094661713 38.26835737686865 90.61276885265224
v -16.221173107624054 55.55703180451881 81.54931355374593
v -31.818965077400208 55.55703103365183 76.81776572125692
v -18.023990094661713 38.26835737686865 90.61276885265224
v -31.818965077400208 55.55703103365183 76.81776572125692
v -35.35533249378204 38.268356520328844 85.35536500209682
v -7.465782016515732 -92.38795622639803 37.533068807669665
v -10.838636755943298 -83.14695662622063 54.4895486396675
v -21.26075029373169 -83.1469571412966 51.32803483427809
v -7.465782016515732 -92.38795622639803 37.533068807669665
v -21.26075029373169 -83.1469571412966 51.32803483427809
v -14.64465856552124 -92.387956581189 35.3553773480139
v -19.134175777435303 19.50905102088085 96.19397799222902
v -18.023990094661713 38.26835737686865 90.61276885265224
v -35.35533249378204 38.268356520328844 85.35536500209682
v -19.134175777435303 19.50905102088085 96.19397799222902
v -35.35533249378204 38.268356520328844 85.35536500209682
v -37.533026933670044 19.509050111582116 90.6127421066089
v -27.059805393218994 70.71068755180359 65.32816330925161
v -21.260753273963928 83.1469679056271 51.328025622952495
v -30.865830183029175 83.1469670691887 46.194003387082134
v -27.059805393218994 70.71068755180359 65.32816330925161
v -30.865830183029175 83.1469670691887 46.194003387082134
v -39.284747838974 70.71068648721995 58.793795509492696
v -27.059805393218994 -70.7106662651825 65.32818634971446
v -31.818965077400208 -55.55700600324392 76.81778382403117
v -46.19396924972534 -55.557007255062054 69.13417886835795
v -27.059805393218994 -70.7106662651825 65.32818634971446
v -46.19396924972534 -55.557007255062054 69.13417886835795
v -39.284747838974 -70.71066732976614 58.793818549955546
v -31.818965077400208 55.55703103365183 76.81776572125692
v -27.059805393218994 70.71068755180359 65.32816330925161
v -39.284747838974 70.71068648721995 58.793795509492696
v -31.818965077400208 55.55703103365183 76.81776572125692
v -39.284747838974 70.71068648721995 58.793795509492696
v -46.19396924972534 55.5570297818337 69.1341607655837
v -21.26075029373169 -83.1469571412966 51.32803483427809
v -27.059805393218994 -70.7106662651825 65.32818634971446
v -39.284747838974 -70.71066732976614 58.793818549955546
v -21.26075029373169 -83.1469571412966 51.32803483427809
v -39.284747838974 -70.71066732976614 58.793818549955546
v -30.865824222564697 -83.14695797773498 46.19401259840773
v -35.35533249378204 38.268356520328844 85.35536500209682
v -31.818965077400208 55.55703103365183 76.81776572125692
v -46.19396924972534 55.5570297818337 69.1341607655837
v -35.35533249378204 38.268356520328844 85.35536500209682
v -46.19396924972534 55.5570297818337 69.1341607655837
v -51.3279914855957 38.2683551293827 76.8177983402621
v -14.64465856552124 -92.387956581189 35.3553773480139
v -21.26075029373169 -83.1469571412966 51.32803483427809
v -30.865824222564697 -83.14695797773498 46.19401259840773
v -14.64465856552124 -92.387956581189 35.3553773480139
v -30.865824222564697 -83.14695797773498 46.19401259840773
v -21.26074731349945 -92.38795715733782 31.819000990935347
v -37.533026933670044 19.509050111582116 90.6127421066089
v -35.35533249378204 38.268356520328844 85.35536500209682
v -51.3279914855957 38.2683551293827 76.8177983402621
v -37.533026933670044 19.509050111582116 90.6127421066089
v -51.3279914855957 38.2683551293827 76.8177983402621
v -54.48950529098511 19.509048634962173 81.5493134662433
v -38.26835751533508 0.000022601702508840714 92.38798022270079
v -37.533026933670044 19.509050111582116 90.6127421066089
v -54.48950529098511 19.509048634962173 81.5493134662433
v -38.26835751533508 0.000022601702508840714 92.38798022270079
v -54.48950529098511 19.509048634962173 81.5493134662433
v -55.55703639984131 0.00002109615303811002 83.14698338508482
v -37.533026933670044 -19.509005685041114 90.61274846345702
v -38.26835751533508 0.000022601702508840714 92.38798022270079
v -55.55703639984131 0.00002109615303811002 83.14698338508482
v -37.533026933670044 -19.509005685041114 90.61274846345702
v -55.55703639984131 0.00002109615303811002 83.14698338508482
v -54.48950529098511 -19.509007161661057 81.54931982309142
v -35.35533249378204 -38.26831380685774 85.35537747150305
v -37.533026933670044 -19.509005685041114 90.61274846345702
v -54.48950529098511 -19.509007161661057 81.54931982309142
v -35.35533249378204 -38.26831380685774 85.35537747150305
v -54.48950529098511 -19.509007161661057 81.54931982309142
v -51.3279914855957 -38.26831519780389 76.81781080966833
v -21.260753273963928 83.1469679056271 51.328025622952495
v -14.64466005563736 92.38795618050118 35.35535916512586
v -21.26075178384781 92.38795560435234 31.818982808047306
v -21.260753273963928 83.1469679056271 51.328025622952495
v -21.26075178384781 92.38795560435234 31.818982808047306
v -30.865830183029175 83.1469670691887 46.194003387082134
v -31.818965077400208 -55.55700600324392 76.81778382403117
v -35.35533249378204 -38.26831380685774 85.35537747150305
v -51.3279914855957 -38.26831519780389 76.81781080966833
v -31.818965077400208 -55.55700600324392 76.81778382403117
v -51.3279914855957 -38.26831519780389 76.81781080966833
v -46.19396924972534 -55.557007255062054 69.13417886835795
v -55.55703639984131 0.00002109615303811002 83.14698338508482
v -54.48950529098511 19.509048634962173 81.5493134662433
v -69.35197710990906 19.509046647765288 69.35198585241274
v -55.55703639984131 0.00002109615303811002 83.14698338508482
v -69.35197710990906 19.509046647765288 69.35198585241274
v -70.710688829422 0.000019070024467635653 70.71069478988524
v -54.48950529098511 -19.509007161661057 81.54931982309142
v -55.55703639984131 0.00002109615303811002 83.14698338508482
v -70.710688829422 0.000019070024467635653 70.71069478988524
v -54.48950529098511 -19.509007161661057 81.54931982309142
v -70.710688829422 0.000019070024467635653 70.71069478988524
v -69.35197710990906 -19.509009148857942 69.35199220926086
v -51.3279914855957 -38.26831519780389 76.81781080966833
v -54.48950529098511 -19.509007161661057 81.54931982309142
v -69.35197710990906 -19.509009148857942 69.35199220926086
v -51.3279914855957 -38.26831519780389 76.81781080966833
v -69.35197710990906 -19.509009148857942 69.35199220926086
v -65.32813906669617 -38.26831706970216 65.32818106418493
v -30.865830183029175 83.1469670691887 46.194003387082134
v -21.26075178384781 92.38795560435234 31.818982808047306
v -27.059805393218994 92.38795482898634 27.059820143633853
v -30.865830183029175 83.1469670691887 46.194003387082134
v -27.059805393218994 92.38795482898634 27.059820143633853
v -39.28475081920624 83.14696594353222 39.284773035634075
v -46.19396924972534 -55.557007255062054 69.13417886835795
v -51.3279914855957 -38.26831519780389 76.81781080966833
v -65.32813906669617 -38.26831706970216 65.32818106418493
v -46.19396924972534 -55.557007255062054 69.13417886835795
v -65.32813906669617 -38.26831706970216 65.32818106418493
v -58.79376530647278 -55.557008939725826 58.793786278788865
v -39.284747838974 70.71068648721995 58.793795509492696
v -30.865830183029175 83.1469670691887 46.194003387082134
v -39.28475081920624 83.14696594353222 39.284773035634075
v -39.284747838974 70.71068648721995 58.793795509492696
v -39.28475081920624 83.14696594353222 39.284773035634075
v -50 70.71068505453083 50.000012321626485
v -39.284747838974 -70.71066732976614 58.793818549955546
v -46.19396924972534 -55.557007255062054 69.13417886835795
v -58.79376530647278 -55.557008939725826 58.793786278788865
v -39.284747838974 -70.71066732976614 58.793818549955546
v -58.79376530647278 -55.557008939725826 58.793786278788865
v -50 -70.71066876245526 50.000035362089335
v -46.19396924972534 55.5570297818337 69.1341607655837
v -39.284747838974 70.71068648721995 58.793795509492696
v -50 70.71068505453083 50.000012321626485
v -46.19396924972534 55.5570297818337 69.1341607655837
v -50 70.71068505453083 50.000012321626485
v -58.79376530647278 55.557028097169926 58.7937681760146
v -30.865824222564697 -83.14695797773498 46.19401259840773
v -39.284747838974 -70.71066732976614 58.793818549955546
v -50 -70.71066876245526 50.000035362089335
v -30.865824222564697 -83.14695797773498 46.19401259840773
v -50 -70.71066876245526 50.000035362089335
v -39.28474187850952 -83.14695910339147 39.28478224695967
v -51.3279914855957 38.2683551293827 76.8177983402621
v -46.19396924972534 55.5570297818337 69.1341607655837
v -58.79376530647278 55.557028097169926 58.7937681760146
v -51.3279914855957 38.2683551293827 76.8177983402621
v -58.79376530647278 55.557028097169926 58.7937681760146
v -65.32813906669617 38.26835325748443 65.3281685947787
v -21.26074731349945 -92.38795715733782 31.819000990935347
v -30.865824222564697 -83.14695797773498 46.19401259840773
v -39.28474187850952 -83.14695910339147 39.28478224695967
v -21.26074731349945 -92.38795715733782 31.819000990935347
v -39.28474187850952 -83.14695910339147 39.28478224695967
v -27.059799432754517 -92.38795793270336 27.059841306754134
v -54.48950529098511 19.509048634962173 81.5493134662433
v -51.3279914855957 38.2683551293827 76.8177983402621
v -65.32813906669617 38.26835325748443 65.3281685947787
v -54.48950529098511 19.509048634962173 81.5493134662433
v -65.32813906669617 38.26835325748443 65.3281685947787
v -69.35197710990906 19.509046647765288 69.35198585241274
v -50 -70.71066876245526 50.000035362089335
v -58.79376530647278 -55.557008939725826 58.793786278788865
v -69.13415193557739 -55.55701099249363 46.19398724180919
v -50 -70.71066876245526 50.000035362089335
v -69.13415193557739 -55.55701099249363 46.19398724180919
v -58.79377722740173 -70.7106705081914 39.284783201063334
v -58.79376530647278 55.557028097169926 58.7937681760146
v -50 70.71068505453083 50.000012321626485
v -58.79377722740173 70.71068330879469 39.284760160600484
v -58.79376530647278 55.557028097169926 58.7937681760146
v -58.79377722740173 70.71068330879469 39.284760160600484
v -69.13415193557739 55.55702604440212 46.19396913903493
v -39.28474187850952 -83.14695910339147 39.28478224695967
v -50 -70.71066876245526 50.000035362089335
v -58.79377722740173 -70.7106705081914 39.284783201063334
v -39.28474187850952 -83.14695910339147 39.28478224695967
v -58.79377722740173 -70.7106705081914 39.284783201063334
v -46.19396924972534 -83.14696047500773 30.865861610782606
v -65.32813906669617 38.26835325748443 65.3281685947787
v -58.79376530647278 55.557028097169926 58.7937681760146
v -69.13415193557739 55.55702604440212 46.19396913903493
v -65.32813906669617 38.26835325748443 65.3281685947787
v -69.13415193557739 55.55702604440212 46.19396913903493
v -76.81776881217957 38.26835097657089 51.32802101367824
v -27.059799432754517 -92.38795793270336 27.059841306754134
v -39.28474187850952 -83.14695910339147 39.28478224695967
v -46.19396924972534 -83.14696047500773 30.865861610782606
v -27.059799432754517 -92.38795793270336 27.059841306754134
v -46.19396924972534 -83.14696047500773 30.865861610782606
v -31.81895613670349 -92.38795887748934 21.26078620726683
v -69.35197710990906 19.509046647765288 69.35198585241274
v -65.32813906669617 38.26835325748443 65.3281685947787
v -76.81776881217957 38.26835097657089 51.32802101367824
v -69.35197710990906 19.509046647765288 69.35198585241274
v -76.81776881217957 38.26835097657089 51.32802101367824
v -81.54929280281067 19.50904422635936 54.48950211255984
v -70.710688829422 0.000019070024467635653 70.71069478988524
v -69.35197710990906 19.509046647765288 69.35198585241274
v -81.54929280281067 19.50904422635936 54.48950211255984
v -70.710688829422 0.000019070024467635653 70.71069478988524
v -81.54929280281067 19.50904422635936 54.48950211255984
v -83.14696550369263 0.000016601180167646467 55.55703639984008
v -69.35197710990906 -19.509009148857942 69.35199220926086
v -70.710688829422 0.000019070024467635653 70.71069478988524
v -83.14696550369263 0.000016601180167646467 55.55703639984008
v -69.35197710990906 -19.509009148857942 69.35199220926086
v -83.14696550369263 0.000016601180167646467 55.55703639984008
v -81.54929280281067 -19.50901157026387 54.489508469407944
v -65.32813906669617 -38.26831706970216 65.32818106418493
v -69.35197710990906 -19.509009148857942 69.35199220926086
v -81.54929280281067 -19.50901157026387 54.489508469407944
v -65.32813906669617 -38.26831706970216 65.32818106418493
v -81.54929280281067 -19.50901157026387 54.489508469407944
v -76.81776881217957 -38.26831935061569 51.32803348308447
v -39.28475081920624 83.14696594353222 39.284773035634075
v -27.059805393218994 92.38795482898634 27.059820143633853
v -31.818965077400208 92.38795388420034 21.26076504414655
v -39.28475081920624 83.14696594353222 39.284773035634075
v -31.818965077400208 92.38795388420034 21.26076504414655
v -46.19397819042206 83.14696457191548 30.865849419224773
v -58.79376530647278 -55.557008939725826 58.793786278788865
v -65.32813906669617 -38.26831706970216 65.32818106418493
v -76.81776881217957 -38.26831935061569 51.32803348308447
v -58.79376530647278 -55.557008939725826 58.793786278788865
v -76.81776881217957 -38.26831935061569 51.32803348308447
v -69.13415193557739 -55.55701099249363 46.19398724180919
v -50 70.71068505453083 50.000012321626485
v -39.28475081920624 83.14696594353222 39.284773035634075
v -46.19397819042206 83.14696457191548 30.865849419224773
v -50 70.71068505453083 50.000012321626485
v -46.19397819042206 83.14696457191548 30.865849419224773
v -58.79377722740173 70.71068330879469 39.284760160600484
v -81.54929280281067 -19.50901157026387 54.489508469407944
v -83.14696550369263 0.000016601180167646467 55.55703639984008
v -92.38795042037964 0.000013784496395487153 38.268354535101615
v -81.54929280281067 -19.50901157026387 54.489508469407944
v -92.38795042037964 0.000013784496395487153 38.268354535101615
v -90.61271548271179 -19.509014332825306 37.53302713186064
v -76.81776881217957 -38.26831935061569 51.32803348308447
v -81.54929280281067 -19.50901157026387 54.489508469407944
v -90.61271548271179 -19.509014332825306 37.53302713186064
v -76.81776881217957 -38.26831935061569 51.32803348308447
v -90.61271548271179 -19.509014332825306 37.53302713186064
v -85.35533547401428 -38.26832195289164 35.35537747150305
v -46.19397819042206 83.14696457191548 30.865849419224773
v -31.818965077400208 92.38795388420034 21.26076504414655
v -35.35533547401428 92.38795280630195 14.644671825819982
v -46.19397819042206 83.14696457191548 30.865849419224773
v -35.35533547401428 92.38795280630195 14.644671825819982
v -51.32799744606018 83.14696300704935 21.260769529927288
v -69.13415193557739 -55.55701099249363 46.19398724180919
v -76.81776881217957 -38.26831935061569 51.32803348308447
v -85.35533547401428 -38.26832195289164 35.35537747150305
v -69.13415193557739 -55.55701099249363 46.19398724180919
v -85.35533547401428 -38.26832195289164 35.35537747150305
v -76.81774497032166 -55.557013334480025 31.818977109019574
v -58.79377722740173 70.71068330879469 39.284760160600484
v -46.19397819042206 83.14696457191548 30.865849419224773
v -51.32799744606018 83.14696300704935 21.260769529927288
v -58.79377722740173 70.71068330879469 39.284760160600484
v -51.32799744606018 83.14696300704935 21.260769529927288
v -65.32814502716064 70.71068131709828 27.059814734613237
v -58.79377722740173 -70.7106705081914 39.284783201063334
v -69.13415193557739 -55.55701099249363 46.19398724180919
v -76.81774497032166 -55.557013334480025 31.818977109019574
v -58.79377722740173 -70.7106705081914 39.284783201063334
v -76.81774497032166 -55.557013334480025 31.818977109019574
v -65.32814502716064 -70.7106724998878 27.059837775076094
v -69.13415193557739 55.55702604440212 46.19396913903493
v -58.79377722740173 70.71068330879469 39.284760160600484
v -65.32814502716064 70.71068131709828 27.059814734613237
v -69.13415193557739 55.55702604440212 46.19396913903493
v -65.32814502716064 70.71068131709828 27.059814734613237
v -76.81774497032166 55.55702370241573 31.81895900624532
v -46.19396924972534 -83.14696047500773 30.865861610782606
v -58.79377722740173 -70.7106705081914 39.284783201063334
v -65.32814502716064 -70.7106724998878 27.059837775076094
v -46.19396924972534 -83.14696047500773 30.865861610782606
v -65.32814502716064 -70.7106724998878 27.059837775076094
v -51.327985525131226 -83.14696203987289 21.260787681949598
v -76.81776881217957 38.26835097657089 51.32802101367824
v -69.13415193557739 55.55702604440212 46.19396913903493
v -76.81774497032166 55.55702370241573 31.81895900624532
v -76.81776881217957 38.26835097657089 51.32802101367824
v -76.81774497032166 55.55702370241573 31.81895900624532
v -85.35533547401428 38.268348374294945 35.35536500209682
v -31.81895613670349 -92.38795887748934 21.26078620726683
v -46.19396924972534 -83.14696047500773 30.865861610782606
v -51.327985525131226 -83.14696203987289 21.260787681949598
v -31.81895613670349 -92.38795887748934 21.26078620726683
v -51.327985525131226 -83.14696203987289 21.260787681949598
v -35.355326533317566 -92.38795995538725 14.644695969172501
v -81.54929280281067 19.50904422635936 54.48950211255984
v -76.81776881217957 38.26835097657089 51.32802101367824
v -85.35533547401428 38.268348374294945 35.35536500209682
v -81.54929280281067 19.50904422635936 54.48950211255984
v -85.35533547401428 38.268348374294945 35.35536500209682
v -90.61271548271179 19.509041463797924 37.53302077501254
v -83.14696550369263 0.000016601180167646467 55.55703639984008
v -81.54929280281067 19.50904422635936 54.48950211255984
v -90.61271548271179 19.509041463797924 37.53302077501254
v -83.14696550369263 0.000016601180167646467 55.55703639984008
v -90.61271548271179 19.509041463797924 37.53302077501254
v -92.38795042037964 0.000013784496395487153 38.268354535101615
v -76.81774497032166 55.55702370241573 31.81895900624532
v -65.32814502716064 70.71068131709828 27.059814734613237
v -69.35198903083801 70.71067915598191 13.794976873552141
v -76.81774497032166 55.55702370241573 31.81895900624532
v -69.35198903083801 70.71067915598191 13.794976873552141
v -81.54928088188171 55.55702116121264 16.221165546353046
v -51.327985525131226 -83.14696203987289 21.260787681949598
v -65.32814502716064 -70.7106724998878 27.059837775076094
v -69.35198903083801 -70.71067466100418 13.794999914014998
v -51.327985525131226 -83.14696203987289 21.260787681949598
v -69.35198903083801 -70.71067466100418 13.794999914014998
v -54.48949933052063 -83.14696373785046 10.838675634277326
v -85.35533547401428 38.268348374294945 35.35536500209682
v -76.81774497032166 55.55702370241573 31.81895900624532
v -81.54928088188171 55.55702116121264 16.221165546353046
v -85.35533547401428 38.268348374294945 35.35536500209682
v -81.54928088188171 55.55702116121264 16.221165546353046
v -90.6127393245697 38.26834555066065 18.02402111286037
v -35.355326533317566 -92.38795995538725 14.644695969172501
v -51.327985525131226 -83.14696203987289 21.260787681949598
v -54.48949933052063 -83.14696373785046 10.838675634277326
v -35.355326533317566 -92.38795995538725 14.644695969172501
v -54.48949933052063 -83.14696373785046 10.838675634277326
v -37.53301203250885 -92.38796112497444 7.465820910283111
v -90.61271548271179 19.509041463797924 37.53302077501254
v -85.35533547401428 38.268348374294945 35.35536500209682
v -90.6127393245697 38.26834555066065 18.02402111286037
v -90.61271548271179 19.509041463797924 37.53302077501254
v -90.6127393245697 38.26834555066065 18.02402111286037
v -96.19393944740295 19.50903846624486 19.134171108893916
v -92.38795042037964 0.000013784496395487153 38.268354535101615
v -90.61271548271179 19.509041463797924 37.53302077501254
v -96.19393944740295 19.50903846624486 19.134171108893916
v -92.38795042037964 0.000013784496395487153 38.268354535101615
v -96.19393944740295 19.50903846624486 19.134171108893916
v -98.07851910591125 0.000010728216850358264 19.5090442895877
v -90.61271548271179 -19.509014332825306 37.53302713186064
v -92.38795042037964 0.000013784496395487153 38.268354535101615
v -98.07851910591125 0.000010728216850358264 19.5090442895877
v -90.61271548271179 -19.509014332825306 37.53302713186064
v -98.07851910591125 0.000010728216850358264 19.5090442895877
v -96.19393944740295 -19.50901733037837 19.134177465742024
v -85.35533547401428 -38.26832195289164 35.35537747150305
v -90.61271548271179 -19.509014332825306 37.53302713186064
v -96.19393944740295 -19.50901733037837 19.134177465742024
v -85.35533547401428 -38.26832195289164 35.35537747150305
v -96.19393944740295 -19.50901733037837 19.134177465742024
v -90.6127393245697 -38.26832477652594 18.024033582266597
v -51.32799744606018 83.14696300704935 21.260769529927288
v -35.35533547401428 92.38795280630195 14.644671825819982
v -37.533020973205566 92.38795163671452 7.4657952768144735
v -51.32799744606018 83.14696300704935 21.260769529927288
v -37.533020973205566 92.38795163671452 7.4657952768144735
v -54.489511251449585 83.14696130907106 10.83865301190666
v -76.81774497032166 -55.557013334480025 31.818977109019574
v -85.35533547401428 -38.26832195289164 35.35537747150305
v -90.6127393245697 -38.26832477652594 18.024033582266597
v -76.81774497032166 -55.557013334480025 31.818977109019574
v -90.6127393245697 -38.26832477652594 18.024033582266597
v -81.54928088188171 -55.55701587568311 16.2211836491273
v -65.32814502716064 70.71068131709828 27.059814734613237
v -51.32799744606018 83.14696300704935 21.260769529927288
v -54.489511251449585 83.14696130907106 10.83865301190666
v -65.32814502716064 70.71068131709828 27.059814734613237
v -54.489511251449585 83.14696130907106 10.83865301190666
v -69.35198903083801 70.71067915598191 13.794976873552141
v -65.32814502716064 -70.7106724998878 27.059837775076094
v -76.81774497032166 -55.557013334480025 31.818977109019574
v -81.54928088188171 -55.55701587568311 16.2211836491273
v -65.32814502716064 -70.7106724998878 27.059837775076094
v -81.54928088188171 -55.55701587568311 16.2211836491273
v -69.35198903083801 -70.71067466100418 13.794999914014998
v -96.19393944740295 -19.50901733037837 19.134177465742024
v -98.07851910591125 0.000010728216850358264 19.5090442895877
v -99.99998211860657 0.000007549792413344899 0.000014037139997146449
v -96.19393944740295 -19.50901733037837 19.134177465742024
v -99.99998211860657 0.000007549792413344899 0.000014037139997146449
v -98.07848334312439 -19.50902044772946 0.000012745215708631352
v -90.6127393245697 -38.26832477652594 18.024033582266597
v -96.19393944740295 -19.50901733037837 19.134177465742024
v -98.07848334312439 -19.50902044772946 0.000012745215708631352
v -90.6127393245697 -38.26832477652594 18.024033582266597
v -98.07848334312439 -19.50902044772946 0.000012745215708631352
v -92.38794445991516 -38.268327713007494 0.00003815323655899027
v -54.489511251449585 83.14696130907106 10.83865301190666
v -37.533020973205566 92.38795163671452 7.4657952768144735
v -38.26833665370941 92.38795042038423 0.000013141336834296835
v -54.489511251449585 83.14696130907106 10.83865301190666
v -38.26833665370941 92.38795042038423 0.000013141336834296835
v -55.557018518447876 83.14695954323274 0.000014646885333944619
v -81.54928088188171 -55.55701587568311 16.2211836491273
v -90.6127393245697 -38.26832477652594 18.024033582266597
v -92.38794445991516 -38.268327713007494 0.00003815323655899027
v -81.54928088188171 -55.55701587568311 16.2211836491273
v -92.38794445991516 -38.268327713007494 0.00003815323655899027
v -83.14692378044128 -55.55701851844559 0.000023088528355156765
v -69.35198903083801 70.71067915598191 13.794976873552141
v -54.489511251449585 83.14696130907106 10.83865301190666
v -55.557018518447876 83.14695954323274 0.000014646885333944619
v -69.35198903083801 70.71067915598191 13.794976873552141
v -55.557018518447876 83.14695954323274 0.000014646885333944619
v -70.71067094802856 70.71067690849605 0.000006987258157335093
v -69.35198903083801 -70.71067466100418 13.794999914014998
v -81.54928088188171 -55.55701587568311 16.2211836491273
v -83.14692378044128 -55.55701851844559 0.000023088528355156765
v -69.35198903083801 -70.71067466100418 13.794999914014998
v -83.14692378044128 -55.55701851844559 0.000023088528355156765
v -70.71067094802856 -70.71067690849003 0.000030027721013300248
v -81.54928088188171 55.55702116121264 16.221165546353046
v -69.35198903083801 70.71067915598191 13.794976873552141
v -70.71067094802856 70.71067690849605 0.000006987258157335093
v -81.54928088188171 55.55702116121264 16.221165546353046
v -70.71067094802856 70.71067690849605 0.000006987258157335093
v -83.14692378044128 55.557018518450164 0.000004985754099169984
v -54.48949933052063 -83.14696373785046 10.838675634277326
v -69.35198903083801 -70.71067466100418 13.794999914014998
v -70.71067094802856 -70.71067690849003 0.000030027721013300248
v -54.48949933052063 -83.14696373785046 10.838675634277326
v -70.71067094802856 -70.71067690849003 0.000030027721013300248
v -55.55700659751892 -83.14696550368839 0.00003950443018069844
v -90.6127393245697 38.26834555066065 18.02402111286037
v -81.54928088188171 55.55702116121264 16.221165546353046
v -83.14692378044128 55.557018518450164 0.000004985754099169984
v -90.6127393245697 38.26834555066065 18.02402111286037
v -83.14692378044128 55.557018518450164 0.000004985754099169984
v -92.38794445991516 38.26834261417909 0.00002568383033286357
v -37.53301203250885 -92.38796112497444 7.465820910283111
v -54.48949933052063 -83.14696373785046 10.838675634277326
v -55.55700659751892 -83.14696550368839 0.00003950443018069844
v -37.53301203250885 -92.38796112497444 7.465820910283111
v -55.55700659751892 -83.14696550368839 0.00003950443018069844
v -38.26832473278046 -92.38796234130449 0.000040264921591736755
v -96.19393944740295 19.50903846624486 19.134171108893916
v -90.6127393245697 38.26834555066065 18.02402111286037
v -92.38794445991516 38.26834261417909 0.00002568383033286357
v -96.19393944740295 19.50903846624486 19.134171108893916
v -92.38794445991516 38.26834261417909 0.00002568383033286357
v -98.07848334312439 19.50903534889377 0.000006388367601679518
v -98.07851910591125 0.000010728216850358264 19.5090442895877
v -96.19393944740295 19.50903846624486 19.134171108893916
v -98.07848334312439 19.50903534889377 0.000006388367601679518
v -98.07851910591125 0.000010728216850358264 19.5090442895877
v -98.07848334312439 19.50903534889377 0.000006388367601679518
v -99.99998211860657 0.000007549792413344899 0.000014037139997146449
v -55.55700659751892 -83.14696550368839 0.00003950443018069844
v -70.71067094802856 -70.71067690849003 0.000030027721013300248
v -69.35198307037354 -70.7106791559756 -13.794938130533037
v -55.55700659751892 -83.14696550368839 0.00003950443018069844
v -69.35198307037354 -70.7106791559756 -13.794938130533037
v -54.48949337005615 -83.14696726952606 -10.838594897377032
v -92.38794445991516 38.26834261417909 0.00002568383033286357
v -83.14692378044128 55.557018518450164 0.000004985754099169984
v -81.54926896095276 55.557015875687725 -16.221155336921033
v -92.38794445991516 38.26834261417909 0.00002568383033286357
v -81.54926896095276 55.557015875687725 -16.221155336921033
v -90.61273336410522 38.26833967769757 -18.02396950727589
v -38.26832473278046 -92.38796234130449 0.000040264921591736755
v -55.55700659751892 -83.14696550368839 0.00003950443018069844
v -54.48949337005615 -83.14696726952606 -10.838594897377032
v -38.26832473278046 -92.38796234130449 0.000040264921591736755
v -54.48949337005615 -83.14696726952606 -10.838594897377032
v -37.53300905227661 -92.38796355763436 -7.465739397458054
v -98.07848334312439 19.50903534889377 0.000006388367601679518
v -92.38794445991516 38.26834261417909 0.00002568383033286357
v -90.61273336410522 38.26833967769757 -18.02396950727589
v -98.07848334312439 19.50903534889377 0.000006388367601679518
v -90.61273336410522 38.26833967769757 -18.02396950727589
v -96.19392156600952 19.50903223154296 -19.13415660411878
v -99.99998211860657 0.000007549792413344899 0.000014037139997146449
v -98.07848334312439 19.50903534889377 0.000006388367601679518
v -96.19392156600952 19.50903223154296 -19.13415660411878
v -99.99998211860657 0.000007549792413344899 0.000014037139997146449
v -96.19392156600952 19.50903223154296 -19.13415660411878
v -98.07850122451782 0.000004371368015094243 -19.50901597738389
v -98.07848334312439 -19.50902044772946 0.000012745215708631352
v -99.99998211860657 0.000007549792413344899 0.000014037139997146449
v -98.07850122451782 0.000004371368015094243 -19.50901597738389
v -98.07848334312439 -19.50902044772946 0.000012745215708631352
v -98.07850122451782 0.000004371368015094243 -19.50901597738389
v -96.19392156600952 -19.50902356508027 -19.13415024727067
v -92.38794445991516 -38.268327713007494 0.00003815323655899027
v -98.07848334312439 -19.50902044772946 0.000012745215708631352
v -96.19392156600952 -19.50902356508027 -19.13415024727067
v -92.38794445991516 -38.268327713007494 0.00003815323655899027
v -96.19392156600952 -19.50902356508027 -19.13415024727067
v -90.61273336410522 -38.268330649489016 -18.023957037869664
v -55.557018518447876 83.14695954323274 0.000014646885333944619
v -38.26833665370941 92.38795042038423 0.000013141336834296835
v -37.533020973205566 92.38794920405398 -7.46576875621699
v -55.557018518447876 83.14695954323274 0.000014646885333944619
v -37.533020973205566 92.38794920405398 -7.46576875621699
v -54.48950529098511 83.14695777739472 -10.838621990096057
v -83.14692378044128 -55.55701851844559 0.000023088528355156765
v -92.38794445991516 -38.268327713007494 0.00003815323655899027
v -90.61273336410522 -38.268330649489016 -18.023957037869664
v -83.14692378044128 -55.55701851844559 0.000023088528355156765
v -90.61273336410522 -38.268330649489016 -18.023957037869664
v -81.54926896095276 -55.55702116120803 -16.221137234146777
v -70.71067094802856 70.71067690849605 0.000006987258157335093
v -55.557018518447876 83.14695954323274 0.000014646885333944619
v -54.48950529098511 83.14695777739472 -10.838621990096057
v -70.71067094802856 70.71067690849605 0.000006987258157335093
v -54.48950529098511 83.14695777739472 -10.838621990096057
v -69.35198307037354 70.71067466101049 -13.794961170995894
v -70.71067094802856 -70.71067690849003 0.000030027721013300248
v -83.14692378044128 -55.55701851844559 0.000023088528355156765
v -81.54926896095276 -55.55702116120803 -16.221137234146777
v -70.71067094802856 -70.71067690849003 0.000030027721013300248
v -81.54926896095276 -55.55702116120803 -16.221137234146777
v -69.35198307037354 -70.7106791559756 -13.794938130533037
v -83.14692378044128 55.557018518450164 0.000004985754099169984
v -70.71067094802856 70.71067690849605 0.000006987258157335093
v -69.35198307037354 70.71067466101049 -13.794961170995894
v -83.14692378044128 55.557018518450164 0.000004985754099169984
v -69.35198307037354 70.71067466101049 -13.794961170995894
v -81.54926896095276 55.557015875687725 -16.221155336921033
v -90.61273336410522 -38.268330649489016 -18.023957037869664
v -96.19392156600952 -19.50902356508027 -19.13415024727067
v -90.6126856803894 -19.50902656263236 -37.53299395292482
v -90.61273336410522 -38.268330649489016 -18.023957037869664
v -90.6126856803894 -19.50902656263236 -37.53299395292482
v -85.3553295135498 -38.26833347312307 -35.355299436989995
v -54.48950529098511 83.14695777739472 -10.838621990096057
v -37.533020973205566 92.38794920405398 -7.46576875621699
v -35.35533249378204 92.38794803446655 -14.644645305222499
v -54.48950529098511 83.14695777739472 -10.838621990096057
v -35.35533249378204 92.38794803446655 -14.644645305222499
v -51.327985525131226 83.14695607941667 -21.26073701800057
v -81.54926896095276 -55.55702116120803 -16.221137234146777
v -90.61273336410522 -38.268330649489016 -18.023957037869664
v -85.3553295135498 -38.26833347312307 -35.355299436989995
v -81.54926896095276 -55.55702116120803 -16.221137234146777
v -85.3553295135498 -38.26833347312307 -35.355299436989995
v -76.81772708892822 -55.55702370241038 -31.818926223690692
v -69.35198307037354 70.71067466101049 -13.794961170995894
v -54.48950529098511 83.14695777739472 -10.838621990096057
v -51.327985525131226 83.14695607941667 -21.26073701800057
v -69.35198307037354 70.71067466101049 -13.794961170995894
v -51.327985525131226 83.14695607941667 -21.26073701800057
v -65.32813310623169 70.7106724998946 -27.05979605182475
v -69.35198307037354 -70.7106791559756 -13.794938130533037
v -81.54926896095276 -55.55702116120803 -16.221137234146777
v -76.81772708892822 -55.55702370241038 -31.818926223690692
v -69.35198307037354 -70.7106791559756 -13.794938130533037
v -76.81772708892822 -55.55702370241038 -31.818926223690692
v -65.32813310623169 -70.71068131709148 -27.059773011361894
v -81.54926896095276 55.557015875687725 -16.221155336921033
v -69.35198307037354 70.71067466101049 -13.794961170995894
v -65.32813310623169 70.7106724998946 -27.05979605182475
v -81.54926896095276 55.557015875687725 -16.221155336921033
v -65.32813310623169 70.7106724998946 -27.05979605182475
v -76.81772708892822 55.55701333448537 -31.818944326464948
v -54.48949337005615 -83.14696726952606 -10.838594897377032
v -69.35198307037354 -70.7106791559756 -13.794938130533037
v -65.32813310623169 -70.71068131709148 -27.059773011361894
v -54.48949337005615 -83.14696726952606 -10.838594897377032
v -65.32813310623169 -70.71068131709148 -27.059773011361894
v -51.32797360420227 -83.14696896750362 -21.260706945049304
v -90.61273336410522 38.26833967769757 -18.02396950727589
v -81.54926896095276 55.557015875687725 -16.221155336921033
v -76.81772708892822 55.55701333448537 -31.818944326464948
v -90.61273336410522 38.26833967769757 -18.02396950727589
v -76.81772708892822 55.55701333448537 -31.818944326464948
v -85.3553295135498 38.26833685406351 -35.355311906396224
v -37.53300905227661 -92.38796355763436 -7.465739397458054
v -54.48949337005615 -83.14696726952606 -10.838594897377032
v -51.32797360420227 -83.14696896750362 -21.260706945049304
v -37.53300905227661 -92.38796355763436 -7.465739397458054
v -51.32797360420227 -83.14696896750362 -21.260706945049304
v -35.35532057285309 -92.38796472722144 -14.644613711289383
v -96.19392156600952 19.50903223154296 -19.13415660411878
v -90.61273336410522 38.26833967769757 -18.02396950727589
v -85.3553295135498 38.26833685406351 -35.355311906396224
v -96.19392156600952 19.50903223154296 -19.13415660411878
v -85.3553295135498 38.26833685406351 -35.355311906396224
v -90.6126856803894 19.50902923399087 -37.53300030977292
v -98.07850122451782 0.000004371368015094243 -19.50901597738389
v -96.19392156600952 19.50903223154296 -19.13415660411878
v -90.6126856803894 19.50902923399087 -37.53300030977292
v -98.07850122451782 0.000004371368015094243 -19.50901597738389
v -90.6126856803894 19.50902923399087 -37.53300030977292
v -92.38792061805725 0.0000013150891982775391 -38.26832175254945
v -96.19392156600952 -19.50902356508027 -19.13415024727067
v -98.07850122451782 0.000004371368015094243 -19.50901597738389
v -92.38792061805725 0.0000013150891982775391 -38.26832175254945
v -96.19392156600952 -19.50902356508027 -19.13415024727067
v -92.38792061805725 0.0000013150891982775391 -38.26832175254945
v -90.6126856803894 -19.50902656263236 -37.53299395292482
v -35.35532057285309 -92.38796472722144 -14.644613711289383
v -51.32797360420227 -83.14696896750362 -21.260706945049304
v -46.19395136833191 -83.1469705323683 -30.865777893650073
v -35.35532057285309 -92.38796472722144 -14.644613711289383
v -46.19395136833191 -83.1469705323683 -30.865777893650073
v -31.818944215774536 -92.38796580511887 -21.260700969151475
v -90.6126856803894 19.50902923399087 -37.53300030977292
v -85.3553295135498 38.26833685406351 -35.355311906396224
v -76.81776285171509 38.26833425178757 -51.327967917977645
v -90.6126856803894 19.50902923399087 -37.53300030977292
v -76.81776285171509 38.26833425178757 -51.327967917977645
v -81.5492570400238 19.50902647143089 -54.48947270662351
v -92.38792061805725 0.0000013150891982775391 -38.26832175254945
v -90.6126856803894 19.50902923399087 -37.53300030977292
v -81.5492570400238 19.50902647143089 -54.48947270662351
v -92.38792061805725 0.0000013150891982775391 -38.26832175254945
v -81.5492570400238 19.50902647143089 -54.48947270662351
v -83.14692378044128 -0.000001501593117257402 -55.556994676591195
v -90.6126856803894 -19.50902656263236 -37.53299395292482
v -92.38792061805725 0.0000013150891982775391 -38.26832175254945
v -83.14692378044128 -0.000001501593117257402 -55.556994676591195
v -90.6126856803894 -19.50902656263236 -37.53299395292482
v -83.14692378044128 -0.000001501593117257402 -55.556994676591195
v -81.5492570400238 -19.50902932519234 -54.489466349775405
v -85.3553295135498 -38.26833347312307 -35.355299436989995
v -90.6126856803894 -19.50902656263236 -37.53299395292482
v -81.5492570400238 -19.50902932519234 -54.489466349775405
v -85.3553295135498 -38.26833347312307 -35.355299436989995
v -81.5492570400238 -19.50902932519234 -54.489466349775405
v -76.81776285171509 -38.26833607539901 -51.327955448571416
v -51.327985525131226 83.14695607941667 -21.26073701800057
v -35.35533249378204 92.38794803446655 -14.644645305222499
v -31.81895613670349 92.38794695656864 -21.26073554331683
v -51.327985525131226 83.14695607941667 -21.26073701800057
v -31.81895613670349 92.38794695656864 -21.26073554331683
v -46.193963289260864 83.14695451455151 -30.865810946833577
v -76.81772708892822 -55.55702370241038 -31.818926223690692
v -85.3553295135498 -38.26833347312307 -35.355299436989995
v -76.81776285171509 -38.26833607539901 -51.327955448571416
v -76.81772708892822 -55.55702370241038 -31.818926223690692
v -76.81776285171509 -38.26833607539901 -51.327955448571416
v -69.134122133255 -55.55702604439581 -46.19393039601582
v -65.32813310623169 70.7106724998946 -27.05979605182475
v -51.327985525131226 83.14695607941667 -21.26073701800057
v -46.193963289260864 83.14695451455151 -30.865810946833577
v -65.32813310623169 70.7106724998946 -27.05979605182475
v -46.193963289260864 83.14695451455151 -30.865810946833577
v -58.79376530647278 70.71067050819917 -39.284735517347514
v -65.32813310623169 -70.71068131709148 -27.059773011361894
v -76.81772708892822 -55.55702370241038 -31.818926223690692
v -69.134122133255 -55.55702604439581 -46.19393039601582
v -65.32813310623169 -70.71068131709148 -27.059773011361894
v -69.134122133255 -55.55702604439581 -46.19393039601582
v -58.79376530647278 -70.71068330878691 -39.284712476884664
v -76.81772708892822 55.55701333448537 -31.818944326464948
v -65.32813310623169 70.7106724998946 -27.05979605182475
v -58.79376530647278 70.71067050819917 -39.284735517347514
v -76.81772708892822 55.55701333448537 -31.818944326464948
v -58.79376530647278 70.71067050819917 -39.284735517347514
v -69.134122133255 55.55701099249994 -46.193948498790085
v -51.32797360420227 -83.14696896750362 -21.260706945049304
v -65.32813310623169 -70.71068131709148 -27.059773011361894
v -58.79376530647278 -70.71068330878691 -39.284712476884664
v -51.32797360420227 -83.14696896750362 -21.260706945049304
v -58.79376530647278 -70.71068330878691 -39.284712476884664
v -46.19395136833191 -83.1469705323683 -30.865777893650073
v -85.3553295135498 38.26833685406351 -35.355311906396224
v -76.81772708892822 55.55701333448537 -31.818944326464948
v -69.134122133255 55.55701099249994 -46.193948498790085
v -85.3553295135498 38.26833685406351 -35.355311906396224
v -69.134122133255 55.55701099249994 -46.193948498790085
v -76.81776285171509 38.26833425178757 -51.327967917977645
v -46.193963289260864 83.14695451455151 -30.865810946833577
v -31.81895613670349 92.38794695656864 -21.26073554331683
v -27.05979347229004 92.38794601178363 -27.059784682339657
v -46.193963289260864 83.14695451455151 -30.865810946833577
v -27.05979347229004 92.38794601178363 -27.059784682339657
v -39.284732937812805 83.14695314293573 -39.2847286027784
v -69.134122133255 -55.55702604439581 -46.19393039601582
v -76.81776285171509 -38.26833607539901 -51.327955448571416
v -65.32813906669617 -38.268338356312555 -65.32810302967188
v -69.134122133255 -55.55702604439581 -46.19393039601582
v -65.32813906669617 -38.268338356312555 -65.32810302967188
v -58.79372954368591 -55.55702809716313 -58.79372645276326
v -58.79376530647278 70.71067050819917 -39.284735517347514
v -46.193963289260864 83.14695451455151 -30.865810946833577
v -39.284732937812805 83.14695314293573 -39.2847286027784
v -58.79376530647278 70.71067050819917 -39.284735517347514
v -39.284732937812805 83.14695314293573 -39.2847286027784
v -49.999985098838806 70.71066876246351 -49.999984698141276
v -58.79376530647278 -70.71068330878691 -39.284712476884664
v -69.134122133255 -55.55702604439581 -46.19393039601582
v -58.79372954368591 -55.55702809716313 -58.79372645276326
v -58.79376530647278 -70.71068330878691 -39.284712476884664
v -58.79372954368591 -55.55702809716313 -58.79372645276326
v -49.999985098838806 -70.71068505452257 -49.999961657678426
v -69.134122133255 55.55701099249994 -46.193948498790085
v -58.79376530647278 70.71067050819917 -39.284735517347514
v -49.999985098838806 70.71066876246351 -49.999984698141276
v -69.134122133255 55.55701099249994 -46.193948498790085
v -49.999985098838806 70.71066876246351 -49.999984698141276
v -58.79372954368591 55.55700893973262 -58.79374455553752
v -46.19395136833191 -83.1469705323683 -30.865777893650073
v -58.79376530647278 -70.71068330878691 -39.284712476884664
v -49.999985098838806 -70.71068505452257 -49.999961657678426
v -46.19395136833191 -83.1469705323683 -30.865777893650073
v -49.999985098838806 -70.71068505452257 -49.999961657678426
v -39.28472399711609 -83.14697190398358 -39.284692569362655
v -76.81776285171509 38.26833425178757 -51.327967917977645
v -69.134122133255 55.55701099249994 -46.193948498790085
v -58.79372954368591 55.55700893973262 -58.79374455553752
v -76.81776285171509 38.26833425178757 -51.327967917977645
v -58.79372954368591 55.55700893973262 -58.79374455553752
v -65.32813906669617 38.26833197087403 -65.32811549907811
v -31.818944215774536 -92.38796580511887 -21.260700969151475
v -46.19395136833191 -83.1469705323683 -30.865777893650073
v -39.28472399711609 -83.14697190398358 -39.284692569362655
v -31.818944215774536 -92.38796580511887 -21.260700969151475
v -39.28472399711609 -83.14697190398358 -39.284692569362655
v -27.05978751182556 -92.38796674990364 -27.059748618058183
v -81.5492570400238 19.50902647143089 -54.48947270662351
v -76.81776285171509 38.26833425178757 -51.327967917977645
v -65.32813906669617 38.26833197087403 -65.32811549907811
v -81.5492570400238 19.50902647143089 -54.48947270662351
v -65.32813906669617 38.26833197087403 -65.32811549907811
v -69.35193538665771 19.509024050027875 -69.35193856508299
v -83.14692378044128 -0.000001501593117257402 -55.556994676591195
v -81.5492570400238 19.50902647143089 -54.48947270662351
v -69.35193538665771 19.509024050027875 -69.35193856508299
v -83.14692378044128 -0.000001501593117257402 -55.556994676591195
v -69.35193538665771 19.509024050027875 -69.35193856508299
v -70.7106351852417 -0.000003970435475080762 -70.71064114570741
v -81.5492570400238 -19.50902932519234 -54.489466349775405
v -83.14692378044128 -0.000001501593117257402 -55.556994676591195
v -70.7106351852417 -0.000003970435475080762 -70.71064114570741
v -81.5492570400238 -19.50902932519234 -54.489466349775405
v -70.7106351852417 -0.000003970435475080762 -70.71064114570741
v -69.35193538665771 -19.509031746595355 -69.35193220823487
v -76.81776285171509 -38.26833607539901 -51.327955448571416
v -81.5492570400238 -19.50902932519234 -54.489466349775405
v -69.35193538665771 -19.509031746595355 -69.35193220823487
v -76.81776285171509 -38.26833607539901 -51.327955448571416
v -69.35193538665771 -19.509031746595355 -69.35193220823487
v -65.32813906669617 -38.268338356312555 -65.32810302967188
v -69.35193538665771 19.509024050027875 -69.35193856508299
v -65.32813906669617 38.26833197087403 -65.32811549907811
v -51.327985525131226 38.26833009897673 -76.81773928409703
v -69.35193538665771 19.509024050027875 -69.35193856508299
v -51.327985525131226 38.26833009897673 -76.81773928409703
v -54.48945760726929 19.509022062833903 -81.54924829752012
v -70.7106351852417 -0.000003970435475080762 -70.71064114570741
v -69.35193538665771 19.509024050027875 -69.35193856508299
v -54.48945760726929 19.509022062833903 -81.54924829752012
v -70.7106351852417 -0.000003970435475080762 -70.71064114570741
v -54.48945760726929 19.509022062833903 -81.54924829752012
v -55.55698275566101 -0.0000059965611323063815 -83.14691185951357
v -69.35193538665771 -19.509031746595355 -69.35193220823487
v -70.7106351852417 -0.000003970435475080762 -70.71064114570741
v -55.55698275566101 -0.0000059965611323063815 -83.14691185951357
v -69.35193538665771 -19.509031746595355 -69.35193220823487
v -55.55698275566101 -0.0000059965611323063815 -83.14691185951357
v -54.48945760726929 -19.509033733789327 -81.549241940672
v -65.32813906669617 -38.268338356312555 -65.32810302967188
v -69.35193538665771 -19.509031746595355 -69.35193220823487
v -54.48945760726929 -19.509033733789327 -81.549241940672
v -65.32813906669617 -38.268338356312555 -65.32810302967188
v -54.48945760726929 -19.509033733789327 -81.549241940672
v -51.327985525131226 -38.26834022820985 -76.8177268146908
v -39.284732937812805 83.14695314293573 -39.2847286027784
v -27.05979347229004 92.38794601178363 -27.059784682339657
v -21.260741353034973 92.38794523641859 -31.818941386288632
v -39.284732937812805 83.14695314293573 -39.2847286027784
v -21.260741353034973 92.38794523641859 -31.818941386288632
v -30.865812301635742 83.14695201728021 -46.19395299376198
v -58.79372954368591 -55.55702809716313 -58.79372645276326
v -65.32813906669617 -38.268338356312555 -65.32810302967188
v -51.327985525131226 -38.26834022820985 -76.8177268146908
v -58.79372954368591 -55.55702809716313 -58.79372645276326
v -51.327985525131226 -38.26834022820985 -76.8177268146908
v -46.19393050670624 -55.55702978182496 -69.1341071214034
v -49.999985098838806 70.71066876246351 -49.999984698141276
v -39.284732937812805 83.14695314293573 -39.2847286027784
v -30.865812301635742 83.14695201728021 -46.19395299376198
v -49.999985098838806 70.71066876246351 -49.999984698141276
v -30.865812301635742 83.14695201728021 -46.19395299376198
v -39.284729957580566 70.71066732977584 -58.79375894531077
v -49.999985098838806 -70.71068505452257 -49.999961657678426
v -58.79372954368591 -55.55702809716313 -58.79372645276326
v -46.19393050670624 -55.55702978182496 -69.1341071214034
v -49.999985098838806 -70.71068505452257 -49.999961657678426
v -46.19393050670624 -55.55702978182496 -69.1341071214034
v -39.284729957580566 -70.71068648721024 -58.79373590484792
v -58.79372954368591 55.55700893973262 -58.79374455553752
v -49.999985098838806 70.71066876246351 -49.999984698141276
v -39.284729957580566 70.71066732977584 -58.79375894531077
v -58.79372954368591 55.55700893973262 -58.79374455553752
v -39.284729957580566 70.71066732977584 -58.79375894531077
v -46.19393050670624 55.55700725507079 -69.13412522417765
v -39.28472399711609 -83.14697190398358 -39.284692569362655
v -49.999985098838806 -70.71068505452257 -49.999961657678426
v -39.284729957580566 -70.71068648721024 -58.79373590484792
v -39.28472399711609 -83.14697190398358 -39.284692569362655
v -39.284729957580566 -70.71068648721024 -58.79373590484792
v -30.865806341171265 -83.14697302963911 -46.193916960346236
v -65.32813906669617 38.26833197087403 -65.32811549907811
v -58.79372954368591 55.55700893973262 -58.79374455553752
v -46.19393050670624 55.55700725507079 -69.13412522417765
v -65.32813906669617 38.26833197087403 -65.32811549907811
v -46.19393050670624 55.55700725507079 -69.13412522417765
v -51.327985525131226 38.26833009897673 -76.81773928409703
v -27.05978751182556 -92.38796674990364 -27.059748618058183
v -39.28472399711609 -83.14697190398358 -39.284692569362655
v -30.865806341171265 -83.14697302963911 -46.193916960346236
v -27.05978751182556 -92.38796674990364 -27.059748618058183
v -30.865806341171265 -83.14697302963911 -46.193916960346236
v -21.260736882686615 -92.38796752526868 -31.818905322007158
v -46.19393050670624 -55.55702978182496 -69.1341071214034
v -51.327985525131226 -38.26834022820985 -76.8177268146908
v -35.355329513549805 -38.26834161915503 -85.35528751606104
v -46.19393050670624 -55.55702978182496 -69.1341071214034
v -35.355329513549805 -38.26834161915503 -85.35528751606104
v -31.818920373916626 -55.557031033641145 -76.81770015614767
v -39.284729957580566 70.71066732977584 -58.79375894531077
v -30.865812301635742 83.14695201728021 -46.19395299376198
v -21.260738372802734 83.1469511808428 -51.327969269167866
v -39.284729957580566 70.71066732977584 -58.79375894531077
v -21.260738372802734 83.1469511808428 -51.327969269167866
v -27.05978751182556 70.71066626519222 -65.32812674506968
v -39.284729957580566 -70.71068648721024 -58.79373590484792
v -46.19393050670624 -55.55702978182496 -69.1341071214034
v -31.818920373916626 -55.557031033641145 -76.81770015614767
v -39.284729957580566 -70.71068648721024 -58.79373590484792
v -31.818920373916626 -55.557031033641145 -76.81770015614767
v -27.05978751182556 -70.71068755179387 -65.32810370460683
v -46.19393050670624 55.55700725507079 -69.13412522417765
v -39.284729957580566 70.71066732977584 -58.79375894531077
v -27.05978751182556 70.71066626519222 -65.32812674506968
v -46.19393050670624 55.55700725507079 -69.13412522417765
v -27.05978751182556 70.71066626519222 -65.32812674506968
v -31.818920373916626 55.55700600325461 -76.81771825892191
v -30.865806341171265 -83.14697302963911 -46.193916960346236
v -39.284729957580566 -70.71068648721024 -58.79373590484792
v -27.05978751182556 -70.71068755179387 -65.32810370460683
v -30.865806341171265 -83.14697302963911 -46.193916960346236
v -27.05978751182556 -70.71068755179387 -65.32810370460683
v -21.260732412338257 -83.14697386607604 -51.32793025551988
v -51.327985525131226 38.26833009897673 -76.81773928409703
v -46.19393050670624 55.55700725507079 -69.13412522417765
v -31.818920373916626 55.55700600325461 -76.81771825892191
v -51.327985525131226 38.26833009897673 -76.81773928409703
v -31.818920373916626 55.55700600325461 -76.81771825892191
v -35.355329513549805 38.268328708031554 -85.35529998546727
v -21.260736882686615 -92.38796752526868 -31.818905322007158
v -30.865806341171265 -83.14697302963911 -46.193916960346236
v -21.260732412338257 -83.14697386607604 -51.32793025551988
v -21.260736882686615 -92.38796752526868 -31.818905322007158
v -21.260732412338257 -83.14697386607604 -51.32793025551988
v -14.644648134708405 -92.38796810141703 -35.35527869885347
v -54.48945760726929 19.509022062833903 -81.54924829752012
v -51.327985525131226 38.26833009897673 -76.81773928409703
v -35.355329513549805 38.268328708031554 -85.35529998546727
v -54.48945760726929 19.509022062833903 -81.54924829752012
v -35.355329513549805 38.268328708031554 -85.35529998546727
v -37.532979249954224 19.509020586215904 -90.61266501695677
v -55.55698275566101 -0.0000059965611323063815 -83.14691185951357
v -54.48945760726929 19.509022062833903 -81.54924829752012
v -37.532979249954224 19.509020586215904 -90.61266501695677
v -55.55698275566101 -0.0000059965611323063815 -83.14691185951357
v -37.532979249954224 19.509020586215904 -90.61266501695677
v -38.268303871154785 -0.000007502107689788338 -92.3878908157361
v -54.48945760726929 -19.509033733789327 -81.549241940672
v -55.55698275566101 -0.0000059965611323063815 -83.14691185951357
v -38.268303871154785 -0.000007502107689788338 -92.3878908157361
v -54.48945760726929 -19.509033733789327 -81.549241940672
v -38.268303871154785 -0.000007502107689788338 -92.3878908157361
v -37.532979249954224 -19.509035210407326 -90.61265866010865
v -51.327985525131226 -38.26834022820985 -76.8177268146908
v -54.48945760726929 -19.509033733789327 -81.549241940672
v -37.532979249954224 -19.509035210407326 -90.61265866010865
v -51.327985525131226 -38.26834022820985 -76.8177268146908
v -37.532979249954224 -19.509035210407326 -90.61265866010865
v -35.355329513549805 -38.26834161915503 -85.35528751606104
v -30.865812301635742 83.14695201728021 -46.19395299376198
v -21.260741353034973 92.38794523641859 -31.818941386288632
v -14.644651114940643 92.38794466027024 -35.35531476313494
v -30.865812301635742 83.14695201728021 -46.19395299376198
v -14.644651114940643 92.38794466027024 -35.35531476313494
v -21.260738372802734 83.1469511808428 -51.327969269167866
v -38.268303871154785 -0.000007502107689788338 -92.3878908157361
v -37.532979249954224 19.509020586215904 -90.61266501695677
v -19.13413405418396 19.509019676919113 -96.19388898164793
v -38.268303871154785 -0.000007502107689788338 -92.3878908157361
v -19.13413405418396 19.509019676919113 -96.19388898164793
v -19.508998095989227 -0.000008429218027496766 -98.07845354080324
v -37.532979249954224 -19.509035210407326 -90.61265866010865
v -38.268303871154785 -0.000007502107689788338 -92.3878908157361
v -19.508998095989227 -0.000008429218027496766 -98.07845354080324
v -37.532979249954224 -19.509035210407326 -90.61265866010865
v -19.508998095989227 -0.000008429218027496766 -98.07845354080324
v -19.13413405418396 -19.509036119704117 -96.19388262479981
v -35.355329513549805 -38.26834161915503 -85.35528751606104
v -37.532979249954224 -19.509035210407326 -90.61265866010865
v -19.13413405418396 -19.509036119704117 -96.19388262479981
v -35.355329513549805 -38.26834161915503 -85.35528751606104
v -19.13413405418396 -19.509036119704117 -96.19388262479981
v -18.023987114429474 -38.26834247569483 -90.61269136661646
v -21.260738372802734 83.1469511808428 -51.327969269167866
v -14.644651114940643 92.38794466027024 -35.35531476313494
v -7.465773820877075 92.38794430548023 -37.533000262326226
v -21.260738372802734 83.1469511808428 -51.327969269167866
v -7.465773820877075 92.38794430548023 -37.533000262326226
v -10.838624089956284 83.1469506657678 -54.48947711409279
v -31.818920373916626 -55.557031033641145 -76.81770015614767
v -35.355329513549805 -38.26834161915503 -85.35528751606104
v -18.023987114429474 -38.26834247569483 -90.61269136661646
v -31.818920373916626 -55.557031033641145 -76.81770015614767
v -18.023987114429474 -38.26834247569483 -90.61269136661646
v -16.22113138437271 -55.557031804505215 -81.54923010724325
v -27.05978751182556 70.71066626519222 -65.32812674506968
v -21.260738372802734 83.1469511808428 -51.327969269167866
v -10.838624089956284 83.1469506657678 -54.48947711409279
v -27.05978751182556 70.71066626519222 -65.32812674506968
v -10.838624089956284 83.1469506657678 -54.48947711409279
v -13.794952630996704 70.71066560962579 -69.35196478828257
v -27.05978751182556 -70.71068755179387 -65.32810370460683
v -31.818920373916626 -55.557031033641145 -76.81770015614767
v -16.22113138437271 -55.557031804505215 -81.54923010724325
v -27.05978751182556 -70.71068755179387 -65.32810370460683
v -16.22113138437271 -55.557031804505215 -81.54923010724325
v -13.794952630996704 -70.71068820736029 -69.35194174781972
v -31.818920373916626 55.55700600325461 -76.81771825892191
v -27.05978751182556 70.71066626519222 -65.32812674506968
v -13.794952630996704 70.71066560962579 -69.35196478828257
v -31.818920373916626 55.55700600325461 -76.81771825892191
v -13.794952630996704 70.71066560962579 -69.35196478828257
v -16.22113138437271 55.55700523239054 -81.5492482100175
v -21.260732412338257 -83.14697386607604 -51.32793025551988
v -27.05978751182556 -70.71068755179387 -65.32810370460683
v -13.794952630996704 -70.71068820736029 -69.35194174781972
v -21.260732412338257 -83.14697386607604 -51.32793025551988
v -13.794952630996704 -70.71068820736029 -69.35194174781972
v -10.838620364665985 -83.14697438115104 -54.48943810044481
v -35.355329513549805 38.268328708031554 -85.35529998546727
v -31.818920373916626 55.55700600325461 -76.81771825892191
v -16.22113138437271 55.55700523239054 -81.5492482100175
v -35.355329513549805 38.268328708031554 -85.35529998546727
v -16.22113138437271 55.55700523239054 -81.5492482100175
v -18.023987114429474 38.268327851491755 -90.61270383602269
v -14.644648134708405 -92.38796810141703 -35.35527869885347
v -21.260732412338257 -83.14697386607604 -51.32793025551988
v -10.838620364665985 -83.14697438115104 -54.48943810044481
v -14.644648134708405 -92.38796810141703 -35.35527869885347
v -10.838620364665985 -83.14697438115104 -54.48943810044481
v -7.465772330760956 -92.38796845620702 -37.53296419804475
v -37.532979249954224 19.509020586215904 -90.61266501695677
v -35.355329513549805 38.268328708031554 -85.35529998546727
v -18.023987114429474 38.268327851491755 -90.61270383602269
v -37.532979249954224 19.509020586215904 -90.61266501695677
v -18.023987114429474 38.268327851491755 -90.61270383602269
v -19.13413405418396 19.509019676919113 -96.19388898164793
v -13.794952630996704 70.71066560962579 -69.35196478828257
v -10.838624089956284 83.1469506657678 -54.48947711409279
v 0 83.14695049184004 -55.55703802527138
v -13.794952630996704 70.71066560962579 -69.35196478828257
v 0 83.14695049184004 -55.55703802527138
v 0 70.71066538826162 -70.71068842872447
v -13.794952630996704 -70.71068820736029 -69.35194174781972
v -16.22113138437271 -55.557031804505215 -81.54923010724325
v 0.000027218476361667854 -55.55703206479331 -83.14686704533834
v -13.794952630996704 -70.71068820736029 -69.35194174781972
v 0.000027218476361667854 -55.55703206479331 -83.14686704533834
v 0.00001529754740658973 -70.71068842871767 -70.71062366501027
v -16.22113138437271 55.55700523239054 -81.5492482100175
v -13.794952630996704 70.71066560962579 -69.35196478828257
v 0 70.71066538826162 -70.71068842872447
v -16.22113138437271 55.55700523239054 -81.5492482100175
v 0 70.71066538826162 -70.71068842872447
v 0 55.557004972087874 -83.14697455507975
v -10.838620364665985 -83.14697438115104 -54.48943810044481
v -13.794952630996704 -70.71068820736029 -69.35194174781972
v 0.00001529754740658973 -70.71068842871767 -70.71062366501027
v -10.838620364665985 -83.14697438115104 -54.48943810044481
v 0.00001529754740658973 -70.71068842871767 -70.71062366501027
v 0 -83.14697455507975 -55.557004972087874
v -18.023987114429474 38.268327851491755 -90.61270383602269
v -16.22113138437271 55.55700523239054 -81.5492482100175
v 0 55.557004972087874 -83.14697455507975
v -18.023987114429474 38.268327851491755 -90.61270383602269
v 0 55.557004972087874 -83.14697455507975
v 0 38.268327562266364 -92.38795665508397
v -7.465772330760956 -92.38796845620702 -37.53296419804475
v -10.838620364665985 -83.14697438115104 -54.48943810044481
v 0 -83.14697455507975 -55.557004972087874
v -7.465772330760956 -92.38796845620702 -37.53296419804475
v 0 -83.14697455507975 -55.557004972087874
v 0.000007846966099123165 -92.38796857600467 -38.26827689831636
v -19.13413405418396 19.509019676919113 -96.19388898164793
v -18.023987114429474 38.268327851491755 -90.61270383602269
v 0 38.268327562266364 -92.38795665508397
v -19.13413405418396 19.509019676919113 -96.19388898164793
v 0 38.268327562266364 -92.38795665508397
v 0 19.509019369872405 -98.078528244801
v -19.508998095989227 -0.000008429218027496766 -98.07845354080324
v -19.13413405418396 19.509019676919113 -96.19388898164793
v 0 19.509019369872405 -98.078528244801
v -19.508998095989227 -0.000008429218027496766 -98.07845354080324
v 0 19.509019369872405 -98.078528244801
v 0 -0.000008742277679552263 -100.00000000000124
v -19.13413405418396 -19.509036119704117 -96.19388262479981
v -19.508998095989227 -0.000008429218027496766 -98.07845354080324
v 0 -0.000008742277679552263 -100.00000000000124
v -19.13413405418396 -19.509036119704117 -96.19388262479981
v 0 -0.000008742277679552263 -100.00000000000124
v 0 -19.509036426751795 -98.07852784841737
v -18.023987114429474 -38.26834247569483 -90.61269136661646
v -19.13413405418396 -19.509036119704117 -96.19388262479981
v 0 -19.509036426751795 -98.07852784841737
v -18.023987114429474 -38.26834247569483 -90.61269136661646
v 0 -19.509036426751795 -98.07852784841737
v 0.000006356849979738399 -38.268342764912454 -92.38789650196192
v -10.838624089956284 83.1469506657678 -54.48947711409279
v -7.465773820877075 92.38794430548023 -37.533000262326226
v 0 92.38794418567483 -38.26836064631365
v -10.838624089956284 83.1469506657678 -54.48947711409279
v 0 92.38794418567483 -38.26836064631365
v 0 83.14695049184004 -55.55703802527138
v -16.22113138437271 -55.557031804505215 -81.54923010724325
v -18.023987114429474 -38.26834247569483 -90.61269136661646
v 0.000006356849979738399 -38.268342764912454 -92.38789650196192
v -16.22113138437271 -55.557031804505215 -81.54923010724325
v 0.000006356849979738399 -38.268342764912454 -92.38789650196192
v 0.000027218476361667854 -55.55703206479331 -83.14686704533834
v 38.26836943626404 92.38795042038484 0.00001686662713275875
v 37.53305673599243 92.38794920405337 -7.465772481507289
v 0.3811478614807129 92.38795636849729 -0.07579937750816851
v 38.26836943626404 92.38795042038484 0.00001686662713275875
v 0.3811478614807129 92.38795636849729 -0.07579937750816851
v 0.38861334323883057 92.38795638084876 0.000013481290771881928
v -21.260741353034973 92.38794523641859 -31.818941386288632
v -27.05979347229004 92.38794601178363 -27.059784682339657
v -0.274774432182312 92.38795633608059 -0.2747716026973775
v -21.260741353034973 92.38794523641859 -31.818941386288632
v -0.274774432182312 92.38795633608059 -0.2747716026973775
v -0.21588653326034546 92.38795632820705 -0.3230990486812642
v 7.465790957212448 92.38794430547296 -37.53304496580981
v 0 92.38794418567483 -38.26836064631365
v 0.000009725678751237865 92.38795631753727 -0.38858965212822466
v 7.465790957212448 92.38794430547296 -37.53304496580981
v 0.000009725678751237865 92.38795631753727 -0.38858965212822466
v 0.07582232356071472 92.38795631875357 -0.381124170370107
v -31.81895613670349 92.38794695656864 -21.26073554331683
v -35.35533249378204 92.38794803446655 -14.644645305222499
v -0.3590136766433716 92.38795635662045 -0.14869883830071
v -31.81895613670349 92.38794695656864 -21.26073554331683
v -0.3590136766433716 92.38795635662045 -0.14869883830071
v -0.32310187816619873 92.38795634567465 -0.21588370377541094
v 35.35536825656891 92.3879480344646 -14.644657226151454
v 31.818991899490356 92.38794695656549 -21.260754914826382
v 0.3231227397918701 92.38795634567465 -0.21588370377541094
v 35.35536825656891 92.3879480344646 -14.644657226151454
v 0.3231227397918701 92.38795634567465 -0.21588370377541094
v 0.35903453826904297 92.38795635662045 -0.14869883830071
v -37.533020973205566 92.38794920405398 -7.46576875621699
v -38.26833665370941 92.38795042038423 0.000013141336834296835
v -0.38859546184539795 92.38795638084876 0.00001344346147663006
v -37.533020973205566 92.38794920405398 -7.46576875621699
v -0.38859546184539795 92.38795638084876 0.00001344346147663006
v -0.3811269998550415 92.38795636849729 -0.07579937750816851
v 27.059829235076904 92.38794601177925 -27.059811504429806
v 21.26077115535736 92.38794523641276 -31.818977149075497
v 0.21590739488601685 92.38795632820705 -0.3230990486812642
v 27.059829235076904 92.38794601177925 -27.059811504429806
v 0.21590739488601685 92.38795632820705 -0.3230990486812642
v 0.2747952938079834 92.38795633608059 -0.2747716026973775
v -37.533020973205566 92.38795163671452 7.4657952768144735
v -35.35533547401428 92.38795280630195 14.644671825819982
v -0.3590136766433716 92.387956405077 0.14872535889625044
v -37.533020973205566 92.38795163671452 7.4657952768144735
v -0.3590136766433716 92.387956405077 0.14872535889625044
v -0.3811269998550415 92.3879563932003 0.07582664316176863
v -31.818965077400208 92.38795388420034 21.26076504414655
v -27.059805393218994 92.38795482898634 27.059820143633853
v -0.274774432182312 92.38795642561686 0.2747981232929179
v -31.818965077400208 92.38795388420034 21.26076504414655
v -0.274774432182312 92.38795642561686 0.2747981232929179
v -0.32310187816619873 92.3879564160228 0.21591022437095136
v 14.644673466682434 92.38794466026344 -35.355356486386285
v 7.465790957212448 92.38794430547296 -37.53304496580981
v 0.07582232356071472 92.38795631875357 -0.381124170370107
v 14.644673466682434 92.38794466026344 -35.355356486386285
v 0.07582232356071472 92.38795631875357 -0.381124170370107
v 0.14872252941131592 92.38795632235627 -0.35901084715843706
v -21.26075178384781 92.38795560435234 31.818982808047306
v -14.64466005563736 92.38795618050118 35.35535916512586
v -0.14870315790176392 92.38795643934118 0.3590373677539775
v -21.26075178384781 92.38795560435234 31.818982808047306
v -0.14870315790176392 92.38795643934118 0.3590373677539775
v -0.21588653326034546 92.3879564334904 0.32312556927680464
v 21.260765194892883 92.38795560435429 31.81899472897626
v 27.059823274612427 92.38795482898877 27.059835044795047
v 0.2747952938079834 92.38795642561686 0.2747981232929179
v 21.260765194892883 92.38795560435429 31.81899472897626
v 0.2747952938079834 92.38795642561686 0.2747981232929179
v 0.21590739488601685 92.3879564334904 0.32312556927680464
v -7.465781271457672 92.38795653529215 37.53305062478162
v 0.000004121675800661251 92.38795665509076 38.26836928551771
v 0.000009767533271087814 92.38795644416018 0.3886161727237651
v -7.465781271457672 92.38795653529215 37.53305062478162
v 0.000009767533271087814 92.38795644416018 0.3886161727237651
v -0.07580295205116272 92.3879564429439 0.3811506909656474
v 31.81898593902588 92.38795388420277 21.260779945307743
v 35.35536229610443 92.38795280630438 14.644686726981176
v 0.35903453826904297 92.387956405077 0.14872535889625044
v 31.81898593902588 92.38795388420277 21.260779945307743
v 0.35903453826904297 92.387956405077 0.14872535889625044
v 0.3231227397918701 92.3879564160228 0.21591022437095136
v 37.53305375576019 92.38795163671622 7.465805707627309
v 38.26836943626404 92.38795042038484 0.00001686662713275875
v 0.38861334323883057 92.38795638084876 0.000013481290771881928
v 37.53305375576019 92.38795163671622 7.465805707627309
v 0.38861334323883057 92.38795638084876 0.000013481290771881928
v 0.3811478614807129 92.3879563932003 0.07582664316176863
v 37.53305673599243 92.38794920405337 -7.465772481507289
v 35.35536825656891 92.3879480344646 -14.644657226151454
v 0.35903453826904297 92.38795635662045 -0.14869883830071
v 37.53305673599243 92.38794920405337 -7.465772481507289
v 0.35903453826904297 92.38795635662045 -0.14869883830071
v 0.3811478614807129 92.38795636849729 -0.07579937750816851
v -14.644651114940643 92.38794466027024 -35.35531476313494
v -21.260741353034973 92.38794523641859 -31.818941386288632
v -0.21588653326034546 92.38795632820705 -0.3230990486812642
v -14.644651114940643 92.38794466027024 -35.35531476313494
v -0.21588653326034546 92.38795632820705 -0.3230990486812642
v -0.14870315790176392 92.38795632235627 -0.35901084715843706
v 7.465790212154388 92.38795653529311 37.5330565852461
v 14.644670486450195 92.38795618050264 35.35536810582258
v 0.14872252941131592 92.38795643934118 0.3590373677539775
v 7.465790212154388 92.38795653529311 37.5330565852461
v 0.14872252941131592 92.38795643934118 0.3590373677539775
v 0.07582232356071472 92.3879564429439 0.3811506909656474
v 31.818991899490356 92.38794695656549 -21.260754914826382
v 27.059829235076904 92.38794601177925 -27.059811504429806
v 0.2747952938079834 92.38795633608059 -0.2747716026973775
v 31.818991899490356 92.38794695656549 -21.260754914826382
v 0.2747952938079834 92.38795633608059 -0.2747716026973775
v 0.3231227397918701 92.38795634567465 -0.21588370377541094
v 21.26077115535736 92.38794523641276 -31.818977149075497
v 14.644673466682434 92.38794466026344 -35.355356486386285
v 0.14872252941131592 92.38795632235627 -0.35901084715843706
v 21.26077115535736 92.38794523641276 -31.818977149075497
v 0.14872252941131592 92.38795632235627 -0.35901084715843706
v 0.21590739488601685 92.38795632820705 -0.3230990486812642
v -27.05979347229004 92.38794601178363 -27.059784682339657
v -31.81895613670349 92.38794695656864 -21.26073554331683
v -0.32310187816619873 92.38795634567465 -0.21588370377541094
v -27.05979347229004 92.38794601178363 -27.059784682339657
v -0.32310187816619873 92.38795634567465 -0.21588370377541094
v -0.274774432182312 92.38795633608059 -0.2747716026973775
v -38.26833665370941 92.38795042038423 0.000013141336834296835
v -37.533020973205566 92.38795163671452 7.4657952768144735
v -0.3811269998550415 92.3879563932003 0.07582664316176863
v -38.26833665370941 92.38795042038423 0.000013141336834296835
v -0.3811269998550415 92.3879563932003 0.07582664316176863
v -0.38859546184539795 92.38795638084876 0.00001344346147663006
v -35.35533547401428 92.38795280630195 14.644671825819982
v -31.818965077400208 92.38795388420034 21.26076504414655
v -0.32310187816619873 92.3879564160228 0.21591022437095136
v -35.35533547401428 92.38795280630195 14.644671825819982
v -0.32310187816619873 92.3879564160228 0.21591022437095136
v -0.3590136766433716 92.387956405077 0.14872535889625044
v -27.059805393218994 92.38795482898634 27.059820143633853
v -21.26075178384781 92.38795560435234 31.818982808047306
v -0.21588653326034546 92.3879564334904 0.32312556927680464
v -27.059805393218994 92.38795482898634 27.059820143633853
v -0.21588653326034546 92.3879564334904 0.32312556927680464
v -0.274774432182312 92.38795642561686 0.2747981232929179
v 0 92.38794418567483 -38.26836064631365
v -7.465773820877075 92.38794430548023 -37.533000262326226
v -0.07580295205116272 92.38795631875357 -0.381124170370107
v 0 92.38794418567483 -38.26836064631365
v -0.07580295205116272 92.38795631875357 -0.381124170370107
v 0.000009725678751237865 92.38795631753727 -0.38858965212822466
v -35.35533249378204 92.38794803446655 -14.644645305222499
v -37.533020973205566 92.38794920405398 -7.46576875621699
v -0.3811269998550415 92.38795636849729 -0.07579937750816851
v -35.35533249378204 92.38794803446655 -14.644645305222499
v -0.3811269998550415 92.38795636849729 -0.07579937750816851
v -0.3590136766433716 92.38795635662045 -0.14869883830071
v -14.64466005563736 92.38795618050118 35.35535916512586
v -7.465781271457672 92.38795653529215 37.53305062478162
v -0.07580295205116272 92.3879564429439 0.3811506909656474
v -14.64466005563736 92.38795618050118 35.35535916512586
v -0.07580295205116272 92.3879564429439 0.3811506909656474
v -0.14870315790176392 92.38795643934118 0.3590373677539775
v 0.000004121675800661251 92.38795665509076 38.26836928551771
v 7.465790212154388 92.38795653529311 37.5330565852461
v 0.07582232356071472 92.3879564429439 0.3811506909656474
v 0.000004121675800661251 92.38795665509076 38.26836928551771
v 0.07582232356071472 92.3879564429439 0.3811506909656474
v 0.000009767533271087814 92.38795644416018 0.3886161727237651
v 27.059823274612427 92.38795482898877 27.059835044795047
v 31.81898593902588 92.38795388420277 21.260779945307743
v 0.3231227397918701 92.3879564160228 0.21591022437095136
v 27.059823274612427 92.38795482898877 27.059835044795047
v 0.3231227397918701 92.3879564160228 0.21591022437095136
v 0.2747952938079834 92.38795642561686 0.2747981232929179
v 14.644670486450195 92.38795618050264 35.35536810582258
v 21.260765194892883 92.38795560435429 31.81899472897626
v 0.21590739488601685 92.3879564334904 0.32312556927680464
v 14.644670486450195 92.38795618050264 35.35536810582258
v 0.21590739488601685 92.3879564334904 0.32312556927680464
v 0.14872252941131592 92.38795643934118 0.3590373677539775
v 35.35536229610443 92.38795280630438 14.644686726981176
v 37.53305375576019 92.38795163671622 7.465805707627309
v 0.3811478614807129 92.3879563932003 0.07582664316176863
v 35.35536229610443 92.38795280630438 14.644686726981176
v 0.3811478614807129 92.3879563932003 0.07582664316176863
v 0.35903453826904297 92.387956405077 0.14872535889625044
v -7.465773820877075 92.38794430548023 -37.533000262326226
v -14.644651114940643 92.38794466027024 -35.35531476313494
v -0.14870315790176392 92.38795632235627 -0.35901084715843706
v -7.465773820877075 92.38794430548023 -37.533000262326226
v -0.14870315790176392 92.38795632235627 -0.35901084715843706
v -0.07580295205116272 92.38795631875357 -0.381124170370107
v 21.260762214660645 -92.38796752527304 -31.818932144097307
v 27.05981731414795 -92.38796674990752 -27.059772459916093
v 0.29807090759277344 -92.38796238986372 -0.29801413243196145
v 21.260762214660645 -92.38796752527304 -31.818932144097307
v 0.29807090759277344 -92.38796238986372 -0.29801413243196145
v 0.2341940999031067 -92.38796239840438 -0.3504364175119175
v -21.26074731349945 -92.38795715733782 31.819000990935347
v -27.059799432754517 -92.38795793270336 27.059841306754134
v -0.29805004596710205 -92.38796229274377 0.29810384089567526
v -21.26074731349945 -92.38795715733782 31.819000990935347
v -0.29805004596710205 -92.38796229274377 0.29810384089567526
v -0.2341732382774353 -92.3879622842031 0.3505261259756313
v -27.05978751182556 -92.38796674990364 -27.059748618058183
v -21.260736882686615 -92.38796752526868 -31.818905322007158
v -0.2341732382774353 -92.38796239840438 -0.3504364175119175
v -27.05978751182556 -92.38796674990364 -27.059748618058183
v -0.2341732382774353 -92.38796239840438 -0.3504364175119175
v -0.29805004596710205 -92.38796238986372 -0.29801413243196145
v -37.53300905227661 -92.38796355763436 -7.465739397458054
v -35.35532057285309 -92.38796472722144 -14.644613711289383
v -0.3894239664077759 -92.3879623675844 -0.16126468603990216
v -37.53300905227661 -92.38796355763436 -7.465739397458054
v -0.3894239664077759 -92.3879623675844 -0.16126468603990216
v -0.41341185569763184 -92.38796235470153 -0.08219018404863018
v 21.260754764080048 -92.38795715733589 31.819012911864302
v 14.644661545753479 -92.38795658118754 35.35538628871062
v 0.16131997108459473 -92.38796227785707 0.3894777613363491
v 21.260754764080048 -92.38795715733589 31.819012911864302
v 0.16131997108459473 -92.38796227785707 0.3894777613363491
v 0.2341940999031067 -92.3879622842031 0.3505261259756313
v -35.355326533317566 -92.38795995538725 14.644695969172501
v -37.53301203250885 -92.38796112497444 7.465820910283111
v -0.41341185569763184 -92.38796232790607 0.08227914745428425
v -35.355326533317566 -92.38795995538725 14.644695969172501
v -0.41341185569763184 -92.38796232790607 0.08227914745428425
v -0.3894239664077759 -92.38796231502332 0.16135290438749653
v 3.9638550219933677e-7 -92.38795610659942 38.26838746840575
v -7.465782016515732 -92.38795622639803 37.533068807669665
v -0.08222386240959167 -92.38796227394894 0.41346565062620505
v 3.9638550219933677e-7 -92.38795610659942 38.26838746840575
v -0.08222386240959167 -92.38796227394894 0.41346565062620505
v 0.000010424641772033283 -92.38796227262924 0.42156592185118064
v 35.35534739494324 -92.38795995538482 14.644710870333695
v 31.818971037864685 -92.38795887748643 21.26080408866026
v 0.3504931926727295 -92.38796230315037 0.23422852332212787
v 35.35534739494324 -92.38795995538482 14.644710870333695
v 0.3504931926727295 -92.38796230315037 0.23422852332212787
v 0.38944482803344727 -92.38796231502332 0.16135290438749653
v 37.53304183483124 -92.38796355763462 -7.4657408875741735
v 38.268354535102844 -92.38796234130363 0.000045480328009583435
v 0.42153000831604004 -92.38796234130376 0.000044676914496088546
v 37.53304183483124 -92.38796355763462 -7.4657408875741735
v 0.42153000831604004 -92.38796234130376 0.000044676914496088546
v 0.4134327173233032 -92.38796235470153 -0.08219018404863018
v -35.35532057285309 -92.38796472722144 -14.644613711289383
v -31.818944215774536 -92.38796580511887 -21.260700969151475
v -0.35046935081481934 -92.38796237945711 -0.23413881485841412
v -35.35532057285309 -92.38796472722144 -14.644613711289383
v -0.35046935081481934 -92.38796237945711 -0.23413881485841412
v -0.3894239664077759 -92.3879623675844 -0.16126468603990216
v 27.05981731414795 -92.38796674990752 -27.059772459916093
v 31.8189799785614 -92.38796580512154 -21.26071736042879
v 0.3504931926727295 -92.38796237945735 -0.2341403049745335
v 27.05981731414795 -92.38796674990752 -27.059772459916093
v 0.3504931926727295 -92.38796237945735 -0.2341403049745335
v 0.29807090759277344 -92.38796238986372 -0.29801413243196145
v 7.46578723192215 -92.38796845621236 -37.53299698059938
v 14.644667506217957 -92.38796810142188 -35.355308501175855
v 0.16131997108459473 -92.3879624047509 -0.38939103310487405
v 7.46578723192215 -92.38796845621236 -37.53299698059938
v 0.16131997108459473 -92.3879624047509 -0.38939103310487405
v 0.08224472403526306 -92.38796240865854 -0.41337594216249124
v -21.260736882686615 -92.38796752526868 -31.818905322007158
v -14.644648134708405 -92.38796810141703 -35.35527869885347
v -0.16129761934280396 -92.38796240475041 -0.3893880528726353
v -21.260736882686615 -92.38796752526868 -31.818905322007158
v -0.16129761934280396 -92.38796240475041 -0.3893880528726353
v -0.2341732382774353 -92.38796239840438 -0.3504364175119175
v -7.465782016515732 -92.38795622639803 37.533068807669665
v -14.64465856552124 -92.387956581189 35.3553773480139
v -0.16129910945892334 -92.38796227785707 0.3894777613363491
v -7.465782016515732 -92.38795622639803 37.533068807669665
v -0.16129910945892334 -92.38796227785707 0.3894777613363491
v -0.08222386240959167 -92.38796227394894 0.41346565062620505
v -37.53301203250885 -92.38796112497444 7.465820910283111
v -38.26832473278046 -92.38796234130449 0.000040264921591736755
v -0.42150914669036865 -92.38796234130378 0.000044619468536987814
v -37.53301203250885 -92.38796112497444 7.465820910283111
v -0.42150914669036865 -92.38796234130378 0.000044619468536987814
v -0.41341185569763184 -92.38796232790607 0.08227914745428425
v 14.644667506217957 -92.38796810142188 -35.355308501175855
v 21.260762214660645 -92.38796752527304 -31.818932144097307
v 0.2341940999031067 -92.38796239840438 -0.3504364175119175
v 14.644667506217957 -92.38796810142188 -35.355308501175855
v 0.2341940999031067 -92.38796239840438 -0.3504364175119175
v 0.16131997108459473 -92.3879624047509 -0.38939103310487405
v 38.268354535102844 -92.38796234130363 0.000045480328009583435
v 37.533038854599 -92.38796112497275 7.465831341095947
v 0.4134327173233032 -92.38796232790607 0.08227914745428425
v 38.268354535102844 -92.38796234130363 0.000045480328009583435
v 0.4134327173233032 -92.38796232790607 0.08227914745428425
v 0.42153000831604004 -92.38796234130376 0.000044676914496088546
v -27.059799432754517 -92.38795793270336 27.059841306754134
v -31.81895613670349 -92.38795887748934 21.26078620726683
v -0.3504723310470581 -92.38796230315037 0.23422852332212787
v -27.059799432754517 -92.38795793270336 27.059841306754134
v -0.3504723310470581 -92.38796230315037 0.23422852332212787
v -0.29805004596710205 -92.38796229274377 0.29810384089567526
v 31.818971037864685 -92.38795887748643 21.26080408866026
v 27.059808373451233 -92.38795793270093 27.059856207915328
v 0.29807090759277344 -92.38796229274377 0.29810384089567526
v 31.818971037864685 -92.38795887748643 21.26080408866026
v 0.29807090759277344 -92.38796229274377 0.29810384089567526
v 0.3504931926727295 -92.38796230315037 0.23422852332212787
v 0.000007846966099123165 -92.38796857600467 -38.26827689831636
v 7.46578723192215 -92.38796845621236 -37.53299698059938
v 0.08224472403526306 -92.38796240865854 -0.41337594216249124
v 0.000007846966099123165 -92.38796857600467 -38.26827689831636
v 0.08224472403526306 -92.38796240865854 -0.41337594216249124
v 0.000010506708747470839 -92.38796240997824 -0.4214762133874668
v 14.644661545753479 -92.38795658118754 35.35538628871062
v 7.465784251689911 -92.38795622639705 37.53307476813414
v 0.08224472403526306 -92.38796227394894 0.41346565062620505
v 14.644661545753479 -92.38795658118754 35.35538628871062
v 0.08224472403526306 -92.38796227394894 0.41346565062620505
v 0.16131997108459473 -92.38796227785707 0.3894777613363491
v 31.8189799785614 -92.38796580512154 -21.26071736042879
v 35.355353355407715 -92.3879647272229 -14.644622651986099
v 0.38944482803344727 -92.3879623675844 -0.16126468603990216
v 31.8189799785614 -92.38796580512154 -21.26071736042879
v 0.38944482803344727 -92.3879623675844 -0.16126468603990216
v 0.3504931926727295 -92.38796237945735 -0.2341403049745335
v -14.644648134708405 -92.38796810141703 -35.35527869885347
v -7.465772330760956 -92.38796845620702 -37.53296419804475
v -0.08222386240959167 -92.38796240865854 -0.41337594216249124
v -14.644648134708405 -92.38796810141703 -35.35527869885347
v -0.08222386240959167 -92.38796240865854 -0.41337594216249124
v -0.16129761934280396 -92.38796240475041 -0.3893880528726353
v 7.465784251689911 -92.38795622639705 37.53307476813414
v 3.9638550219933677e-7 -92.38795610659942 38.26838746840575
v 0.000010424641772033283 -92.38796227262924 0.42156592185118064
v 7.465784251689911 -92.38795622639705 37.53307476813414
v 0.000010424641772033283 -92.38796227262924 0.42156592185118064
v 0.08224472403526306 -92.38796227394894 0.41346565062620505
v -31.81895613670349 -92.38795887748934 21.26078620726683
v -35.355326533317566 -92.38795995538725 14.644695969172501
v -0.3894239664077759 -92.38796231502332 0.16135290438749653
v -31.81895613670349 -92.38795887748934 21.26078620726683
v -0.3894239664077759 -92.38796231502332 0.16135290438749653
v -0.3504723310470581 -92.38796230315037 0.23422852332212787
v -31.818944215774536 -92.38796580511887 -21.260700969151475
v -27.05978751182556 -92.38796674990364 -27.059748618058183
v -0.29805004596710205 -92.38796238986372 -0.29801413243196145
v -31.818944215774536 -92.38796580511887 -21.260700969151475
v -0.29805004596710205 -92.38796238986372 -0.29801413243196145
v -0.35046935081481934 -92.38796237945711 -0.23413881485841412
v -38.26832473278046 -92.38796234130449 0.000040264921591736755
v -37.53300905227661 -92.38796355763436 -7.465739397458054
v -0.41341185569763184 -92.38796235470153 -0.08219018404863018
v -38.26832473278046 -92.38796234130449 0.000040264921591736755
v -0.41341185569763184 -92.38796235470153 -0.08219018404863018
v -0.42150914669036865 -92.38796234130378 0.000044619468536987814
v -14.64465856552124 -92.387956581189 35.3553773480139
v -21.26074731349945 -92.38795715733782 31.819000990935347
v -0.2341732382774353 -92.3879622842031 0.3505261259756313
v -14.64465856552124 -92.387956581189 35.3553773480139
v -0.2341732382774353 -92.3879622842031 0.3505261259756313
v -0.16129910945892334 -92.38796227785707 0.3894777613363491
v 27.059808373451233 -92.38795793270093 27.059856207915328
v 21.260754764080048 -92.38795715733589 31.819012911864302
v 0.2341940999031067 -92.3879622842031 0.3505261259756313
v 27.059808373451233 -92.38795793270093 27.059856207915328
v 0.2341940999031067 -92.3879622842031 0.3505261259756313
v 0.29807090759277344 -92.38796229274377 0.29810384089567526
v 37.533038854599 -92.38796112497275 7.465831341095947
v 35.35534739494324 -92.38795995538482 14.644710870333695
v 0.38944482803344727 -92.38796231502332 0.16135290438749653
v 37.533038854599 -92.38796112497275 7.465831341095947
v 0.38944482803344727 -92.38796231502332 0.16135290438749653
v 0.4134327173233032 -92.38796232790607 0.08227914745428425
v 35.355353355407715 -92.3879647272229 -14.644622651986099
v 37.53304183483124 -92.38796355763462 -7.4657408875741735
v 0.4134327173233032 -92.38796235470153 -0.08219018404863018
v 35.355353355407715 -92.3879647272229 -14.644622651986099
v 0.4134327173233032 -92.38796235470153 -0.08219018404863018
v 0.38944482803344727 -92.3879623675844 -0.16126468603990216
v -7.465772330760956 -92.38796845620702 -37.53296419804475
v 0.000007846966099123165 -92.38796857600467 -38.26827689831636
v 0.000010506708747470839 -92.38796240997824 -0.4214762133874668
v -7.465772330760956 -92.38796845620702 -37.53296419804475
v 0.000010506708747470839 -92.38796240997824 -0.4214762133874668
v -0.08222386240959167 -92.38796240865854 -0.41337594216249124
vt 0.4999999701976776 0.3124999403953552
vt 0.5 0.375
vt 0.46875 0.37500011920928955
vt 0.4999999701976776 0.3124999403953552
vt 0.46875 0.37500011920928955
vt 0.46875 0.31250011920928955
vt 0.5 0.75
vt 0.5 0.8124999403953552
vt 0.46875 0.8124999403953552
vt 0.5 0.75
vt 0.46875 0.8124999403953552
vt 0.46875 0.75
vt 0.4999999701976776 0.25
vt 0.4999999701976776 0.3124999403953552
vt 0.46875 0.31250011920928955
vt 0.4999999701976776 0.25
vt 0.46875 0.31250011920928955
vt 0.46875 0.25000011920928955
vt 0.5 0.6874999403953552
vt 0.5 0.75
vt 0.46875 0.75
vt 0.5 0.6874999403953552
vt 0.46875 0.75
vt 0.46875 0.6874999403953552
vt 0.5 0.18750005960464478
vt 0.4999999701976776 0.25
vt 0.46875 0.25000011920928955
vt 0.5 0.18750005960464478
vt 0.46875 0.25000011920928955
vt 0.46875 0.18750005960464478
vt 0.5 0.625
vt 0.5 0.6874999403953552
vt 0.46875 0.6874999403953552
vt 0.5 0.625
vt 0.46875 0.6874999403953552
vt 0.46875 0.625
vt 0.5 0.125
vt 0.5 0.18750005960464478
vt 0.46875 0.18750005960464478
vt 0.5 0.125
vt 0.46875 0.18750005960464478
vt 0.46875 0.12500005960464478
vt 0.5 0.5625
vt 0.5 0.625
vt 0.46875 0.625
vt 0.5 0.5625
vt 0.46875 0.625
vt 0.46875 0.5625
vt 0.5 0.5
vt 0.5 0.5625
vt 0.46875 0.5625
vt 0.5 0.5
vt 0.46875 0.5625
vt 0.46875 0.5
vt 0.5 0.4375000596046448
vt 0.5 0.5
vt 0.46875 0.5
vt 0.5 0.4375000596046448
vt 0.46875 0.5
vt 0.46875 0.4375000596046448
vt 0.5 0.375
vt 0.5 0.4375000596046448
vt 0.46875 0.4375000596046448
vt 0.5 0.375
vt 0.46875 0.4375000596046448
vt 0.46875 0.37500011920928955
vt 0.5 0.8124999403953552
vt 0.5 0.8749998807907104
vt 0.46875 0.8749998807907104
vt 0.5 0.8124999403953552
vt 0.46875 0.8749998807907104
vt 0.46875 0.8124999403953552
vt 0.46875 0.37500011920928955
vt 0.46875 0.4375000596046448
vt 0.4375 0.4375000596046448
vt 0.46875 0.37500011920928955
vt 0.4375 0.4375000596046448
vt 0.4375 0.37500011920928955
vt 0.46875 0.8124999403953552
vt 0.46875 0.8749998807907104
vt 0.4375000298023224 0.8749998807907104
vt 0.46875 0.8124999403953552
vt 0.4375000298023224 0.8749998807907104
vt 0.4375 0.8124999403953552
vt 0.46875 0.31250011920928955
vt 0.46875 0.37500011920928955
vt 0.4375 0.37500011920928955
vt 0.46875 0.31250011920928955
vt 0.4375 0.37500011920928955
vt 0.4375 0.3125000596046448
vt 0.46875 0.75
vt 0.46875 0.8124999403953552
vt 0.4375 0.8124999403953552
vt 0.46875 0.75
vt 0.4375 0.8124999403953552
vt 0.4375 0.75
vt 0.46875 0.25000011920928955
vt 0.46875 0.31250011920928955
vt 0.4375 0.3125000596046448
vt 0.46875 0.25000011920928955
vt 0.4375 0.3125000596046448
vt 0.4375 0.25000011920928955
vt 0.46875 0.6874999403953552
vt 0.46875 0.75
vt 0.4375 0.75
vt 0.46875 0.6874999403953552
vt 0.4375 0.75
vt 0.4375 0.6875
vt 0.46875 0.18750005960464478
vt 0.46875 0.25000011920928955
vt 0.4375 0.25000011920928955
vt 0.46875 0.18750005960464478
vt 0.4375 0.25000011920928955
vt 0.4375 0.18750005960464478
vt 0.46875 0.625
vt 0.46875 0.6874999403953552
vt 0.4375 0.6875
vt 0.46875 0.625
vt 0.4375 0.6875
vt 0.4375 0.625
vt 0.46875 0.12500005960464478
vt 0.46875 0.18750005960464478
vt 0.4375 0.18750005960464478
vt 0.46875 0.12500005960464478
vt 0.4375 0.18750005960464478
vt 0.4375 0.12500005960464478
vt 0.46875 0.5625
vt 0.46875 0.625
vt 0.4375 0.625
vt 0.46875 0.5625
vt 0.4375 0.625
vt 0.4375 0.5625
vt 0.46875 0.5
vt 0.46875 0.5625
vt 0.4375 0.5625
vt 0.46875 0.5
vt 0.4375 0.5625
vt 0.4375 0.5
vt 0.46875 0.4375000596046448
vt 0.46875 0.5
vt 0.4375 0.5
vt 0.46875 0.4375000596046448
vt 0.4375 0.5
vt 0.4375 0.4375000596046448
vt 0.4375 0.12500005960464478
vt 0.4375 0.18750005960464478
vt 0.40625 0.18750005960464478
vt 0.4375 0.12500005960464478
vt 0.40625 0.18750005960464478
vt 0.40625 0.12500005960464478
vt 0.4375 0.5625
vt 0.4375 0.625
vt 0.40625 0.625
vt 0.4375 0.5625
vt 0.40625 0.625
vt 0.40625 0.5625
vt 0.4375 0.5
vt 0.4375 0.5625
vt 0.40625 0.5625
vt 0.4375 0.5
vt 0.40625 0.5625
vt 0.40625 0.5
vt 0.4375 0.4375000596046448
vt 0.4375 0.5
vt 0.40625 0.5
vt 0.4375 0.4375000596046448
vt 0.40625 0.5
vt 0.40625 0.4375000596046448
vt 0.4375 0.37500011920928955
vt 0.4375 0.4375000596046448
vt 0.40625 0.4375000596046448
vt 0.4375 0.37500011920928955
vt 0.40625 0.4375000596046448
vt 0.40625 0.37500011920928955
vt 0.4375 0.8124999403953552
vt 0.4375000298023224 0.8749998807907104
vt 0.40625 0.8749998807907104
vt 0.4375 0.8124999403953552
vt 0.40625 0.8749998807907104
vt 0.40625 0.8124999403953552
vt 0.4375 0.3125000596046448
vt 0.4375 0.37500011920928955
vt 0.40625 0.37500011920928955
vt 0.4375 0.3125000596046448
vt 0.40625 0.37500011920928955
vt 0.40625 0.3125000596046448
vt 0.4375 0.75
vt 0.4375 0.8124999403953552
vt 0.40625 0.8124999403953552
vt 0.4375 0.75
vt 0.40625 0.8124999403953552
vt 0.40625 0.75
vt 0.4375 0.25000011920928955
vt 0.4375 0.3125000596046448
vt 0.40625 0.3125000596046448
vt 0.4375 0.25000011920928955
vt 0.40625 0.3125000596046448
vt 0.40625 0.25000011920928955
vt 0.4375 0.6875
vt 0.4375 0.75
vt 0.40625 0.75
vt 0.4375 0.6875
vt 0.40625 0.75
vt 0.40625 0.6875
vt 0.4375 0.18750005960464478
vt 0.4375 0.25000011920928955
vt 0.40625 0.25000011920928955
vt 0.4375 0.18750005960464478
vt 0.40625 0.25000011920928955
vt 0.40625 0.18750005960464478
vt 0.4375 0.625
vt 0.4375 0.6875
vt 0.40625 0.6875
vt 0.4375 0.625
vt 0.40625 0.6875
vt 0.40625 0.625
vt 0.40625 0.8124999403953552
vt 0.40625 0.8749998807907104
vt 0.375 0.8749998807907104
vt 0.40625 0.8124999403953552
vt 0.375 0.8749998807907104
vt 0.375 0.8124999403953552
vt 0.40625 0.3125000596046448
vt 0.40625 0.37500011920928955
vt 0.3750000298023224 0.37500011920928955
vt 0.40625 0.3125000596046448
vt 0.3750000298023224 0.37500011920928955
vt 0.375 0.3125000596046448
vt 0.40625 0.75
vt 0.40625 0.8124999403953552
vt 0.375 0.8124999403953552
vt 0.40625 0.75
vt 0.375 0.8124999403953552
vt 0.375 0.75
vt 0.40625 0.25000011920928955
vt 0.40625 0.3125000596046448
vt 0.375 0.3125000596046448
vt 0.40625 0.25000011920928955
vt 0.375 0.3125000596046448
vt 0.375 0.25000011920928955
vt 0.40625 0.6875
vt 0.40625 0.75
vt 0.375 0.75
vt 0.40625 0.6875
vt 0.375 0.75
vt 0.375 0.6875
vt 0.40625 0.18750005960464478
vt 0.40625 0.25000011920928955
vt 0.375 0.25000011920928955
vt 0.40625 0.18750005960464478
vt 0.375 0.25000011920928955
vt 0.375 0.18750005960464478
vt 0.40625 0.625
vt 0.40625 0.6875
vt 0.375 0.6875
vt 0.40625 0.625
vt 0.375 0.6875
vt 0.375 0.625
vt 0.40625 0.12500005960464478
vt 0.40625 0.18750005960464478
vt 0.375 0.18750005960464478
vt 0.40625 0.12500005960464478
vt 0.375 0.18750005960464478
vt 0.3750000298023224 0.12500005960464478
vt 0.40625 0.5625
vt 0.40625 0.625
vt 0.375 0.625
vt 0.40625 0.5625
vt 0.375 0.625
vt 0.375 0.5625
vt 0.40625 0.5
vt 0.40625 0.5625
vt 0.375 0.5625
vt 0.40625 0.5
vt 0.375 0.5625
vt 0.375 0.5
vt 0.40625 0.4375000596046448
vt 0.40625 0.5
vt 0.375 0.5
vt 0.40625 0.4375000596046448
vt 0.375 0.5
vt 0.375 0.4375000596046448
vt 0.40625 0.37500011920928955
vt 0.40625 0.4375000596046448
vt 0.375 0.4375000596046448
vt 0.40625 0.37500011920928955
vt 0.375 0.4375000596046448
vt 0.3750000298023224 0.37500011920928955
vt 0.375 0.5625
vt 0.375 0.625
vt 0.34375 0.625
vt 0.375 0.5625
vt 0.34375 0.625
vt 0.34375 0.5625
vt 0.375 0.5
vt 0.375 0.5625
vt 0.34375 0.5625
vt 0.375 0.5
vt 0.34375 0.5625
vt 0.34375 0.5
vt 0.375 0.4375000596046448
vt 0.375 0.5
vt 0.34375 0.5
vt 0.375 0.4375000596046448
vt 0.34375 0.5
vt 0.34375 0.4375000596046448
vt 0.3750000298023224 0.37500011920928955
vt 0.375 0.4375000596046448
vt 0.34375 0.4375000596046448
vt 0.3750000298023224 0.37500011920928955
vt 0.34375 0.4375000596046448
vt 0.34375 0.37500011920928955
vt 0.375 0.8124999403953552
vt 0.375 0.8749998807907104
vt 0.34375 0.8749998807907104
vt 0.375 0.8124999403953552
vt 0.34375 0.8749998807907104
vt 0.34375 0.8124999403953552
vt 0.375 0.3125000596046448
vt 0.3750000298023224 0.37500011920928955
vt 0.34375 0.37500011920928955
vt 0.375 0.3125000596046448
vt 0.34375 0.37500011920928955
vt 0.34375 0.3125000596046448
vt 0.375 0.75
vt 0.375 0.8124999403953552
vt 0.34375 0.8124999403953552
vt 0.375 0.75
vt 0.34375 0.8124999403953552
vt 0.34375 0.75
vt 0.375 0.25000011920928955
vt 0.375 0.3125000596046448
vt 0.34375 0.3125000596046448
vt 0.375 0.25000011920928955
vt 0.34375 0.3125000596046448
vt 0.34375 0.25000011920928955
vt 0.375 0.6875
vt 0.375 0.75
vt 0.34375 0.75
vt 0.375 0.6875
vt 0.34375 0.75
vt 0.34375 0.6875
vt 0.375 0.18750005960464478
vt 0.375 0.25000011920928955
vt 0.34375 0.25000011920928955
vt 0.375 0.18750005960464478
vt 0.34375 0.25000011920928955
vt 0.34375 0.18750005960464478
vt 0.375 0.625
vt 0.375 0.6875
vt 0.34375 0.6875
vt 0.375 0.625
vt 0.34375 0.6875
vt 0.34375 0.625
vt 0.3750000298023224 0.12500005960464478
vt 0.375 0.18750005960464478
vt 0.34375 0.18750005960464478
vt 0.3750000298023224 0.12500005960464478
vt 0.34375 0.18750005960464478
vt 0.34375 0.12500005960464478
vt 0.34375 0.3125000596046448
vt 0.34375 0.37500011920928955
vt 0.3125000298023224 0.3750000596046448
vt 0.34375 0.3125000596046448
vt 0.3125000298023224 0.3750000596046448
vt 0.3125 0.3125000596046448
vt 0.34375 0.75
vt 0.34375 0.8124999403953552
vt 0.3125 0.8124999403953552
vt 0.34375 0.75
vt 0.3125 0.8124999403953552
vt 0.3125 0.75
vt 0.34375 0.25000011920928955
vt 0.34375 0.3125000596046448
vt 0.3125 0.3125000596046448
vt 0.34375 0.25000011920928955
vt 0.3125 0.3125000596046448
vt 0.3125 0.25000011920928955
vt 0.34375 0.6875
vt 0.34375 0.75
vt 0.3125 0.75
vt 0.34375 0.6875
vt 0.3125 0.75
vt 0.3125 0.6875
vt 0.34375 0.18750005960464478
vt 0.34375 0.25000011920928955
vt 0.3125 0.25000011920928955
vt 0.34375 0.18750005960464478
vt 0.3125 0.25000011920928955
vt 0.3125 0.18750005960464478
vt 0.34375 0.625
vt 0.34375 0.6875
vt 0.3125 0.6875
vt 0.34375 0.625
vt 0.3125 0.6875
vt 0.3125 0.625
vt 0.34375 0.12500005960464478
vt 0.34375 0.18750005960464478
vt 0.3125 0.18750005960464478
vt 0.34375 0.12500005960464478
vt 0.3125 0.18750005960464478
vt 0.3125000298023224 0.12500005960464478
vt 0.34375 0.5625
vt 0.34375 0.625
vt 0.3125 0.625
vt 0.34375 0.5625
vt 0.3125 0.625
vt 0.3125 0.5625
vt 0.34375 0.5
vt 0.34375 0.5625
vt 0.3125 0.5625
vt 0.34375 0.5
vt 0.3125 0.5625
vt 0.3125 0.5
vt 0.34375 0.4375000596046448
vt 0.34375 0.5
vt 0.3125 0.5
vt 0.34375 0.4375000596046448
vt 0.3125 0.5
vt 0.3125 0.4375000596046448
vt 0.34375 0.37500011920928955
vt 0.34375 0.4375000596046448
vt 0.3125 0.4375000596046448
vt 0.34375 0.37500011920928955
vt 0.3125 0.4375000596046448
vt 0.3125000298023224 0.3750000596046448
vt 0.34375 0.8124999403953552
vt 0.34375 0.8749998807907104
vt 0.3125 0.875
vt 0.34375 0.8124999403953552
vt 0.3125 0.875
vt 0.3125 0.8124999403953552
vt 0.3125 0.5
vt 0.3125 0.5625
vt 0.28125 0.5625
vt 0.3125 0.5
vt 0.28125 0.5625
vt 0.28125 0.5
vt 0.3125 0.4375000596046448
vt 0.3125 0.5
vt 0.28125 0.5
vt 0.3125 0.4375000596046448
vt 0.28125 0.5
vt 0.28125 0.4375000596046448
vt 0.3125000298023224 0.3750000596046448
vt 0.3125 0.4375000596046448
vt 0.28125 0.4375000596046448
vt 0.3125000298023224 0.3750000596046448
vt 0.28125 0.4375000596046448
vt 0.2812500298023224 0.3750000596046448
vt 0.3125 0.8124999403953552
vt 0.3125 0.875
vt 0.28125 0.875
vt 0.3125 0.8124999403953552
vt 0.28125 0.875
vt 0.28125 0.8124999403953552
vt 0.3125 0.3125000596046448
vt 0.3125000298023224 0.3750000596046448
vt 0.2812500298023224 0.3750000596046448
vt 0.3125 0.3125000596046448
vt 0.2812500298023224 0.3750000596046448
vt 0.28125 0.3125000596046448
vt 0.3125 0.75
vt 0.3125 0.8124999403953552
vt 0.28125 0.8124999403953552
vt 0.3125 0.75
vt 0.28125 0.8124999403953552
vt 0.28125 0.75
vt 0.3125 0.25000011920928955
vt 0.3125 0.3125000596046448
vt 0.28125 0.3125000596046448
vt 0.3125 0.25000011920928955
vt 0.28125 0.3125000596046448
vt 0.28125 0.25000011920928955
vt 0.3125 0.6875
vt 0.3125 0.75
vt 0.28125 0.75
vt 0.3125 0.6875
vt 0.28125 0.75
vt 0.28125 0.6875
vt 0.3125 0.18750005960464478
vt 0.3125 0.25000011920928955
vt 0.28125 0.25000011920928955
vt 0.3125 0.18750005960464478
vt 0.28125 0.25000011920928955
vt 0.28125 0.18750005960464478
vt 0.3125 0.625
vt 0.3125 0.6875
vt 0.28125 0.6875
vt 0.3125 0.625
vt 0.28125 0.6875
vt 0.28125 0.625
vt 0.3125000298023224 0.12500005960464478
vt 0.3125 0.18750005960464478
vt 0.28125 0.18750005960464478
vt 0.3125000298023224 0.12500005960464478
vt 0.28125 0.18750005960464478
vt 0.28125 0.12500005960464478
vt 0.3125 0.5625
vt 0.3125 0.625
vt 0.28125 0.625
vt 0.3125 0.5625
vt 0.28125 0.625
vt 0.28125 0.5625
vt 0.28125 0.25000011920928955
vt 0.28125 0.3125000596046448
vt 0.25 0.3125000596046448
vt 0.28125 0.25000011920928955
vt 0.25 0.3125000596046448
vt 0.25 0.25
vt 0.28125 0.6875
vt 0.28125 0.75
vt 0.25 0.75
vt 0.28125 0.6875
vt 0.25 0.75
vt 0.25 0.6875
vt 0.28125 0.18750005960464478
vt 0.28125 0.25000011920928955
vt 0.25 0.25
vt 0.28125 0.18750005960464478
vt 0.25 0.25
vt 0.25 0.1875
vt 0.28125 0.625
vt 0.28125 0.6875
vt 0.25 0.6875
vt 0.28125 0.625
vt 0.25 0.6875
vt 0.25 0.625
vt 0.28125 0.12500005960464478
vt 0.28125 0.18750005960464478
vt 0.25 0.1875
vt 0.28125 0.12500005960464478
vt 0.25 0.1875
vt 0.25 0.12500005960464478
vt 0.28125 0.5625
vt 0.28125 0.625
vt 0.25 0.625
vt 0.28125 0.5625
vt 0.25 0.625
vt 0.2499999701976776 0.5625
vt 0.28125 0.5
vt 0.28125 0.5625
vt 0.2499999701976776 0.5625
vt 0.28125 0.5
vt 0.2499999701976776 0.5625
vt 0.25 0.5
vt 0.28125 0.4375000596046448
vt 0.28125 0.5
vt 0.25 0.5
vt 0.28125 0.4375000596046448
vt 0.25 0.5
vt 0.2499999701976776 0.4375000596046448
vt 0.2812500298023224 0.3750000596046448
vt 0.28125 0.4375000596046448
vt 0.2499999701976776 0.4375000596046448
vt 0.2812500298023224 0.3750000596046448
vt 0.2499999701976776 0.4375000596046448
vt 0.25 0.3750000596046448
vt 0.28125 0.8124999403953552
vt 0.28125 0.875
vt 0.25 0.875
vt 0.28125 0.8124999403953552
vt 0.25 0.875
vt 0.25 0.8124999403953552
vt 0.28125 0.3125000596046448
vt 0.2812500298023224 0.3750000596046448
vt 0.25 0.3750000596046448
vt 0.28125 0.3125000596046448
vt 0.25 0.3750000596046448
vt 0.25 0.3125000596046448
vt 0.28125 0.75
vt 0.28125 0.8124999403953552
vt 0.25 0.8124999403953552
vt 0.28125 0.75
vt 0.25 0.8124999403953552
vt 0.25 0.75
vt 0.2499999701976776 0.4375000596046448
vt 0.25 0.5
vt 0.21875 0.5
vt 0.2499999701976776 0.4375000596046448
vt 0.21875 0.5
vt 0.21875 0.4375000596046448
vt 0.25 0.3750000596046448
vt 0.2499999701976776 0.4375000596046448
vt 0.21875 0.4375000596046448
vt 0.25 0.3750000596046448
vt 0.21875 0.4375000596046448
vt 0.2187500298023224 0.3750000596046448
vt 0.25 0.8124999403953552
vt 0.25 0.875
vt 0.21875 0.875
vt 0.25 0.8124999403953552
vt 0.21875 0.875
vt 0.21875 0.8124999403953552
vt 0.25 0.3125000596046448
vt 0.25 0.3750000596046448
vt 0.2187500298023224 0.3750000596046448
vt 0.25 0.3125000596046448
vt 0.2187500298023224 0.3750000596046448
vt 0.21875 0.3125000596046448
vt 0.25 0.75
vt 0.25 0.8124999403953552
vt 0.21875 0.8124999403953552
vt 0.25 0.75
vt 0.21875 0.8124999403953552
vt 0.21875 0.75
vt 0.25 0.25
vt 0.25 0.3125000596046448
vt 0.21875 0.3125000596046448
vt 0.25 0.25
vt 0.21875 0.3125000596046448
vt 0.21875 0.25
vt 0.25 0.6875
vt 0.25 0.75
vt 0.21875 0.75
vt 0.25 0.6875
vt 0.21875 0.75
vt 0.21875 0.6875
vt 0.25 0.1875
vt 0.25 0.25
vt 0.21875 0.25
vt 0.25 0.1875
vt 0.21875 0.25
vt 0.21875 0.1875
vt 0.25 0.625
vt 0.25 0.6875
vt 0.21875 0.6875
vt 0.25 0.625
vt 0.21875 0.6875
vt 0.21875 0.625
vt 0.25 0.12500005960464478
vt 0.25 0.1875
vt 0.21875 0.1875
vt 0.25 0.12500005960464478
vt 0.21875 0.1875
vt 0.21875 0.12500005960464478
vt 0.2499999701976776 0.5625
vt 0.25 0.625
vt 0.21875 0.625
vt 0.2499999701976776 0.5625
vt 0.21875 0.625
vt 0.21875 0.5625
vt 0.25 0.5
vt 0.2499999701976776 0.5625
vt 0.21875 0.5625
vt 0.25 0.5
vt 0.21875 0.5625
vt 0.21875 0.5
vt 0.21875 0.6875
vt 0.21875 0.75
vt 0.1875 0.75
vt 0.21875 0.6875
vt 0.1875 0.75
vt 0.1875 0.6875
vt 0.21875 0.1875
vt 0.21875 0.25
vt 0.1875 0.25
vt 0.21875 0.1875
vt 0.1875 0.25
vt 0.1874999701976776 0.1875
vt 0.21875 0.625
vt 0.21875 0.6875
vt 0.1875 0.6875
vt 0.21875 0.625
vt 0.1875 0.6875
vt 0.1875 0.625
vt 0.21875 0.12500005960464478
vt 0.21875 0.1875
vt 0.1874999701976776 0.1875
vt 0.21875 0.12500005960464478
vt 0.1874999701976776 0.1875
vt 0.1875 0.12500005960464478
vt 0.21875 0.5625
vt 0.21875 0.625
vt 0.1875 0.625
vt 0.21875 0.5625
vt 0.1875 0.625
vt 0.1875 0.5625
vt 0.21875 0.5
vt 0.21875 0.5625
vt 0.1875 0.5625
vt 0.21875 0.5
vt 0.1875 0.5625
vt 0.1875 0.5
vt 0.21875 0.4375000596046448
vt 0.21875 0.5
vt 0.1875 0.5
vt 0.21875 0.4375000596046448
vt 0.1875 0.5
vt 0.1875 0.4375000596046448
vt 0.2187500298023224 0.3750000596046448
vt 0.21875 0.4375000596046448
vt 0.1875 0.4375000596046448
vt 0.2187500298023224 0.3750000596046448
vt 0.1875 0.4375000596046448
vt 0.1875 0.3750000596046448
vt 0.21875 0.8124999403953552
vt 0.21875 0.875
vt 0.1875 0.875
vt 0.21875 0.8124999403953552
vt 0.1875 0.875
vt 0.1875 0.8124999403953552
vt 0.21875 0.3125000596046448
vt 0.2187500298023224 0.3750000596046448
vt 0.1875 0.3750000596046448
vt 0.21875 0.3125000596046448
vt 0.1875 0.3750000596046448
vt 0.1875 0.3125000596046448
vt 0.21875 0.75
vt 0.21875 0.8124999403953552
vt 0.1875 0.8124999403953552
vt 0.21875 0.75
vt 0.1875 0.8124999403953552
vt 0.1875 0.75
vt 0.21875 0.25
vt 0.21875 0.3125000596046448
vt 0.1875 0.3125000596046448
vt 0.21875 0.25
vt 0.1875 0.3125000596046448
vt 0.1875 0.25
vt 0.1875 0.4375000596046448
vt 0.1875 0.5
vt 0.1562499701976776 0.5
vt 0.1875 0.4375000596046448
vt 0.1562499701976776 0.5
vt 0.1562499701976776 0.4375000596046448
vt 0.1875 0.3750000596046448
vt 0.1875 0.4375000596046448
vt 0.1562499701976776 0.4375000596046448
vt 0.1875 0.3750000596046448
vt 0.1562499701976776 0.4375000596046448
vt 0.1562500298023224 0.3750000596046448
vt 0.1875 0.8124999403953552
vt 0.1875 0.875
vt 0.1562499701976776 0.875
vt 0.1875 0.8124999403953552
vt 0.1562499701976776 0.875
vt 0.1562499701976776 0.8125
vt 0.1875 0.3125000596046448
vt 0.1875 0.3750000596046448
vt 0.1562500298023224 0.3750000596046448
vt 0.1875 0.3125000596046448
vt 0.1562500298023224 0.3750000596046448
vt 0.1562499701976776 0.3125000596046448
vt 0.1875 0.75
vt 0.1875 0.8124999403953552
vt 0.1562499701976776 0.8125
vt 0.1875 0.75
vt 0.1562499701976776 0.8125
vt 0.1562500298023224 0.75
vt 0.1875 0.25
vt 0.1875 0.3125000596046448
vt 0.1562499701976776 0.3125000596046448
vt 0.1875 0.25
vt 0.1562499701976776 0.3125000596046448
vt 0.1562500298023224 0.25
vt 0.1875 0.6875
vt 0.1875 0.75
vt 0.1562500298023224 0.75
vt 0.1875 0.6875
vt 0.1562500298023224 0.75
vt 0.1562499701976776 0.6875
vt 0.1874999701976776 0.1875
vt 0.1875 0.25
vt 0.1562500298023224 0.25
vt 0.1874999701976776 0.1875
vt 0.1562500298023224 0.25
vt 0.1562499701976776 0.1875
vt 0.1875 0.625
vt 0.1875 0.6875
vt 0.1562499701976776 0.6875
vt 0.1875 0.625
vt 0.1562499701976776 0.6875
vt 0.1562500298023224 0.625
vt 0.1875 0.12500005960464478
vt 0.1874999701976776 0.1875
vt 0.1562499701976776 0.1875
vt 0.1875 0.12500005960464478
vt 0.1562499701976776 0.1875
vt 0.1562499701976776 0.12500005960464478
vt 0.1875 0.5625
vt 0.1875 0.625
vt 0.1562500298023224 0.625
vt 0.1875 0.5625
vt 0.1562500298023224 0.625
vt 0.1562499701976776 0.5625
vt 0.1875 0.5
vt 0.1875 0.5625
vt 0.1562499701976776 0.5625
vt 0.1875 0.5
vt 0.1562499701976776 0.5625
vt 0.1562499701976776 0.5
vt 0.1562499701976776 0.1875
vt 0.1562500298023224 0.25
vt 0.125 0.25
vt 0.1562499701976776 0.1875
vt 0.125 0.25
vt 0.125 0.1875
vt 0.1562500298023224 0.625
vt 0.1562499701976776 0.6875
vt 0.12499997019767761 0.6875
vt 0.1562500298023224 0.625
vt 0.12499997019767761 0.6875
vt 0.125 0.625
vt 0.1562499701976776 0.12500005960464478
vt 0.1562499701976776 0.1875
vt 0.125 0.1875
vt 0.1562499701976776 0.12500005960464478
vt 0.125 0.1875
vt 0.12499997019767761 0.125
vt 0.1562499701976776 0.5625
vt 0.1562500298023224 0.625
vt 0.125 0.625
vt 0.1562499701976776 0.5625
vt 0.125 0.625
vt 0.125 0.5625
vt 0.1562499701976776 0.5
vt 0.1562499701976776 0.5625
vt 0.125 0.5625
vt 0.1562499701976776 0.5
vt 0.125 0.5625
vt 0.12499997019767761 0.5
vt 0.1562499701976776 0.4375000596046448
vt 0.1562499701976776 0.5
vt 0.12499997019767761 0.5
vt 0.1562499701976776 0.4375000596046448
vt 0.12499997019767761 0.5
vt 0.125 0.4375000596046448
vt 0.1562500298023224 0.3750000596046448
vt 0.1562499701976776 0.4375000596046448
vt 0.125 0.4375000596046448
vt 0.1562500298023224 0.3750000596046448
vt 0.125 0.4375000596046448
vt 0.125 0.3750000596046448
vt 0.1562499701976776 0.8125
vt 0.1562499701976776 0.875
vt 0.125 0.875
vt 0.1562499701976776 0.8125
vt 0.125 0.875
vt 0.125 0.8125
vt 0.1562499701976776 0.3125000596046448
vt 0.1562500298023224 0.3750000596046448
vt 0.125 0.3750000596046448
vt 0.1562499701976776 0.3125000596046448
vt 0.125 0.3750000596046448
vt 0.12499997019767761 0.3125000596046448
vt 0.1562500298023224 0.75
vt 0.1562499701976776 0.8125
vt 0.125 0.8125
vt 0.1562500298023224 0.75
vt 0.125 0.8125
vt 0.125 0.75
vt 0.1562500298023224 0.25
vt 0.1562499701976776 0.3125000596046448
vt 0.12499997019767761 0.3125000596046448
vt 0.1562500298023224 0.25
vt 0.12499997019767761 0.3125000596046448
vt 0.125 0.25
vt 0.1562499701976776 0.6875
vt 0.1562500298023224 0.75
vt 0.125 0.75
vt 0.1562499701976776 0.6875
vt 0.125 0.75
vt 0.12499997019767761 0.6875
vt 0.125 0.3750000596046448
vt 0.125 0.4375000596046448
vt 0.09375 0.4375000596046448
vt 0.125 0.3750000596046448
vt 0.09375 0.4375000596046448
vt 0.09375 0.3750000596046448
vt 0.125 0.8125
vt 0.125 0.875
vt 0.09375 0.875
vt 0.125 0.8125
vt 0.09375 0.875
vt 0.09375 0.8125
vt 0.12499997019767761 0.3125000596046448
vt 0.125 0.3750000596046448
vt 0.09375 0.3750000596046448
vt 0.12499997019767761 0.3125000596046448
vt 0.09375 0.3750000596046448
vt 0.09375 0.3125000596046448
vt 0.125 0.75
vt 0.125 0.8125
vt 0.09375 0.8125
vt 0.125 0.75
vt 0.09375 0.8125
vt 0.09375 0.75
vt 0.125 0.25
vt 0.12499997019767761 0.3125000596046448
vt 0.09375 0.3125000596046448
vt 0.125 0.25
vt 0.09375 0.3125000596046448
vt 0.09375 0.25
vt 0.12499997019767761 0.6875
vt 0.125 0.75
vt 0.09375 0.75
vt 0.12499997019767761 0.6875
vt 0.09375 0.75
vt 0.09375 0.6875
vt 0.125 0.1875
vt 0.125 0.25
vt 0.09375 0.25
vt 0.125 0.1875
vt 0.09375 0.25
vt 0.09375 0.1875
vt 0.125 0.625
vt 0.12499997019767761 0.6875
vt 0.09375 0.6875
vt 0.125 0.625
vt 0.09375 0.6875
vt 0.09375 0.625
vt 0.12499997019767761 0.125
vt 0.125 0.1875
vt 0.09375 0.1875
vt 0.12499997019767761 0.125
vt 0.09375 0.1875
vt 0.09375 0.125
vt 0.125 0.5625
vt 0.125 0.625
vt 0.09375 0.625
vt 0.125 0.5625
vt 0.09375 0.625
vt 0.09375 0.5625
vt 0.12499997019767761 0.5
vt 0.125 0.5625
vt 0.09375 0.5625
vt 0.12499997019767761 0.5
vt 0.09375 0.5625
vt 0.09375 0.5
vt 0.125 0.4375000596046448
vt 0.12499997019767761 0.5
vt 0.09375 0.5
vt 0.125 0.4375000596046448
vt 0.09375 0.5
vt 0.09375 0.4375000596046448
vt 0.09375 0.625
vt 0.09375 0.6875
vt 0.0625 0.6875
vt 0.09375 0.625
vt 0.0625 0.6875
vt 0.06250002980232239 0.625
vt 0.09375 0.125
vt 0.09375 0.1875
vt 0.0625 0.1875
vt 0.09375 0.125
vt 0.0625 0.1875
vt 0.0625 0.125
vt 0.09375 0.5625
vt 0.09375 0.625
vt 0.06250002980232239 0.625
vt 0.09375 0.5625
vt 0.06250002980232239 0.625
vt 0.0625 0.5625
vt 0.09375 0.5
vt 0.09375 0.5625
vt 0.0625 0.5625
vt 0.09375 0.5
vt 0.0625 0.5625
vt 0.0625 0.5
vt 0.09375 0.4375000596046448
vt 0.09375 0.5
vt 0.0625 0.5
vt 0.09375 0.4375000596046448
vt 0.0625 0.5
vt 0.0625 0.4375000596046448
vt 0.09375 0.3750000596046448
vt 0.09375 0.4375000596046448
vt 0.0625 0.4375000596046448
vt 0.09375 0.3750000596046448
vt 0.0625 0.4375000596046448
vt 0.06250002980232239 0.3750000596046448
vt 0.09375 0.8125
vt 0.09375 0.875
vt 0.06250002980232239 0.875
vt 0.09375 0.8125
vt 0.06250002980232239 0.875
vt 0.0625 0.8125
vt 0.09375 0.3125000596046448
vt 0.09375 0.3750000596046448
vt 0.06250002980232239 0.3750000596046448
vt 0.09375 0.3125000596046448
vt 0.06250002980232239 0.3750000596046448
vt 0.0625 0.3125000596046448
vt 0.09375 0.75
vt 0.09375 0.8125
vt 0.0625 0.8125
vt 0.09375 0.75
vt 0.0625 0.8125
vt 0.0625 0.75
vt 0.09375 0.25
vt 0.09375 0.3125000596046448
vt 0.0625 0.3125000596046448
vt 0.09375 0.25
vt 0.0625 0.3125000596046448
vt 0.0625 0.25
vt 0.09375 0.6875
vt 0.09375 0.75
vt 0.0625 0.75
vt 0.09375 0.6875
vt 0.0625 0.75
vt 0.0625 0.6875
vt 0.09375 0.1875
vt 0.09375 0.25
vt 0.0625 0.25
vt 0.09375 0.1875
vt 0.0625 0.25
vt 0.0625 0.1875
vt 0.06250002980232239 0.3750000596046448
vt 0.0625 0.4375000596046448
vt 0.03125 0.4375000596046448
vt 0.06250002980232239 0.3750000596046448
vt 0.03125 0.4375000596046448
vt 0.03125 0.3750000596046448
vt 0.0625 0.8125
vt 0.06250002980232239 0.875
vt 0.03125 0.875
vt 0.0625 0.8125
vt 0.03125 0.875
vt 0.03125 0.8125
vt 0.0625 0.3125000596046448
vt 0.06250002980232239 0.3750000596046448
vt 0.03125 0.3750000596046448
vt 0.0625 0.3125000596046448
vt 0.03125 0.3750000596046448
vt 0.031249970197677612 0.3125000596046448
vt 0.0625 0.75
vt 0.0625 0.8125
vt 0.03125 0.8125
vt 0.0625 0.75
vt 0.03125 0.8125
vt 0.03125 0.75
vt 0.0625 0.25
vt 0.0625 0.3125000596046448
vt 0.031249970197677612 0.3125000596046448
vt 0.0625 0.25
vt 0.031249970197677612 0.3125000596046448
vt 0.03125 0.25
vt 0.0625 0.6875
vt 0.0625 0.75
vt 0.03125 0.75
vt 0.0625 0.6875
vt 0.03125 0.75
vt 0.031249970197677612 0.6875
vt 0.0625 0.1875
vt 0.0625 0.25
vt 0.03125 0.25
vt 0.0625 0.1875
vt 0.03125 0.25
vt 0.03125 0.1875
vt 0.06250002980232239 0.625
vt 0.0625 0.6875
vt 0.031249970197677612 0.6875
vt 0.06250002980232239 0.625
vt 0.031249970197677612 0.6875
vt 0.03125 0.625
vt 0.0625 0.125
vt 0.0625 0.1875
vt 0.03125 0.1875
vt 0.0625 0.125
vt 0.03125 0.1875
vt 0.03125 0.125
vt 0.0625 0.5625
vt 0.06250002980232239 0.625
vt 0.03125 0.625
vt 0.0625 0.5625
vt 0.03125 0.625
vt 0.03125 0.5625
vt 0.0625 0.5
vt 0.0625 0.5625
vt 0.03125 0.5625
vt 0.0625 0.5
vt 0.03125 0.5625
vt 0.031249970197677612 0.5
vt 0.0625 0.4375000596046448
vt 0.0625 0.5
vt 0.031249970197677612 0.5
vt 0.0625 0.4375000596046448
vt 0.031249970197677612 0.5
vt 0.03125 0.4375000596046448
vt 0.03125 0.125
vt 0.03125 0.1875
vt 0 0.1875
vt 0.03125 0.125
vt 0 0.1875
vt 0 0.125
vt 0.03125 0.5625
vt 0.03125 0.625
vt 0 0.625
vt 0.03125 0.5625
vt 0 0.625
vt 0 0.5625
vt 0.031249970197677612 0.5
vt 0.03125 0.5625
vt 0 0.5625
vt 0.031249970197677612 0.5
vt 0 0.5625
vt 0 0.5
vt 0.03125 0.4375000596046448
vt 0.031249970197677612 0.5
vt 0 0.5
vt 0.03125 0.4375000596046448
vt 0 0.5
vt 0 0.4375000596046448
vt 0.03125 0.3750000596046448
vt 0.03125 0.4375000596046448
vt 0 0.4375000596046448
vt 0.03125 0.3750000596046448
vt 0 0.4375000596046448
vt 0 0.3750000596046448
vt 0.03125 0.8125
vt 0.03125 0.875
vt 0 0.875
vt 0.03125 0.8125
vt 0 0.875
vt 0 0.8125
vt 0.031249970197677612 0.3125000596046448
vt 0.03125 0.3750000596046448
vt 0 0.3750000596046448
vt 0.031249970197677612 0.3125000596046448
vt 0 0.3750000596046448
vt 0 0.3124999403953552
vt 0.03125 0.75
vt 0.03125 0.8125
vt 0 0.8125
vt 0.03125 0.75
vt 0 0.8125
vt 0 0.7500000596046448
vt 0.03125 0.25
vt 0.031249970197677612 0.3125000596046448
vt 0 0.3124999403953552
vt 0.03125 0.25
vt 0 0.3124999403953552
vt 0 0.25
vt 0.031249970197677612 0.6875
vt 0.03125 0.75
vt 0 0.7500000596046448
vt 0.031249970197677612 0.6875
vt 0 0.7500000596046448
vt 0 0.6875
vt 0.03125 0.1875
vt 0.03125 0.25
vt 0 0.25
vt 0.03125 0.1875
vt 0 0.25
vt 0 0.1875
vt 0.03125 0.625
vt 0.031249970197677612 0.6875
vt 0 0.6875
vt 0.03125 0.625
vt 0 0.6875
vt 0 0.625
vt 1 0.3124999403953552
vt 1 0.3750000596046448
vt 0.96875 0.3750000596046448
vt 1 0.3124999403953552
vt 0.96875 0.3750000596046448
vt 0.9687499403953552 0.3124999403953552
vt 1 0.7500000596046448
vt 1 0.8125
vt 0.96875 0.8125
vt 1 0.7500000596046448
vt 0.96875 0.8125
vt 0.9687499403953552 0.7500000596046448
vt 1 0.25
vt 1 0.3124999403953552
vt 0.9687499403953552 0.3124999403953552
vt 1 0.25
vt 0.9687499403953552 0.3124999403953552
vt 0.9687499403953552 0.25
vt 1 0.6875
vt 1 0.7500000596046448
vt 0.9687499403953552 0.7500000596046448
vt 1 0.6875
vt 0.9687499403953552 0.7500000596046448
vt 0.9687499403953552 0.6875
vt 1 0.1875
vt 1 0.25
vt 0.9687499403953552 0.25
vt 1 0.1875
vt 0.9687499403953552 0.25
vt 0.96875 0.1875
vt 1 0.625
vt 1 0.6875
vt 0.9687499403953552 0.6875
vt 1 0.625
vt 0.9687499403953552 0.6875
vt 0.96875 0.625
vt 1 0.125
vt 1 0.1875
vt 0.96875 0.1875
vt 1 0.125
vt 0.96875 0.1875
vt 0.96875 0.125
vt 1 0.5625
vt 1 0.625
vt 0.96875 0.625
vt 1 0.5625
vt 0.96875 0.625
vt 0.9687499403953552 0.5625
vt 1 0.5
vt 1 0.5625
vt 0.9687499403953552 0.5625
vt 1 0.5
vt 0.9687499403953552 0.5625
vt 0.9687499403953552 0.5
vt 1 0.4375000596046448
vt 1 0.5
vt 0.9687499403953552 0.5
vt 1 0.4375000596046448
vt 0.9687499403953552 0.5
vt 0.9687499403953552 0.4375
vt 1 0.3750000596046448
vt 1 0.4375000596046448
vt 0.9687499403953552 0.4375
vt 1 0.3750000596046448
vt 0.9687499403953552 0.4375
vt 0.96875 0.3750000596046448
vt 1 0.8125
vt 1 0.875
vt 0.96875 0.875
vt 1 0.8125
vt 0.96875 0.875
vt 0.96875 0.8125
vt 0.9687499403953552 0.5
vt 0.9687499403953552 0.5625
vt 0.9375 0.5625
vt 0.9687499403953552 0.5
vt 0.9375 0.5625
vt 0.9374999403953552 0.5
vt 0.9687499403953552 0.4375
vt 0.9687499403953552 0.5
vt 0.9374999403953552 0.5
vt 0.9687499403953552 0.4375
vt 0.9374999403953552 0.5
vt 0.9375 0.4375
vt 0.96875 0.3750000596046448
vt 0.9687499403953552 0.4375
vt 0.9375 0.4375
vt 0.96875 0.3750000596046448
vt 0.9375 0.4375
vt 0.9375 0.3750000596046448
vt 0.96875 0.8125
vt 0.96875 0.875
vt 0.9375 0.875
vt 0.96875 0.8125
vt 0.9375 0.875
vt 0.9375 0.8125
vt 0.9687499403953552 0.3124999403953552
vt 0.96875 0.3750000596046448
vt 0.9375 0.3750000596046448
vt 0.9687499403953552 0.3124999403953552
vt 0.9375 0.3750000596046448
vt 0.9374999403953552 0.3124999403953552
vt 0.9687499403953552 0.7500000596046448
vt 0.96875 0.8125
vt 0.9375 0.8125
vt 0.9687499403953552 0.7500000596046448
vt 0.9375 0.8125
vt 0.9375 0.75
vt 0.9687499403953552 0.25
vt 0.9687499403953552 0.3124999403953552
vt 0.9374999403953552 0.3124999403953552
vt 0.9687499403953552 0.25
vt 0.9374999403953552 0.3124999403953552
vt 0.9375 0.25
vt 0.9687499403953552 0.6875
vt 0.9687499403953552 0.7500000596046448
vt 0.9375 0.75
vt 0.9687499403953552 0.6875
vt 0.9375 0.75
vt 0.9374999403953552 0.6875
vt 0.96875 0.1875
vt 0.9687499403953552 0.25
vt 0.9375 0.25
vt 0.96875 0.1875
vt 0.9375 0.25
vt 0.9375 0.1875
vt 0.96875 0.625
vt 0.9687499403953552 0.6875
vt 0.9374999403953552 0.6875
vt 0.96875 0.625
vt 0.9374999403953552 0.6875
vt 0.9375 0.625
vt 0.96875 0.125
vt 0.96875 0.1875
vt 0.9375 0.1875
vt 0.96875 0.125
vt 0.9375 0.1875
vt 0.9375 0.125
vt 0.9687499403953552 0.5625
vt 0.96875 0.625
vt 0.9375 0.625
vt 0.9687499403953552 0.5625
vt 0.9375 0.625
vt 0.9375 0.5625
vt 0.9375 0.75
vt 0.9375 0.8125
vt 0.90625 0.8125
vt 0.9375 0.75
vt 0.90625 0.8125
vt 0.90625 0.75
vt 0.9375 0.25
vt 0.9374999403953552 0.3124999403953552
vt 0.90625 0.3124999403953552
vt 0.9375 0.25
vt 0.90625 0.3124999403953552
vt 0.90625 0.25
vt 0.9374999403953552 0.6875
vt 0.9375 0.75
vt 0.90625 0.75
vt 0.9374999403953552 0.6875
vt 0.90625 0.75
vt 0.90625 0.6875
vt 0.9375 0.1875
vt 0.9375 0.25
vt 0.90625 0.25
vt 0.9375 0.1875
vt 0.90625 0.25
vt 0.90625 0.1875
vt 0.9375 0.625
vt 0.9374999403953552 0.6875
vt 0.90625 0.6875
vt 0.9375 0.625
vt 0.90625 0.6875
vt 0.90625 0.625
vt 0.9375 0.125
vt 0.9375 0.1875
vt 0.90625 0.1875
vt 0.9375 0.125
vt 0.90625 0.1875
vt 0.90625 0.125
vt 0.9375 0.5625
vt 0.9375 0.625
vt 0.90625 0.625
vt 0.9375 0.5625
vt 0.90625 0.625
vt 0.90625 0.5625
vt 0.9374999403953552 0.5
vt 0.9375 0.5625
vt 0.90625 0.5625
vt 0.9374999403953552 0.5
vt 0.90625 0.5625
vt 0.90625 0.5
vt 0.9375 0.4375
vt 0.9374999403953552 0.5
vt 0.90625 0.5
vt 0.9375 0.4375
vt 0.90625 0.5
vt 0.90625 0.4375000596046448
vt 0.9375 0.3750000596046448
vt 0.9375 0.4375
vt 0.90625 0.4375000596046448
vt 0.9375 0.3750000596046448
vt 0.90625 0.4375000596046448
vt 0.90625 0.3750000596046448
vt 0.9375 0.8125
vt 0.9375 0.875
vt 0.90625 0.875
vt 0.9375 0.8125
vt 0.90625 0.875
vt 0.90625 0.8125
vt 0.9374999403953552 0.3124999403953552
vt 0.9375 0.3750000596046448
vt 0.90625 0.3750000596046448
vt 0.9374999403953552 0.3124999403953552
vt 0.90625 0.3750000596046448
vt 0.90625 0.3124999403953552
vt 0.90625 0.5
vt 0.90625 0.5625
vt 0.8749999403953552 0.5625
vt 0.90625 0.5
vt 0.8749999403953552 0.5625
vt 0.8749999403953552 0.5
vt 0.90625 0.4375000596046448
vt 0.90625 0.5
vt 0.8749999403953552 0.5
vt 0.90625 0.4375000596046448
vt 0.8749999403953552 0.5
vt 0.8749999403953552 0.4375
vt 0.90625 0.3750000596046448
vt 0.90625 0.4375000596046448
vt 0.8749999403953552 0.4375
vt 0.90625 0.3750000596046448
vt 0.8749999403953552 0.4375
vt 0.875 0.3750000596046448
vt 0.90625 0.8125
vt 0.90625 0.875
vt 0.875 0.875
vt 0.90625 0.8125
vt 0.875 0.875
vt 0.875 0.8125
vt 0.90625 0.3124999403953552
vt 0.90625 0.3750000596046448
vt 0.875 0.3750000596046448
vt 0.90625 0.3124999403953552
vt 0.875 0.3750000596046448
vt 0.8749999403953552 0.3124999403953552
vt 0.90625 0.75
vt 0.90625 0.8125
vt 0.875 0.8125
vt 0.90625 0.75
vt 0.875 0.8125
vt 0.8749999403953552 0.75
vt 0.90625 0.25
vt 0.90625 0.3124999403953552
vt 0.8749999403953552 0.3124999403953552
vt 0.90625 0.25
vt 0.8749999403953552 0.3124999403953552
vt 0.8749999403953552 0.25
vt 0.90625 0.6875
vt 0.90625 0.75
vt 0.8749999403953552 0.75
vt 0.90625 0.6875
vt 0.8749999403953552 0.75
vt 0.8749999403953552 0.6875000596046448
vt 0.90625 0.1875
vt 0.90625 0.25
vt 0.8749999403953552 0.25
vt 0.90625 0.1875
vt 0.8749999403953552 0.25
vt 0.8749999403953552 0.1875
vt 0.90625 0.625
vt 0.90625 0.6875
vt 0.8749999403953552 0.6875000596046448
vt 0.90625 0.625
vt 0.8749999403953552 0.6875000596046448
vt 0.875 0.625
vt 0.90625 0.125
vt 0.90625 0.1875
vt 0.8749999403953552 0.1875
vt 0.90625 0.125
vt 0.8749999403953552 0.1875
vt 0.8749999403953552 0.125
vt 0.90625 0.5625
vt 0.90625 0.625
vt 0.875 0.625
vt 0.90625 0.5625
vt 0.875 0.625
vt 0.8749999403953552 0.5625
vt 0.8749999403953552 0.25
vt 0.8749999403953552 0.3124999403953552
vt 0.84375 0.3124999403953552
vt 0.8749999403953552 0.25
vt 0.84375 0.3124999403953552
vt 0.84375 0.25
vt 0.8749999403953552 0.6875000596046448
vt 0.8749999403953552 0.75
vt 0.84375 0.75
vt 0.8749999403953552 0.6875000596046448
vt 0.84375 0.75
vt 0.84375 0.6875
vt 0.8749999403953552 0.1875
vt 0.8749999403953552 0.25
vt 0.84375 0.25
vt 0.8749999403953552 0.1875
vt 0.84375 0.25
vt 0.84375 0.1875
vt 0.875 0.625
vt 0.8749999403953552 0.6875000596046448
vt 0.84375 0.6875
vt 0.875 0.625
vt 0.84375 0.6875
vt 0.84375 0.625
vt 0.8749999403953552 0.125
vt 0.8749999403953552 0.1875
vt 0.84375 0.1875
vt 0.8749999403953552 0.125
vt 0.84375 0.1875
vt 0.8437499403953552 0.125
vt 0.8749999403953552 0.5625
vt 0.875 0.625
vt 0.84375 0.625
vt 0.8749999403953552 0.5625
vt 0.84375 0.625
vt 0.8437499403953552 0.5625
vt 0.8749999403953552 0.5
vt 0.8749999403953552 0.5625
vt 0.8437499403953552 0.5625
vt 0.8749999403953552 0.5
vt 0.8437499403953552 0.5625
vt 0.8437499403953552 0.5
vt 0.8749999403953552 0.4375
vt 0.8749999403953552 0.5
vt 0.8437499403953552 0.5
vt 0.8749999403953552 0.4375
vt 0.8437499403953552 0.5
vt 0.8437499403953552 0.4375
vt 0.875 0.3750000596046448
vt 0.8749999403953552 0.4375
vt 0.8437499403953552 0.4375
vt 0.875 0.3750000596046448
vt 0.8437499403953552 0.4375
vt 0.84375 0.3750000596046448
vt 0.875 0.8125
vt 0.875 0.875
vt 0.84375 0.875
vt 0.875 0.8125
vt 0.84375 0.875
vt 0.84375 0.8125
vt 0.8749999403953552 0.3124999403953552
vt 0.875 0.3750000596046448
vt 0.84375 0.3750000596046448
vt 0.8749999403953552 0.3124999403953552
vt 0.84375 0.3750000596046448
vt 0.84375 0.3124999403953552
vt 0.8749999403953552 0.75
vt 0.875 0.8125
vt 0.84375 0.8125
vt 0.8749999403953552 0.75
vt 0.84375 0.8125
vt 0.84375 0.75
vt 0.8437499403953552 0.4375
vt 0.8437499403953552 0.5
vt 0.8125 0.5
vt 0.8437499403953552 0.4375
vt 0.8125 0.5
vt 0.8124999403953552 0.4375
vt 0.84375 0.3750000596046448
vt 0.8437499403953552 0.4375
vt 0.8124999403953552 0.4375
vt 0.84375 0.3750000596046448
vt 0.8124999403953552 0.4375
vt 0.8125 0.3750000596046448
vt 0.84375 0.8125
vt 0.84375 0.875
vt 0.8125 0.875
vt 0.84375 0.8125
vt 0.8125 0.875
vt 0.8125 0.8125
vt 0.84375 0.3124999403953552
vt 0.84375 0.3750000596046448
vt 0.8125 0.3750000596046448
vt 0.84375 0.3124999403953552
vt 0.8125 0.3750000596046448
vt 0.8125 0.3124999403953552
vt 0.84375 0.75
vt 0.84375 0.8125
vt 0.8125 0.8125
vt 0.84375 0.75
vt 0.8125 0.8125
vt 0.8125 0.75
vt 0.84375 0.25
vt 0.84375 0.3124999403953552
vt 0.8125 0.3124999403953552
vt 0.84375 0.25
vt 0.8125 0.3124999403953552
vt 0.8125 0.25
vt 0.84375 0.6875
vt 0.84375 0.75
vt 0.8125 0.75
vt 0.84375 0.6875
vt 0.8125 0.75
vt 0.8125 0.6875000596046448
vt 0.84375 0.1875
vt 0.84375 0.25
vt 0.8125 0.25
vt 0.84375 0.1875
vt 0.8125 0.25
vt 0.8125 0.1875
vt 0.84375 0.625
vt 0.84375 0.6875
vt 0.8125 0.6875000596046448
vt 0.84375 0.625
vt 0.8125 0.6875000596046448
vt 0.8125 0.625
vt 0.8437499403953552 0.125
vt 0.84375 0.1875
vt 0.8125 0.1875
vt 0.8437499403953552 0.125
vt 0.8125 0.1875
vt 0.8125 0.125
vt 0.8437499403953552 0.5625
vt 0.84375 0.625
vt 0.8125 0.625
vt 0.8437499403953552 0.5625
vt 0.8125 0.625
vt 0.8124999403953552 0.5625
vt 0.8437499403953552 0.5
vt 0.8437499403953552 0.5625
vt 0.8124999403953552 0.5625
vt 0.8437499403953552 0.5
vt 0.8124999403953552 0.5625
vt 0.8125 0.5
vt 0.8125 0.6875000596046448
vt 0.8125 0.75
vt 0.78125 0.75
vt 0.8125 0.6875000596046448
vt 0.78125 0.75
vt 0.7812499403953552 0.6875000596046448
vt 0.8125 0.1875
vt 0.8125 0.25
vt 0.78125 0.25
vt 0.8125 0.1875
vt 0.78125 0.25
vt 0.78125 0.1875
vt 0.8125 0.625
vt 0.8125 0.6875000596046448
vt 0.7812499403953552 0.6875000596046448
vt 0.8125 0.625
vt 0.7812499403953552 0.6875000596046448
vt 0.78125 0.625
vt 0.8125 0.125
vt 0.8125 0.1875
vt 0.78125 0.1875
vt 0.8125 0.125
vt 0.78125 0.1875
vt 0.78125 0.125
vt 0.8124999403953552 0.5625
vt 0.8125 0.625
vt 0.78125 0.625
vt 0.8124999403953552 0.5625
vt 0.78125 0.625
vt 0.7812499403953552 0.5625
vt 0.8125 0.5
vt 0.8124999403953552 0.5625
vt 0.7812499403953552 0.5625
vt 0.8125 0.5
vt 0.7812499403953552 0.5625
vt 0.78125 0.5
vt 0.8124999403953552 0.4375
vt 0.8125 0.5
vt 0.78125 0.5
vt 0.8124999403953552 0.4375
vt 0.78125 0.5
vt 0.7812499403953552 0.4375
vt 0.8125 0.3750000596046448
vt 0.8124999403953552 0.4375
vt 0.7812499403953552 0.4375
vt 0.8125 0.3750000596046448
vt 0.7812499403953552 0.4375
vt 0.78125 0.3750000596046448
vt 0.8125 0.8125
vt 0.8125 0.875
vt 0.78125 0.875
vt 0.8125 0.8125
vt 0.78125 0.875
vt 0.78125 0.8125
vt 0.8125 0.3124999403953552
vt 0.8125 0.3750000596046448
vt 0.78125 0.3750000596046448
vt 0.8125 0.3124999403953552
vt 0.78125 0.3750000596046448
vt 0.7812499403953552 0.3124999403953552
vt 0.8125 0.75
vt 0.8125 0.8125
vt 0.78125 0.8125
vt 0.8125 0.75
vt 0.78125 0.8125
vt 0.78125 0.75
vt 0.8125 0.25
vt 0.8125 0.3124999403953552
vt 0.7812499403953552 0.3124999403953552
vt 0.8125 0.25
vt 0.7812499403953552 0.3124999403953552
vt 0.78125 0.25
vt 0.7812499403953552 0.4375
vt 0.78125 0.5
vt 0.7499999403953552 0.5
vt 0.7812499403953552 0.4375
vt 0.7499999403953552 0.5
vt 0.7499999403953552 0.4375
vt 0.78125 0.3750000596046448
vt 0.7812499403953552 0.4375
vt 0.7499999403953552 0.4375
vt 0.78125 0.3750000596046448
vt 0.7499999403953552 0.4375
vt 0.75 0.3750000596046448
vt 0.78125 0.8125
vt 0.78125 0.875
vt 0.75 0.875
vt 0.78125 0.8125
vt 0.75 0.875
vt 0.75 0.8125
vt 0.7812499403953552 0.3124999403953552
vt 0.78125 0.3750000596046448
vt 0.75 0.3750000596046448
vt 0.7812499403953552 0.3124999403953552
vt 0.75 0.3750000596046448
vt 0.7499999403953552 0.3124999403953552
vt 0.78125 0.75
vt 0.78125 0.8125
vt 0.75 0.8125
vt 0.78125 0.75
vt 0.75 0.8125
vt 0.7499999403953552 0.7500000596046448
vt 0.78125 0.25
vt 0.7812499403953552 0.3124999403953552
vt 0.7499999403953552 0.3124999403953552
vt 0.78125 0.25
vt 0.7499999403953552 0.3124999403953552
vt 0.7499999403953552 0.25
vt 0.7812499403953552 0.6875000596046448
vt 0.78125 0.75
vt 0.7499999403953552 0.7500000596046448
vt 0.7812499403953552 0.6875000596046448
vt 0.7499999403953552 0.7500000596046448
vt 0.7499999403953552 0.6875000596046448
vt 0.78125 0.1875
vt 0.78125 0.25
vt 0.7499999403953552 0.25
vt 0.78125 0.1875
vt 0.7499999403953552 0.25
vt 0.75 0.1875
vt 0.78125 0.625
vt 0.7812499403953552 0.6875000596046448
vt 0.7499999403953552 0.6875000596046448
vt 0.78125 0.625
vt 0.7499999403953552 0.6875000596046448
vt 0.75 0.625
vt 0.78125 0.125
vt 0.78125 0.1875
vt 0.75 0.1875
vt 0.78125 0.125
vt 0.75 0.1875
vt 0.75 0.125
vt 0.7812499403953552 0.5625
vt 0.78125 0.625
vt 0.75 0.625
vt 0.7812499403953552 0.5625
vt 0.75 0.625
vt 0.7499999403953552 0.5625
vt 0.78125 0.5
vt 0.7812499403953552 0.5625
vt 0.7499999403953552 0.5625
vt 0.78125 0.5
vt 0.7499999403953552 0.5625
vt 0.7499999403953552 0.5
vt 0.75 0.1875
vt 0.7499999403953552 0.25
vt 0.71875 0.25
vt 0.75 0.1875
vt 0.71875 0.25
vt 0.71875 0.1875
vt 0.75 0.625
vt 0.7499999403953552 0.6875000596046448
vt 0.71875 0.6875000596046448
vt 0.75 0.625
vt 0.71875 0.6875000596046448
vt 0.71875 0.625
vt 0.75 0.125
vt 0.75 0.1875
vt 0.71875 0.1875
vt 0.75 0.125
vt 0.71875 0.1875
vt 0.71875 0.125
vt 0.7499999403953552 0.5625
vt 0.75 0.625
vt 0.71875 0.625
vt 0.7499999403953552 0.5625
vt 0.71875 0.625
vt 0.71875 0.5625000596046448
vt 0.7499999403953552 0.5
vt 0.7499999403953552 0.5625
vt 0.71875 0.5625000596046448
vt 0.7499999403953552 0.5
vt 0.71875 0.5625000596046448
vt 0.71875 0.5
vt 0.7499999403953552 0.4375
vt 0.7499999403953552 0.5
vt 0.71875 0.5
vt 0.7499999403953552 0.4375
vt 0.71875 0.5
vt 0.71875 0.4375
vt 0.75 0.3750000596046448
vt 0.7499999403953552 0.4375
vt 0.71875 0.4375
vt 0.75 0.3750000596046448
vt 0.71875 0.4375
vt 0.71875 0.3750000596046448
vt 0.75 0.8125
vt 0.75 0.875
vt 0.71875 0.875
vt 0.75 0.8125
vt 0.71875 0.875
vt 0.71875 0.8125
vt 0.7499999403953552 0.3124999403953552
vt 0.75 0.3750000596046448
vt 0.71875 0.3750000596046448
vt 0.7499999403953552 0.3124999403953552
vt 0.71875 0.3750000596046448
vt 0.71875 0.3124999403953552
vt 0.7499999403953552 0.7500000596046448
vt 0.75 0.8125
vt 0.71875 0.8125
vt 0.7499999403953552 0.7500000596046448
vt 0.71875 0.8125
vt 0.71875 0.75
vt 0.7499999403953552 0.25
vt 0.7499999403953552 0.3124999403953552
vt 0.71875 0.3124999403953552
vt 0.7499999403953552 0.25
vt 0.71875 0.3124999403953552
vt 0.71875 0.25
vt 0.7499999403953552 0.6875000596046448
vt 0.7499999403953552 0.7500000596046448
vt 0.71875 0.75
vt 0.7499999403953552 0.6875000596046448
vt 0.71875 0.75
vt 0.71875 0.6875000596046448
vt 0.71875 0.3750000596046448
vt 0.71875 0.4375
vt 0.6874999403953552 0.4375
vt 0.71875 0.3750000596046448
vt 0.6874999403953552 0.4375
vt 0.6875 0.3750000596046448
vt 0.71875 0.8125
vt 0.71875 0.875
vt 0.6875 0.875
vt 0.71875 0.8125
vt 0.6875 0.875
vt 0.6875 0.8125
vt 0.71875 0.3124999403953552
vt 0.71875 0.3750000596046448
vt 0.6875 0.3750000596046448
vt 0.71875 0.3124999403953552
vt 0.6875 0.3750000596046448
vt 0.6874999403953552 0.3124999403953552
vt 0.71875 0.75
vt 0.71875 0.8125
vt 0.6875 0.8125
vt 0.71875 0.75
vt 0.6875 0.8125
vt 0.6875 0.7500000596046448
vt 0.71875 0.25
vt 0.71875 0.3124999403953552
vt 0.6874999403953552 0.3124999403953552
vt 0.71875 0.25
vt 0.6874999403953552 0.3124999403953552
vt 0.6875 0.25
vt 0.71875 0.6875000596046448
vt 0.71875 0.75
vt 0.6875 0.7500000596046448
vt 0.71875 0.6875000596046448
vt 0.6875 0.7500000596046448
vt 0.6874999403953552 0.6875000596046448
vt 0.71875 0.1875
vt 0.71875 0.25
vt 0.6875 0.25
vt 0.71875 0.1875
vt 0.6875 0.25
vt 0.6875 0.1875
vt 0.71875 0.625
vt 0.71875 0.6875000596046448
vt 0.6874999403953552 0.6875000596046448
vt 0.71875 0.625
vt 0.6874999403953552 0.6875000596046448
vt 0.6875 0.625
vt 0.71875 0.125
vt 0.71875 0.1875
vt 0.6875 0.1875
vt 0.71875 0.125
vt 0.6875 0.1875
vt 0.6875 0.125
vt 0.71875 0.5625000596046448
vt 0.71875 0.625
vt 0.6875 0.625
vt 0.71875 0.5625000596046448
vt 0.6875 0.625
vt 0.6874999403953552 0.5625000596046448
vt 0.71875 0.5
vt 0.71875 0.5625000596046448
vt 0.6874999403953552 0.5625000596046448
vt 0.71875 0.5
vt 0.6874999403953552 0.5625000596046448
vt 0.6874999403953552 0.5
vt 0.71875 0.4375
vt 0.71875 0.5
vt 0.6874999403953552 0.5
vt 0.71875 0.4375
vt 0.6874999403953552 0.5
vt 0.6874999403953552 0.4375
vt 0.6875 0.125
vt 0.6875 0.1875
vt 0.65625 0.18749994039535522
vt 0.6875 0.125
vt 0.65625 0.18749994039535522
vt 0.65625 0.125
vt 0.6874999403953552 0.5625000596046448
vt 0.6875 0.625
vt 0.65625 0.6250000596046448
vt 0.6874999403953552 0.5625000596046448
vt 0.65625 0.6250000596046448
vt 0.65625 0.5625000596046448
vt 0.6874999403953552 0.5
vt 0.6874999403953552 0.5625000596046448
vt 0.65625 0.5625000596046448
vt 0.6874999403953552 0.5
vt 0.65625 0.5625000596046448
vt 0.65625 0.5
vt 0.6874999403953552 0.4375
vt 0.6874999403953552 0.5
vt 0.65625 0.5
vt 0.6874999403953552 0.4375
vt 0.65625 0.5
vt 0.65625 0.4375
vt 0.6875 0.3750000596046448
vt 0.6874999403953552 0.4375
vt 0.65625 0.4375
vt 0.6875 0.3750000596046448
vt 0.65625 0.4375
vt 0.65625 0.3750000596046448
vt 0.6875 0.8125
vt 0.6875 0.875
vt 0.65625 0.875
vt 0.6875 0.8125
vt 0.65625 0.875
vt 0.65625 0.8125
vt 0.6874999403953552 0.3124999403953552
vt 0.6875 0.3750000596046448
vt 0.65625 0.3750000596046448
vt 0.6874999403953552 0.3124999403953552
vt 0.65625 0.3750000596046448
vt 0.65625 0.3124999403953552
vt 0.6875 0.7500000596046448
vt 0.6875 0.8125
vt 0.65625 0.8125
vt 0.6875 0.7500000596046448
vt 0.65625 0.8125
vt 0.65625 0.7500000596046448
vt 0.6875 0.25
vt 0.6874999403953552 0.3124999403953552
vt 0.65625 0.3124999403953552
vt 0.6875 0.25
vt 0.65625 0.3124999403953552
vt 0.65625 0.25
vt 0.6874999403953552 0.6875000596046448
vt 0.6875 0.7500000596046448
vt 0.65625 0.7500000596046448
vt 0.6874999403953552 0.6875000596046448
vt 0.65625 0.7500000596046448
vt 0.65625 0.6875000596046448
vt 0.6875 0.1875
vt 0.6875 0.25
vt 0.65625 0.25
vt 0.6875 0.1875
vt 0.65625 0.25
vt 0.65625 0.18749994039535522
vt 0.6875 0.625
vt 0.6874999403953552 0.6875000596046448
vt 0.65625 0.6875000596046448
vt 0.6875 0.625
vt 0.65625 0.6875000596046448
vt 0.65625 0.6250000596046448
vt 0.65625 0.8125
vt 0.65625 0.875
vt 0.625 0.875
vt 0.65625 0.8125
vt 0.625 0.875
vt 0.625 0.8125
vt 0.65625 0.3124999403953552
vt 0.65625 0.3750000596046448
vt 0.625 0.3750000596046448
vt 0.65625 0.3124999403953552
vt 0.625 0.3750000596046448
vt 0.6249999403953552 0.3124999403953552
vt 0.65625 0.7500000596046448
vt 0.65625 0.8125
vt 0.625 0.8125
vt 0.65625 0.7500000596046448
vt 0.625 0.8125
vt 0.625 0.7500000596046448
vt 0.65625 0.25
vt 0.65625 0.3124999403953552
vt 0.6249999403953552 0.3124999403953552
vt 0.65625 0.25
vt 0.6249999403953552 0.3124999403953552
vt 0.625 0.25
vt 0.65625 0.6875000596046448
vt 0.65625 0.7500000596046448
vt 0.625 0.7500000596046448
vt 0.65625 0.6875000596046448
vt 0.625 0.7500000596046448
vt 0.6249999403953552 0.6875000596046448
vt 0.65625 0.18749994039535522
vt 0.65625 0.25
vt 0.625 0.25
vt 0.65625 0.18749994039535522
vt 0.625 0.25
vt 0.625 0.18749994039535522
vt 0.65625 0.6250000596046448
vt 0.65625 0.6875000596046448
vt 0.6249999403953552 0.6875000596046448
vt 0.65625 0.6250000596046448
vt 0.6249999403953552 0.6875000596046448
vt 0.625 0.6250000596046448
vt 0.65625 0.125
vt 0.65625 0.18749994039535522
vt 0.625 0.18749994039535522
vt 0.65625 0.125
vt 0.625 0.18749994039535522
vt 0.625 0.125
vt 0.65625 0.5625000596046448
vt 0.65625 0.6250000596046448
vt 0.625 0.6250000596046448
vt 0.65625 0.5625000596046448
vt 0.625 0.6250000596046448
vt 0.625 0.5625000596046448
vt 0.65625 0.5
vt 0.65625 0.5625000596046448
vt 0.625 0.5625000596046448
vt 0.65625 0.5
vt 0.625 0.5625000596046448
vt 0.6249999403953552 0.5
vt 0.65625 0.4375
vt 0.65625 0.5
vt 0.6249999403953552 0.5
vt 0.65625 0.4375
vt 0.6249999403953552 0.5
vt 0.625 0.4375
vt 0.65625 0.3750000596046448
vt 0.65625 0.4375
vt 0.625 0.4375
vt 0.65625 0.3750000596046448
vt 0.625 0.4375
vt 0.625 0.3750000596046448
vt 0.625 0.5625000596046448
vt 0.625 0.6250000596046448
vt 0.59375 0.6250000596046448
vt 0.625 0.5625000596046448
vt 0.59375 0.6250000596046448
vt 0.59375 0.5625000596046448
vt 0.6249999403953552 0.5
vt 0.625 0.5625000596046448
vt 0.59375 0.5625000596046448
vt 0.6249999403953552 0.5
vt 0.59375 0.5625000596046448
vt 0.59375 0.5
vt 0.625 0.4375
vt 0.6249999403953552 0.5
vt 0.59375 0.5
vt 0.625 0.4375
vt 0.59375 0.5
vt 0.59375 0.4375
vt 0.625 0.3750000596046448
vt 0.625 0.4375
vt 0.59375 0.4375
vt 0.625 0.3750000596046448
vt 0.59375 0.4375
vt 0.59375 0.3750000596046448
vt 0.625 0.8125
vt 0.625 0.875
vt 0.59375 0.875
vt 0.625 0.8125
vt 0.59375 0.875
vt 0.59375 0.8125
vt 0.6249999403953552 0.3124999403953552
vt 0.625 0.3750000596046448
vt 0.59375 0.3750000596046448
vt 0.6249999403953552 0.3124999403953552
vt 0.59375 0.3750000596046448
vt 0.5937499403953552 0.3124999403953552
vt 0.625 0.7500000596046448
vt 0.625 0.8125
vt 0.59375 0.8125
vt 0.625 0.7500000596046448
vt 0.59375 0.8125
vt 0.59375 0.7500000596046448
vt 0.625 0.25
vt 0.6249999403953552 0.3124999403953552
vt 0.5937499403953552 0.3124999403953552
vt 0.625 0.25
vt 0.5937499403953552 0.3124999403953552
vt 0.59375 0.25
vt 0.6249999403953552 0.6875000596046448
vt 0.625 0.7500000596046448
vt 0.59375 0.7500000596046448
vt 0.6249999403953552 0.6875000596046448
vt 0.59375 0.7500000596046448
vt 0.5937499403953552 0.6875000596046448
vt 0.625 0.18749994039535522
vt 0.625 0.25
vt 0.59375 0.25
vt 0.625 0.18749994039535522
vt 0.59375 0.25
vt 0.59375 0.18749994039535522
vt 0.625 0.6250000596046448
vt 0.6249999403953552 0.6875000596046448
vt 0.5937499403953552 0.6875000596046448
vt 0.625 0.6250000596046448
vt 0.5937499403953552 0.6875000596046448
vt 0.59375 0.6250000596046448
vt 0.625 0.125
vt 0.625 0.18749994039535522
vt 0.59375 0.18749994039535522
vt 0.625 0.125
vt 0.59375 0.18749994039535522
vt 0.59375 0.125
vt 0.5937499403953552 0.3124999403953552
vt 0.59375 0.3750000596046448
vt 0.5625 0.3750000596046448
vt 0.5937499403953552 0.3124999403953552
vt 0.5625 0.3750000596046448
vt 0.5624999403953552 0.3124999403953552
vt 0.59375 0.7500000596046448
vt 0.59375 0.8125
vt 0.5625 0.8125000596046448
vt 0.59375 0.7500000596046448
vt 0.5625 0.8125000596046448
vt 0.5625 0.7500000596046448
vt 0.59375 0.25
vt 0.5937499403953552 0.3124999403953552
vt 0.5624999403953552 0.3124999403953552
vt 0.59375 0.25
vt 0.5624999403953552 0.3124999403953552
vt 0.5625 0.25
vt 0.5937499403953552 0.6875000596046448
vt 0.59375 0.7500000596046448
vt 0.5625 0.7500000596046448
vt 0.5937499403953552 0.6875000596046448
vt 0.5625 0.7500000596046448
vt 0.5624999403953552 0.6875000596046448
vt 0.59375 0.18749994039535522
vt 0.59375 0.25
vt 0.5625 0.25
vt 0.59375 0.18749994039535522
vt 0.5625 0.25
vt 0.5625 0.18749994039535522
vt 0.59375 0.6250000596046448
vt 0.5937499403953552 0.6875000596046448
vt 0.5624999403953552 0.6875000596046448
vt 0.59375 0.6250000596046448
vt 0.5624999403953552 0.6875000596046448
vt 0.5625 0.6250000596046448
vt 0.59375 0.125
vt 0.59375 0.18749994039535522
vt 0.5625 0.18749994039535522
vt 0.59375 0.125
vt 0.5625 0.18749994039535522
vt 0.5625 0.125
vt 0.59375 0.5625000596046448
vt 0.59375 0.6250000596046448
vt 0.5625 0.6250000596046448
vt 0.59375 0.5625000596046448
vt 0.5625 0.6250000596046448
vt 0.5624999403953552 0.5625000596046448
vt 0.59375 0.5
vt 0.59375 0.5625000596046448
vt 0.5624999403953552 0.5625000596046448
vt 0.59375 0.5
vt 0.5624999403953552 0.5625000596046448
vt 0.5624999403953552 0.5
vt 0.59375 0.4375
vt 0.59375 0.5
vt 0.5624999403953552 0.5
vt 0.59375 0.4375
vt 0.5624999403953552 0.5
vt 0.5624999403953552 0.4375
vt 0.59375 0.3750000596046448
vt 0.59375 0.4375
vt 0.5624999403953552 0.4375
vt 0.59375 0.3750000596046448
vt 0.5624999403953552 0.4375
vt 0.5625 0.3750000596046448
vt 0.59375 0.8125
vt 0.59375 0.875
vt 0.5625 0.875
vt 0.59375 0.8125
vt 0.5625 0.875
vt 0.5625 0.8125000596046448
vt 0.5624999403953552 0.5
vt 0.5624999403953552 0.5625000596046448
vt 0.5312499403953552 0.5625000596046448
vt 0.5624999403953552 0.5
vt 0.5312499403953552 0.5625000596046448
vt 0.5312499403953552 0.5
vt 0.5624999403953552 0.4375
vt 0.5624999403953552 0.5
vt 0.5312499403953552 0.5
vt 0.5624999403953552 0.4375
vt 0.5312499403953552 0.5
vt 0.5312499403953552 0.4375
vt 0.5625 0.3750000596046448
vt 0.5624999403953552 0.4375
vt 0.5312499403953552 0.4375
vt 0.5625 0.3750000596046448
vt 0.5312499403953552 0.4375
vt 0.53125 0.375
vt 0.5625 0.8125000596046448
vt 0.5625 0.875
vt 0.53125 0.875
vt 0.5625 0.8125000596046448
vt 0.53125 0.875
vt 0.53125 0.8125000596046448
vt 0.5624999403953552 0.3124999403953552
vt 0.5625 0.3750000596046448
vt 0.53125 0.375
vt 0.5624999403953552 0.3124999403953552
vt 0.53125 0.375
vt 0.5312499403953552 0.3124999403953552
vt 0.5625 0.7500000596046448
vt 0.5625 0.8125000596046448
vt 0.53125 0.8125000596046448
vt 0.5625 0.7500000596046448
vt 0.53125 0.8125000596046448
vt 0.53125 0.7500000596046448
vt 0.5625 0.25
vt 0.5624999403953552 0.3124999403953552
vt 0.5312499403953552 0.3124999403953552
vt 0.5625 0.25
vt 0.5312499403953552 0.3124999403953552
vt 0.53125 0.25
vt 0.5624999403953552 0.6875000596046448
vt 0.5625 0.7500000596046448
vt 0.53125 0.7500000596046448
vt 0.5624999403953552 0.6875000596046448
vt 0.53125 0.7500000596046448
vt 0.5312499403953552 0.6875000596046448
vt 0.5625 0.18749994039535522
vt 0.5625 0.25
vt 0.53125 0.25
vt 0.5625 0.18749994039535522
vt 0.53125 0.25
vt 0.53125 0.18749994039535522
vt 0.5625 0.6250000596046448
vt 0.5624999403953552 0.6875000596046448
vt 0.5312499403953552 0.6875000596046448
vt 0.5625 0.6250000596046448
vt 0.5312499403953552 0.6875000596046448
vt 0.53125 0.6250000596046448
vt 0.5625 0.125
vt 0.5625 0.18749994039535522
vt 0.53125 0.18749994039535522
vt 0.5625 0.125
vt 0.53125 0.18749994039535522
vt 0.53125 0.125
vt 0.5624999403953552 0.5625000596046448
vt 0.5625 0.6250000596046448
vt 0.53125 0.6250000596046448
vt 0.5624999403953552 0.5625000596046448
vt 0.53125 0.6250000596046448
vt 0.5312499403953552 0.5625000596046448
vt 0.53125 0.7500000596046448
vt 0.53125 0.8125000596046448
vt 0.5 0.8124999403953552
vt 0.53125 0.7500000596046448
vt 0.5 0.8124999403953552
vt 0.5 0.75
vt 0.53125 0.25
vt 0.5312499403953552 0.3124999403953552
vt 0.4999999701976776 0.3124999403953552
vt 0.53125 0.25
vt 0.4999999701976776 0.3124999403953552
vt 0.4999999701976776 0.25
vt 0.5312499403953552 0.6875000596046448
vt 0.53125 0.7500000596046448
vt 0.5 0.75
vt 0.5312499403953552 0.6875000596046448
vt 0.5 0.75
vt 0.5 0.6874999403953552
vt 0.53125 0.18749994039535522
vt 0.53125 0.25
vt 0.4999999701976776 0.25
vt 0.53125 0.18749994039535522
vt 0.4999999701976776 0.25
vt 0.5 0.18750005960464478
vt 0.53125 0.6250000596046448
vt 0.5312499403953552 0.6875000596046448
vt 0.5 0.6874999403953552
vt 0.53125 0.6250000596046448
vt 0.5 0.6874999403953552
vt 0.5 0.625
vt 0.53125 0.125
vt 0.53125 0.18749994039535522
vt 0.5 0.18750005960464478
vt 0.53125 0.125
vt 0.5 0.18750005960464478
vt 0.5 0.125
vt 0.5312499403953552 0.5625000596046448
vt 0.53125 0.6250000596046448
vt 0.5 0.625
vt 0.5312499403953552 0.5625000596046448
vt 0.5 0.625
vt 0.5 0.5625
vt 0.5312499403953552 0.5
vt 0.5312499403953552 0.5625000596046448
vt 0.5 0.5625
vt 0.5312499403953552 0.5
vt 0.5 0.5625
vt 0.5 0.5
vt 0.5312499403953552 0.4375
vt 0.5312499403953552 0.5
vt 0.5 0.5
vt 0.5312499403953552 0.4375
vt 0.5 0.5
vt 0.5 0.4375000596046448
vt 0.53125 0.375
vt 0.5312499403953552 0.4375
vt 0.5 0.4375000596046448
vt 0.53125 0.375
vt 0.5 0.4375000596046448
vt 0.5 0.375
vt 0.53125 0.8125000596046448
vt 0.53125 0.875
vt 0.5 0.8749998807907104
vt 0.53125 0.8125000596046448
vt 0.5 0.8749998807907104
vt 0.5 0.8124999403953552
vt 0.5312499403953552 0.3124999403953552
vt 0.53125 0.375
vt 0.5 0.375
vt 0.5312499403953552 0.3124999403953552
vt 0.5 0.375
vt 0.4999999701976776 0.3124999403953552
vt 0.25 0.875
vt 0.28125 0.875
vt 0.28125 0.875
vt 0.25 0.875
vt 0.28125 0.875
vt 0.25 0.875
vt 0.59375 0.875
vt 0.625 0.875
vt 0.625 0.875
vt 0.59375 0.875
vt 0.625 0.875
vt 0.59375 0.875
vt 0.46875 0.8749998807907104
vt 0.5 0.8749998807907104
vt 0.5 0.8749998807907104
vt 0.46875 0.8749998807907104
vt 0.5 0.8749998807907104
vt 0.46875 0.8749998807907104
vt 0.65625 0.875
vt 0.6875 0.875
vt 0.6875 0.875
vt 0.65625 0.875
vt 0.6875 0.875
vt 0.65625 0.875
vt 0.3125 0.875
vt 0.34375 0.8749998807907104
vt 0.34375 0.8749998807907104
vt 0.3125 0.875
vt 0.34375 0.8749998807907104
vt 0.3125 0.875
vt 0.71875 0.875
vt 0.75 0.875
vt 0.75 0.875
vt 0.71875 0.875
vt 0.75 0.875
vt 0.71875 0.875
vt 0.375 0.8749998807907104
vt 0.40625 0.8749998807907104
vt 0.40625 0.8749998807907104
vt 0.375 0.8749998807907104
vt 0.40625 0.8749998807907104
vt 0.375 0.8749998807907104
vt 0.78125 0.875
vt 0.8125 0.875
vt 0.8125 0.875
vt 0.78125 0.875
vt 0.8125 0.875
vt 0.78125 0.875
vt 0.84375 0.875
vt 0.875 0.875
vt 0.875 0.875
vt 0.84375 0.875
vt 0.875 0.875
vt 0.84375 0.875
vt 0.4375000298023224 0.8749998807907104
vt 0.46875 0.8749998807907104
vt 0.46875 0.8749998807907104
vt 0.4375000298023224 0.8749998807907104
vt 0.46875 0.8749998807907104
vt 0.4375000298023224 0.8749998807907104
vt 0.90625 0.875
vt 0.9375 0.875
vt 0.9375 0.875
vt 0.90625 0.875
vt 0.9375 0.875
vt 0.90625 0.875
vt 0.09375 0.875
vt 0.125 0.875
vt 0.125 0.875
vt 0.09375 0.875
vt 0.125 0.875
vt 0.09375 0.875
vt 0.96875 0.875
vt 1 0.875
vt 1 0.875
vt 0.96875 0.875
vt 1 0.875
vt 0.96875 0.875
vt 0.1562499701976776 0.875
vt 0.1875 0.875
vt 0.1875 0.875
vt 0.1562499701976776 0.875
vt 0.1875 0.875
vt 0.1562499701976776 0.875
vt 0.21875 0.875
vt 0.25 0.875
vt 0.25 0.875
vt 0.21875 0.875
vt 0.25 0.875
vt 0.21875 0.875
vt 0.28125 0.875
vt 0.3125 0.875
vt 0.3125 0.875
vt 0.28125 0.875
vt 0.3125 0.875
vt 0.28125 0.875
vt 0.5625 0.875
vt 0.59375 0.875
vt 0.59375 0.875
vt 0.5625 0.875
vt 0.59375 0.875
vt 0.5625 0.875
vt 0.03125 0.875
vt 0.06250002980232239 0.875
vt 0.06250002980232239 0.875
vt 0.03125 0.875
vt 0.06250002980232239 0.875
vt 0.03125 0.875
vt 0.34375 0.8749998807907104
vt 0.375 0.8749998807907104
vt 0.375 0.8749998807907104
vt 0.34375 0.8749998807907104
vt 0.375 0.8749998807907104
vt 0.34375 0.8749998807907104
vt 0.40625 0.8749998807907104
vt 0.4375000298023224 0.8749998807907104
vt 0.4375000298023224 0.8749998807907104
vt 0.40625 0.8749998807907104
vt 0.4375000298023224 0.8749998807907104
vt 0.40625 0.8749998807907104
vt 0.625 0.875
vt 0.65625 0.875
vt 0.65625 0.875
vt 0.625 0.875
vt 0.65625 0.875
vt 0.625 0.875
vt 0.75 0.875
vt 0.78125 0.875
vt 0.78125 0.875
vt 0.75 0.875
vt 0.78125 0.875
vt 0.75 0.875
vt 0.8125 0.875
vt 0.84375 0.875
vt 0.84375 0.875
vt 0.8125 0.875
vt 0.84375 0.875
vt 0.8125 0.875
vt 0.875 0.875
vt 0.90625 0.875
vt 0.90625 0.875
vt 0.875 0.875
vt 0.90625 0.875
vt 0.875 0.875
vt 0.5 0.8749998807907104
vt 0.53125 0.875
vt 0.53125 0.875
vt 0.5 0.8749998807907104
vt 0.53125 0.875
vt 0.5 0.8749998807907104
vt 0.6875 0.875
vt 0.71875 0.875
vt 0.71875 0.875
vt 0.6875 0.875
vt 0.71875 0.875
vt 0.6875 0.875
vt 0.9375 0.875
vt 0.96875 0.875
vt 0.96875 0.875
vt 0.9375 0.875
vt 0.96875 0.875
vt 0.9375 0.875
vt 0 0.875
vt 0.03125 0.875
vt 0.03125 0.875
vt 0 0.875
vt 0.03125 0.875
vt 0 0.875
vt 0.125 0.875
vt 0.1562499701976776 0.875
vt 0.1562499701976776 0.875
vt 0.125 0.875
vt 0.1562499701976776 0.875
vt 0.125 0.875
vt 0.06250002980232239 0.875
vt 0.09375 0.875
vt 0.09375 0.875
vt 0.06250002980232239 0.875
vt 0.09375 0.875
vt 0.06250002980232239 0.875
vt 0.1875 0.875
vt 0.21875 0.875
vt 0.21875 0.875
vt 0.1875 0.875
vt 0.21875 0.875
vt 0.1875 0.875
vt 0.53125 0.875
vt 0.5625 0.875
vt 0.5625 0.875
vt 0.53125 0.875
vt 0.5625 0.875
vt 0.53125 0.875
vt 0.40625 0.12500005960464478
vt 0.3750000298023224 0.12500005960464478
vt 0.3750000298023224 0.12500005960464478
vt 0.40625 0.12500005960464478
vt 0.3750000298023224 0.12500005960464478
vt 0.40625 0.12500005960464478
vt 0.90625 0.125
vt 0.8749999403953552 0.125
vt 0.8749999403953552 0.125
vt 0.90625 0.125
vt 0.8749999403953552 0.125
vt 0.90625 0.125
vt 0.625 0.125
vt 0.59375 0.125
vt 0.59375 0.125
vt 0.625 0.125
vt 0.59375 0.125
vt 0.625 0.125
vt 0.71875 0.125
vt 0.6875 0.125
vt 0.6875 0.125
vt 0.71875 0.125
vt 0.6875 0.125
vt 0.71875 0.125
vt 0.09375 0.125
vt 0.0625 0.125
vt 0.0625 0.125
vt 0.09375 0.125
vt 0.0625 0.125
vt 0.09375 0.125
vt 0.8125 0.125
vt 0.78125 0.125
vt 0.78125 0.125
vt 0.8125 0.125
vt 0.78125 0.125
vt 0.8125 0.125
vt 1 0.125
vt 0.96875 0.125
vt 0.96875 0.125
vt 1 0.125
vt 0.96875 0.125
vt 1 0.125
vt 0.1875 0.12500005960464478
vt 0.1562499701976776 0.12500005960464478
vt 0.1562499701976776 0.12500005960464478
vt 0.1875 0.12500005960464478
vt 0.1562499701976776 0.12500005960464478
vt 0.1875 0.12500005960464478
vt 0.28125 0.12500005960464478
vt 0.25 0.12500005960464478
vt 0.25 0.12500005960464478
vt 0.28125 0.12500005960464478
vt 0.25 0.12500005960464478
vt 0.28125 0.12500005960464478
vt 0.6875 0.125
vt 0.65625 0.125
vt 0.65625 0.125
vt 0.6875 0.125
vt 0.65625 0.125
vt 0.6875 0.125
vt 0.3750000298023224 0.12500005960464478
vt 0.34375 0.12500005960464478
vt 0.34375 0.12500005960464478
vt 0.3750000298023224 0.12500005960464478
vt 0.34375 0.12500005960464478
vt 0.3750000298023224 0.12500005960464478
vt 0.46875 0.12500005960464478
vt 0.4375 0.12500005960464478
vt 0.4375 0.12500005960464478
vt 0.46875 0.12500005960464478
vt 0.4375 0.12500005960464478
vt 0.46875 0.12500005960464478
vt 0.59375 0.125
vt 0.5625 0.125
vt 0.5625 0.125
vt 0.59375 0.125
vt 0.5625 0.125
vt 0.59375 0.125
vt 0.96875 0.125
vt 0.9375 0.125
vt 0.9375 0.125
vt 0.96875 0.125
vt 0.9375 0.125
vt 0.96875 0.125
vt 0.78125 0.125
vt 0.75 0.125
vt 0.75 0.125
vt 0.78125 0.125
vt 0.75 0.125
vt 0.78125 0.125
vt 0.4375 0.12500005960464478
vt 0.40625 0.12500005960464478
vt 0.40625 0.12500005960464478
vt 0.4375 0.12500005960464478
vt 0.40625 0.12500005960464478
vt 0.4375 0.12500005960464478
vt 0.25 0.12500005960464478
vt 0.21875 0.12500005960464478
vt 0.21875 0.12500005960464478
vt 0.25 0.12500005960464478
vt 0.21875 0.12500005960464478
vt 0.25 0.12500005960464478
vt 0.8749999403953552 0.125
vt 0.8437499403953552 0.125
vt 0.8437499403953552 0.125
vt 0.8749999403953552 0.125
vt 0.8437499403953552 0.125
vt 0.8749999403953552 0.125
vt 0.1562499701976776 0.12500005960464478
vt 0.12499997019767761 0.125
vt 0.12499997019767761 0.125
vt 0.1562499701976776 0.12500005960464478
vt 0.12499997019767761 0.125
vt 0.1562499701976776 0.12500005960464478
vt 0.5 0.125
vt 0.46875 0.12500005960464478
vt 0.46875 0.12500005960464478
vt 0.5 0.125
vt 0.46875 0.12500005960464478
vt 0.5 0.125
vt 0.0625 0.125
vt 0.03125 0.125
vt 0.03125 0.125
vt 0.0625 0.125
vt 0.03125 0.125
vt 0.0625 0.125
vt 0.34375 0.12500005960464478
vt 0.3125000298023224 0.12500005960464478
vt 0.3125000298023224 0.12500005960464478
vt 0.34375 0.12500005960464478
vt 0.3125000298023224 0.12500005960464478
vt 0.34375 0.12500005960464478
vt 0.5625 0.125
vt 0.53125 0.125
vt 0.53125 0.125
vt 0.5625 0.125
vt 0.53125 0.125
vt 0.5625 0.125
vt 0.03125 0.125
vt 0 0.125
vt 0 0.125
vt 0.03125 0.125
vt 0 0.125
vt 0.03125 0.125
vt 0.8437499403953552 0.125
vt 0.8125 0.125
vt 0.8125 0.125
vt 0.8437499403953552 0.125
vt 0.8125 0.125
vt 0.8437499403953552 0.125
vt 0.65625 0.125
vt 0.625 0.125
vt 0.625 0.125
vt 0.65625 0.125
vt 0.625 0.125
vt 0.65625 0.125
vt 0.75 0.125
vt 0.71875 0.125
vt 0.71875 0.125
vt 0.75 0.125
vt 0.71875 0.125
vt 0.75 0.125
vt 0.9375 0.125
vt 0.90625 0.125
vt 0.90625 0.125
vt 0.9375 0.125
vt 0.90625 0.125
vt 0.9375 0.125
vt 0.12499997019767761 0.125
vt 0.09375 0.125
vt 0.09375 0.125
vt 0.12499997019767761 0.125
vt 0.09375 0.125
vt 0.12499997019767761 0.125
vt 0.21875 0.12500005960464478
vt 0.1875 0.12500005960464478
vt 0.1875 0.12500005960464478
vt 0.21875 0.12500005960464478
vt 0.1875 0.12500005960464478
vt 0.21875 0.12500005960464478
vt 0.3125000298023224 0.12500005960464478
vt 0.28125 0.12500005960464478
vt 0.28125 0.12500005960464478
vt 0.3125000298023224 0.12500005960464478
vt 0.28125 0.12500005960464478
vt 0.3125000298023224 0.12500005960464478
vt 0.53125 0.125
vt 0.5 0.125
vt 0.5 0.125
vt 0.53125 0.125
vt 0.5 0.125
vt 0.53125 0.125
vn 0.08653238269684924 -0.4696292632932735 -0.8786128281577861
vn 0.08653238269684924 -0.4696292632932735 -0.8786128281577861
vn 0.08653238269684924 -0.4696292632932735 -0.8786128281577861
vn 0.08653238269684924 -0.4696292632932735 -0.8786128281577861
vn 0.08653238269684924 -0.4696292632932735 -0.8786128281577861
vn 0.08653238269684924 -0.4696292632932735 -0.8786128281577861
vn 0.062360688103243675 0.7715058506046374 -0.6331586428866819
vn 0.062360688103243675 0.7715058506046374 -0.6331586428866819
vn 0.062360688103243675 0.7715058506046374 -0.6331586428866819
vn 0.062360688103243675 0.7715058506046374 -0.6331586428866819
vn 0.062360688103243675 0.7715058506046374 -0.6331586428866819
vn 0.062360688103243675 0.7715058506046374 -0.6331586428866819
vn 0.07591216002904502 -0.6325621449225263 -0.7707804335676519
vn 0.07591216002904502 -0.6325621449225263 -0.7707804335676519
vn 0.07591216002904502 -0.6325621449225263 -0.7707804335676519
vn 0.07591216002904502 -0.6325621449225263 -0.7707804335676519
vn 0.07591216002904502 -0.6325621449225263 -0.7707804335676519
vn 0.07591216002904502 -0.6325621449225263 -0.7707804335676519
vn 0.07591524762352952 0.6325625748708414 -0.7707797766230179
vn 0.07591524762352952 0.6325625748708414 -0.7707797766230179
vn 0.07591524762352952 0.6325625748708414 -0.7707797766230179
vn 0.07591524762352952 0.6325625748708414 -0.7707797766230179
vn 0.07591524762352952 0.6325625748708414 -0.7707797766230179
vn 0.07591524762352952 0.6325625748708414 -0.7707797766230179
vn 0.06235986425857403 -0.7715053943894887 -0.6331592799269169
vn 0.06235986425857403 -0.7715053943894887 -0.6331592799269169
vn 0.06235986425857403 -0.7715053943894887 -0.6331592799269169
vn 0.06235986425857403 -0.7715053943894887 -0.6331592799269169
vn 0.06235986425857403 -0.7715053943894887 -0.6331592799269169
vn 0.06235986425857403 -0.7715053943894887 -0.6331592799269169
vn 0.0865358238096466 0.46962799843419106 -0.8786131653260616
vn 0.0865358238096466 0.46962799843419106 -0.8786131653260616
vn 0.0865358238096466 0.46962799843419106 -0.8786131653260616
vn 0.0865358238096466 0.46962799843419106 -0.8786131653260616
vn 0.0865358238096466 0.46962799843419106 -0.8786131653260616
vn 0.0865358238096466 0.46962799843419106 -0.8786131653260616
vn 0.04637648970257019 -0.8809726523305046 -0.4708889540524635
vn 0.04637648970257019 -0.8809726523305046 -0.4708889540524635
vn 0.04637648970257019 -0.8809726523305046 -0.4708889540524635
vn 0.04637648970257019 -0.8809726523305046 -0.4708889540524635
vn 0.04637648970257019 -0.8809726523305046 -0.4708889540524635
vn 0.04637648970257019 -0.8809726523305046 -0.4708889540524635
vn 0.09383467025169877 0.2890036467720432 -0.9527181885590382
vn 0.09383467025169877 0.2890036467720432 -0.9527181885590382
vn 0.09383467025169877 0.2890036467720432 -0.9527181885590382
vn 0.09383467025169877 0.2890036467720432 -0.9527181885590382
vn 0.09383467025169877 0.2890036467720432 -0.9527181885590382
vn 0.09383467025169877 0.2890036467720432 -0.9527181885590382
vn 0.09754981801878587 0.09754964175474036 -0.9904383375041698
vn 0.09754981801878587 0.09754964175474036 -0.9904383375041698
vn 0.09754981801878587 0.09754964175474036 -0.9904383375041698
vn 0.09754981801878587 0.09754964175474036 -0.9904383375041698
vn 0.09754981801878587 0.09754964175474036 -0.9904383375041698
vn 0.09754981801878587 0.09754964175474036 -0.9904383375041698
vn 0.09754981446766837 -0.0975495660486391 -0.9904383453103205
vn 0.09754981446766837 -0.0975495660486391 -0.9904383453103205
vn 0.09754981446766837 -0.0975495660486391 -0.9904383453103205
vn 0.09754981446766837 -0.0975495660486391 -0.9904383453103205
vn 0.09754981446766837 -0.0975495660486391 -0.9904383453103205
vn 0.09754981446766837 -0.0975495660486391 -0.9904383453103205
vn 0.09383330245834123 -0.28900513594133204 -0.952717871538733
vn 0.09383330245834123 -0.28900513594133204 -0.952717871538733
vn 0.09383330245834123 -0.28900513594133204 -0.952717871538733
vn 0.09383330245834123 -0.28900513594133204 -0.952717871538733
vn 0.09383330245834123 -0.28900513594133204 -0.952717871538733
vn 0.09383330245834123 -0.28900513594133204 -0.952717871538733
vn 0.04637819462953842 0.8809721770136444 -0.47088967539195903
vn 0.04637819462953842 0.8809721770136444 -0.47088967539195903
vn 0.04637819462953842 0.8809721770136444 -0.47088967539195903
vn 0.04637819462953842 0.8809721770136444 -0.47088967539195903
vn 0.04637819462953842 0.8809721770136444 -0.47088967539195903
vn 0.04637819462953842 0.8809721770136444 -0.47088967539195903
vn 0.2778979221834644 -0.2890036385729195 -0.9161056935407217
vn 0.2778979221834644 -0.2890036385729195 -0.9161056935407217
vn 0.2778979221834644 -0.2890036385729195 -0.9161056935407217
vn 0.2778979221834644 -0.2890036385729195 -0.9161056935407217
vn 0.2778979221834644 -0.2890036385729195 -0.9161056935407217
vn 0.2778979221834644 -0.2890036385729195 -0.9161056935407217
vn 0.13735335597862602 0.8809721624472237 -0.45279366668988574
vn 0.13735335597862602 0.8809721624472237 -0.45279366668988574
vn 0.13735335597862602 0.8809721624472237 -0.45279366668988574
vn 0.13735335597862602 0.8809721624472237 -0.45279366668988574
vn 0.13735335597862602 0.8809721624472237 -0.45279366668988574
vn 0.13735335597862602 0.8809721624472237 -0.45279366668988574
vn 0.256282212858886 -0.4696283620696831 -0.8448482875119647
vn 0.256282212858886 -0.4696283620696831 -0.8448482875119647
vn 0.256282212858886 -0.4696283620696831 -0.8448482875119647
vn 0.256282212858886 -0.4696283620696831 -0.8448482875119647
vn 0.256282212858886 -0.4696283620696831 -0.8448482875119647
vn 0.256282212858886 -0.4696283620696831 -0.8448482875119647
vn 0.18468576320847113 0.7715057162655358 -0.6088268215492045
vn 0.18468576320847113 0.7715057162655358 -0.6088268215492045
vn 0.18468576320847113 0.7715057162655358 -0.6088268215492045
vn 0.18468576320847113 0.7715057162655358 -0.6088268215492045
vn 0.18468576320847113 0.7715057162655358 -0.6088268215492045
vn 0.18468576320847113 0.7715057162655358 -0.6088268215492045
vn 0.22482848374882614 -0.632562781595972 -0.7411588765135113
vn 0.22482848374882614 -0.632562781595972 -0.7411588765135113
vn 0.22482848374882614 -0.632562781595972 -0.7411588765135113
vn 0.22482848374882614 -0.632562781595972 -0.7411588765135113
vn 0.22482848374882614 -0.632562781595972 -0.7411588765135113
vn 0.22482848374882614 -0.632562781595972 -0.7411588765135113
vn 0.2248285374300166 0.6325624042206011 -0.7411591823108802
vn 0.2248285374300166 0.6325624042206011 -0.7411591823108802
vn 0.2248285374300166 0.6325624042206011 -0.7411591823108802
vn 0.2248285374300166 0.6325624042206011 -0.7411591823108802
vn 0.2248285374300166 0.6325624042206011 -0.7411591823108802
vn 0.2248285374300166 0.6325624042206011 -0.7411591823108802
vn 0.18468564448369312 -0.7715060358796597 -0.6088264525485865
vn 0.18468564448369312 -0.7715060358796597 -0.6088264525485865
vn 0.18468564448369312 -0.7715060358796597 -0.6088264525485865
vn 0.18468564448369312 -0.7715060358796597 -0.6088264525485865
vn 0.18468564448369312 -0.7715060358796597 -0.6088264525485865
vn 0.18468564448369312 -0.7715060358796597 -0.6088264525485865
vn 0.25628216574823837 0.46962846730583463 -0.8448482433048938
vn 0.25628216574823837 0.46962846730583463 -0.8448482433048938
vn 0.25628216574823837 0.46962846730583463 -0.8448482433048938
vn 0.25628216574823837 0.46962846730583463 -0.8448482433048938
vn 0.25628216574823837 0.46962846730583463 -0.8448482433048938
vn 0.25628216574823837 0.46962846730583463 -0.8448482433048938
vn 0.13735333579812875 -0.8809722761248909 -0.45279345163601414
vn 0.13735333579812875 -0.8809722761248909 -0.45279345163601414
vn 0.13735333579812875 -0.8809722761248909 -0.45279345163601414
vn 0.13735333579812875 -0.8809722761248909 -0.45279345163601414
vn 0.13735333579812875 -0.8809722761248909 -0.45279345163601414
vn 0.13735333579812875 -0.8809722761248909 -0.45279345163601414
vn 0.2778978002127386 0.28900348620760047 -0.9161057786068015
vn 0.2778978002127386 0.28900348620760047 -0.9161057786068015
vn 0.2778978002127386 0.28900348620760047 -0.9161057786068015
vn 0.2778978002127386 0.28900348620760047 -0.9161057786068015
vn 0.2778978002127386 0.28900348620760047 -0.9161057786068015
vn 0.2778978002127386 0.28900348620760047 -0.9161057786068015
vn 0.28890037864980106 0.09754981080227121 -0.9523762941340164
vn 0.28890037864980106 0.09754981080227121 -0.9523762941340164
vn 0.28890037864980106 0.09754981080227121 -0.9523762941340164
vn 0.28890037864980106 0.09754981080227121 -0.9523762941340164
vn 0.28890037864980106 0.09754981080227121 -0.9523762941340164
vn 0.28890037864980106 0.09754981080227121 -0.9523762941340164
vn 0.2889005484437994 -0.09755011324205193 -0.9523762116492278
vn 0.2889005484437994 -0.09755011324205193 -0.9523762116492278
vn 0.2889005484437994 -0.09755011324205193 -0.9523762116492278
vn 0.2889005484437994 -0.09755011324205193 -0.9523762116492278
vn 0.2889005484437994 -0.09755011324205193 -0.9523762116492278
vn 0.2889005484437994 -0.09755011324205193 -0.9523762116492278
vn 0.2230509424204909 -0.8809720588466341 -0.41729666739246
vn 0.2230509424204909 -0.8809720588466341 -0.41729666739246
vn 0.2230509424204909 -0.8809720588466341 -0.41729666739246
vn 0.2230509424204909 -0.8809720588466341 -0.41729666739246
vn 0.2230509424204909 -0.8809720588466341 -0.41729666739246
vn 0.2230509424204909 -0.8809720588466341 -0.41729666739246
vn 0.4512813852780278 0.28900409041807756 -0.8442877157836443
vn 0.4512813852780278 0.28900409041807756 -0.8442877157836443
vn 0.4512813852780278 0.28900409041807756 -0.8442877157836443
vn 0.4512813852780278 0.28900409041807756 -0.8442877157836443
vn 0.4512813852780278 0.28900409041807756 -0.8442877157836443
vn 0.4512813852780278 0.28900409041807756 -0.8442877157836443
vn 0.46914862801642493 0.09754922679161754 -0.8777150523846926
vn 0.46914862801642493 0.09754922679161754 -0.8777150523846926
vn 0.46914862801642493 0.09754922679161754 -0.8777150523846926
vn 0.46914862801642493 0.09754922679161754 -0.8777150523846926
vn 0.46914862801642493 0.09754922679161754 -0.8777150523846926
vn 0.46914862801642493 0.09754922679161754 -0.8777150523846926
vn 0.469148628016425 -0.09754951278747533 -0.8777150205990737
vn 0.469148628016425 -0.09754951278747533 -0.8777150205990737
vn 0.469148628016425 -0.09754951278747533 -0.8777150205990737
vn 0.469148628016425 -0.09754951278747533 -0.8777150205990737
vn 0.469148628016425 -0.09754951278747533 -0.8777150205990737
vn 0.469148628016425 -0.09754951278747533 -0.8777150205990737
vn 0.4512814349892795 -0.2890039824726581 -0.844287726162687
vn 0.4512814349892795 -0.2890039824726581 -0.844287726162687
vn 0.4512814349892795 -0.2890039824726581 -0.844287726162687
vn 0.4512814349892795 -0.2890039824726581 -0.844287726162687
vn 0.4512814349892795 -0.2890039824726581 -0.844287726162687
vn 0.4512814349892795 -0.2890039824726581 -0.844287726162687
vn 0.2230502618067612 0.8809721200526438 -0.41729690197494307
vn 0.2230502618067612 0.8809721200526438 -0.41729690197494307
vn 0.2230502618067612 0.8809721200526438 -0.41729690197494307
vn 0.2230502618067612 0.8809721200526438 -0.41729690197494307
vn 0.2230502618067612 0.8809721200526438 -0.41729690197494307
vn 0.2230502618067612 0.8809721200526438 -0.41729690197494307
vn 0.41617955887400926 -0.46962797424209346 -0.7786168124210412
vn 0.41617955887400926 -0.46962797424209346 -0.7786168124210412
vn 0.41617955887400926 -0.46962797424209346 -0.7786168124210412
vn 0.41617955887400926 -0.46962797424209346 -0.7786168124210412
vn 0.41617955887400926 -0.46962797424209346 -0.7786168124210412
vn 0.41617955887400926 -0.46962797424209346 -0.7786168124210412
vn 0.2999129800761955 0.7715057179427457 -0.561098147888107
vn 0.2999129800761955 0.7715057179427457 -0.561098147888107
vn 0.2999129800761955 0.7715057179427457 -0.561098147888107
vn 0.2999129800761955 0.7715057179427457 -0.561098147888107
vn 0.2999129800761955 0.7715057179427457 -0.561098147888107
vn 0.2999129800761955 0.7715057179427457 -0.561098147888107
vn 0.36510094626815737 -0.6325626825381323 -0.6830561848737322
vn 0.36510094626815737 -0.6325626825381323 -0.6830561848737322
vn 0.36510094626815737 -0.6325626825381323 -0.6830561848737322
vn 0.36510094626815737 -0.6325626825381323 -0.6830561848737322
vn 0.36510094626815737 -0.6325626825381323 -0.6830561848737322
vn 0.36510094626815737 -0.6325626825381323 -0.6830561848737322
vn 0.3651008681762728 0.6325626067536597 -0.683056296796938
vn 0.3651008681762728 0.6325626067536597 -0.683056296796938
vn 0.3651008681762728 0.6325626067536597 -0.683056296796938
vn 0.3651008681762728 0.6325626067536597 -0.683056296796938
vn 0.3651008681762728 0.6325626067536597 -0.683056296796938
vn 0.3651008681762728 0.6325626067536597 -0.683056296796938
vn 0.29991284400633217 -0.7715059766082508 -0.5610978649556445
vn 0.29991284400633217 -0.7715059766082508 -0.5610978649556445
vn 0.29991284400633217 -0.7715059766082508 -0.5610978649556445
vn 0.29991284400633217 -0.7715059766082508 -0.5610978649556445
vn 0.29991284400633217 -0.7715059766082508 -0.5610978649556445
vn 0.29991284400633217 -0.7715059766082508 -0.5610978649556445
vn 0.416179287867754 0.46962816060083223 -0.778616844873374
vn 0.416179287867754 0.46962816060083223 -0.778616844873374
vn 0.416179287867754 0.46962816060083223 -0.778616844873374
vn 0.416179287867754 0.46962816060083223 -0.778616844873374
vn 0.416179287867754 0.46962816060083223 -0.778616844873374
vn 0.416179287867754 0.46962816060083223 -0.778616844873374
vn 0.3001745086245389 0.8809721590526889 -0.3657640213936582
vn 0.3001745086245389 0.8809721590526889 -0.3657640213936582
vn 0.3001745086245389 0.8809721590526889 -0.3657640213936582
vn 0.3001745086245389 0.8809721590526889 -0.3657640213936582
vn 0.3001745086245389 0.8809721590526889 -0.3657640213936582
vn 0.3001745086245389 0.8809721590526889 -0.3657640213936582
vn 0.5600832342060543 -0.4696284449607972 -0.682463108486451
vn 0.5600832342060543 -0.4696284449607972 -0.682463108486451
vn 0.5600832342060543 -0.4696284449607972 -0.682463108486451
vn 0.5600832342060543 -0.4696284449607972 -0.682463108486451
vn 0.5600832342060543 -0.4696284449607972 -0.682463108486451
vn 0.5600832342060543 -0.4696284449607972 -0.682463108486451
vn 0.40361520569283404 0.7715056914373005 -0.49180660204330734
vn 0.40361520569283404 0.7715056914373005 -0.49180660204330734
vn 0.40361520569283404 0.7715056914373005 -0.49180660204330734
vn 0.40361520569283404 0.7715056914373005 -0.49180660204330734
vn 0.40361520569283404 0.7715056914373005 -0.49180660204330734
vn 0.40361520569283404 0.7715056914373005 -0.49180660204330734
vn 0.4913435880303596 -0.6325623989856893 -0.5987038415535029
vn 0.4913435880303596 -0.6325623989856893 -0.5987038415535029
vn 0.4913435880303596 -0.6325623989856893 -0.5987038415535029
vn 0.4913435880303596 -0.6325623989856893 -0.5987038415535029
vn 0.4913435880303596 -0.6325623989856893 -0.5987038415535029
vn 0.4913435880303596 -0.6325623989856893 -0.5987038415535029
vn 0.4913435182247071 0.6325623483474788 -0.5987039523434682
vn 0.4913435182247071 0.6325623483474788 -0.5987039523434682
vn 0.4913435182247071 0.6325623483474788 -0.5987039523434682
vn 0.4913435182247071 0.6325623483474788 -0.5987039523434682
vn 0.4913435182247071 0.6325623483474788 -0.5987039523434682
vn 0.4913435182247071 0.6325623483474788 -0.5987039523434682
vn 0.4036152168407117 -0.7715059974821681 -0.4918061127961606
vn 0.4036152168407117 -0.7715059974821681 -0.4918061127961606
vn 0.4036152168407117 -0.7715059974821681 -0.4918061127961606
vn 0.4036152168407117 -0.7715059974821681 -0.4918061127961606
vn 0.4036152168407117 -0.7715059974821681 -0.4918061127961606
vn 0.4036152168407117 -0.7715059974821681 -0.4918061127961606
vn 0.560083234939799 0.469628133794339 -0.6824633220094809
vn 0.560083234939799 0.469628133794339 -0.6824633220094809
vn 0.560083234939799 0.469628133794339 -0.6824633220094809
vn 0.560083234939799 0.469628133794339 -0.6824633220094809
vn 0.560083234939799 0.469628133794339 -0.6824633220094809
vn 0.560083234939799 0.469628133794339 -0.6824633220094809
vn 0.3001739351636471 -0.8809724676106107 -0.365763748833099
vn 0.3001739351636471 -0.8809724676106107 -0.365763748833099
vn 0.3001739351636471 -0.8809724676106107 -0.365763748833099
vn 0.3001739351636471 -0.8809724676106107 -0.365763748833099
vn 0.3001739351636471 -0.8809724676106107 -0.365763748833099
vn 0.3001739351636471 -0.8809724676106107 -0.365763748833099
vn 0.6073223719871256 0.2890037175855914 -0.7400245858791714
vn 0.6073223719871256 0.2890037175855914 -0.7400245858791714
vn 0.6073223719871256 0.2890037175855914 -0.7400245858791714
vn 0.6073223719871256 0.2890037175855914 -0.7400245858791714
vn 0.6073223719871256 0.2890037175855914 -0.7400245858791714
vn 0.6073223719871256 0.2890037175855914 -0.7400245858791714
vn 0.6313676338499611 0.09755005798903964 -0.7693236621299494
vn 0.6313676338499611 0.09755005798903964 -0.7693236621299494
vn 0.6313676338499611 0.09755005798903964 -0.7693236621299494
vn 0.6313676338499611 0.09755005798903964 -0.7693236621299494
vn 0.6313676338499611 0.09755005798903964 -0.7693236621299494
vn 0.6313676338499611 0.09755005798903964 -0.7693236621299494
vn 0.6313675980052239 -0.09755031233755605 -0.7693236592955914
vn 0.6313675980052239 -0.09755031233755605 -0.7693236592955914
vn 0.6313675980052239 -0.09755031233755605 -0.7693236592955914
vn 0.6313675980052239 -0.09755031233755605 -0.7693236592955914
vn 0.6313675980052239 -0.09755031233755605 -0.7693236592955914
vn 0.6313675980052239 -0.09755031233755605 -0.7693236592955914
vn 0.6073223811807448 -0.2890036054632787 -0.740024622121572
vn 0.6073223811807448 -0.2890036054632787 -0.740024622121572
vn 0.6073223811807448 -0.2890036054632787 -0.740024622121572
vn 0.6073223811807448 -0.2890036054632787 -0.740024622121572
vn 0.6073223811807448 -0.2890036054632787 -0.740024622121572
vn 0.6073223811807448 -0.2890036054632787 -0.740024622121572
vn 0.7400247152906348 0.28900329126553126 -0.6073224171695835
vn 0.7400247152906348 0.28900329126553126 -0.6073224171695835
vn 0.7400247152906348 0.28900329126553126 -0.6073224171695835
vn 0.7400247152906348 0.28900329126553126 -0.6073224171695835
vn 0.7400247152906348 0.28900329126553126 -0.6073224171695835
vn 0.7400247152906348 0.28900329126553126 -0.6073224171695835
vn 0.7693238312616129 0.09755020056905087 -0.6313674057328992
vn 0.7693238312616129 0.09755020056905087 -0.6313674057328992
vn 0.7693238312616129 0.09755020056905087 -0.6313674057328992
vn 0.7693238312616129 0.09755020056905087 -0.6313674057328992
vn 0.7693238312616129 0.09755020056905087 -0.6313674057328992
vn 0.7693238312616129 0.09755020056905087 -0.6313674057328992
vn 0.7693238555887013 -0.09755040182145691 -0.6313673449954531
vn 0.7693238555887013 -0.09755040182145691 -0.6313673449954531
vn 0.7693238555887013 -0.09755040182145691 -0.6313673449954531
vn 0.7693238555887013 -0.09755040182145691 -0.6313673449954531
vn 0.7693238555887013 -0.09755040182145691 -0.6313673449954531
vn 0.7693238555887013 -0.09755040182145691 -0.6313673449954531
vn 0.7400246551655332 -0.28900351875535063 -0.6073223821778344
vn 0.7400246551655332 -0.28900351875535063 -0.6073223821778344
vn 0.7400246551655332 -0.28900351875535063 -0.6073223821778344
vn 0.7400246551655332 -0.28900351875535063 -0.6073223821778344
vn 0.7400246551655332 -0.28900351875535063 -0.6073223821778344
vn 0.7400246551655332 -0.28900351875535063 -0.6073223821778344
vn 0.3657640065151782 0.8809720610915363 -0.30017481425678494
vn 0.3657640065151782 0.8809720610915363 -0.30017481425678494
vn 0.3657640065151782 0.8809720610915363 -0.30017481425678494
vn 0.3657640065151782 0.8809720610915363 -0.30017481425678494
vn 0.3657640065151782 0.8809720610915363 -0.30017481425678494
vn 0.3657640065151782 0.8809720610915363 -0.30017481425678494
vn 0.6824632969356905 -0.46962828222051317 -0.5600831410373622
vn 0.6824632969356905 -0.46962828222051317 -0.5600831410373622
vn 0.6824632969356905 -0.46962828222051317 -0.5600831410373622
vn 0.6824632969356905 -0.46962828222051317 -0.5600831410373622
vn 0.6824632969356905 -0.46962828222051317 -0.5600831410373622
vn 0.6824632969356905 -0.46962828222051317 -0.5600831410373622
vn 0.49180666513264976 0.7715057342982923 -0.4036150468899229
vn 0.49180666513264976 0.7715057342982923 -0.4036150468899229
vn 0.49180666513264976 0.7715057342982923 -0.4036150468899229
vn 0.49180666513264976 0.7715057342982923 -0.4036150468899229
vn 0.49180666513264976 0.7715057342982923 -0.4036150468899229
vn 0.49180666513264976 0.7715057342982923 -0.4036150468899229
vn 0.598703800967446 -0.632562657072381 -0.4913433052201505
vn 0.598703800967446 -0.632562657072381 -0.4913433052201505
vn 0.598703800967446 -0.632562657072381 -0.4913433052201505
vn 0.598703800967446 -0.632562657072381 -0.4913433052201505
vn 0.598703800967446 -0.632562657072381 -0.4913433052201505
vn 0.598703800967446 -0.632562657072381 -0.4913433052201505
vn 0.598703800967446 0.6325624969723787 -0.4913435113351985
vn 0.598703800967446 0.6325624969723787 -0.4913435113351985
vn 0.598703800967446 0.6325624969723787 -0.4913435113351985
vn 0.598703800967446 0.6325624969723787 -0.4913435113351985
vn 0.598703800967446 0.6325624969723787 -0.4913435113351985
vn 0.598703800967446 0.6325624969723787 -0.4913435113351985
vn 0.49180670652110053 -0.7715059435927019 -0.40361459639364267
vn 0.49180670652110053 -0.7715059435927019 -0.40361459639364267
vn 0.49180670652110053 -0.7715059435927019 -0.40361459639364267
vn 0.49180670652110053 -0.7715059435927019 -0.40361459639364267
vn 0.49180670652110053 -0.7715059435927019 -0.40361459639364267
vn 0.49180670652110053 -0.7715059435927019 -0.40361459639364267
vn 0.6824632808056829 0.4696285654597976 -0.5600829231963034
vn 0.6824632808056829 0.4696285654597976 -0.5600829231963034
vn 0.6824632808056829 0.4696285654597976 -0.5600829231963034
vn 0.6824632808056829 0.4696285654597976 -0.5600829231963034
vn 0.6824632808056829 0.4696285654597976 -0.5600829231963034
vn 0.6824632808056829 0.4696285654597976 -0.5600829231963034
vn 0.3657635841456239 -0.8809723375184964 -0.3001745176395622
vn 0.3657635841456239 -0.8809723375184964 -0.3001745176395622
vn 0.3657635841456239 -0.8809723375184964 -0.3001745176395622
vn 0.3657635841456239 -0.8809723375184964 -0.3001745176395622
vn 0.3657635841456239 -0.8809723375184964 -0.3001745176395622
vn 0.3657635841456239 -0.8809723375184964 -0.3001745176395622
vn 0.7786169830881576 -0.46962822175872654 -0.4161789602736207
vn 0.7786169830881576 -0.46962822175872654 -0.4161789602736207
vn 0.7786169830881576 -0.46962822175872654 -0.4161789602736207
vn 0.7786169830881576 -0.46962822175872654 -0.4161789602736207
vn 0.7786169830881576 -0.46962822175872654 -0.4161789602736207
vn 0.7786169830881576 -0.46962822175872654 -0.4161789602736207
vn 0.5610977814299998 0.7715059360843449 -0.29991310451687647
vn 0.5610977814299998 0.7715059360843449 -0.29991310451687647
vn 0.5610977814299998 0.7715059360843449 -0.29991310451687647
vn 0.5610977814299998 0.7715059360843449 -0.29991310451687647
vn 0.5610977814299998 0.7715059360843449 -0.29991310451687647
vn 0.5610977814299998 0.7715059360843449 -0.29991310451687647
vn 0.6830564998052501 -0.6325624273403707 -0.36510079921996713
vn 0.6830564998052501 -0.6325624273403707 -0.36510079921996713
vn 0.6830564998052501 -0.6325624273403707 -0.36510079921996713
vn 0.6830564998052501 -0.6325624273403707 -0.36510079921996713
vn 0.6830564998052501 -0.6325624273403707 -0.36510079921996713
vn 0.6830564998052501 -0.6325624273403707 -0.36510079921996713
vn 0.6830564348241525 0.6325623630010263 -0.36510103226350393
vn 0.6830564348241525 0.6325623630010263 -0.36510103226350393
vn 0.6830564348241525 0.6325623630010263 -0.36510103226350393
vn 0.6830564348241525 0.6325623630010263 -0.36510103226350393
vn 0.6830564348241525 0.6325623630010263 -0.36510103226350393
vn 0.6830564348241525 0.6325623630010263 -0.36510103226350393
vn 0.5610976846975564 -0.7715060423625593 -0.29991301209701227
vn 0.5610976846975564 -0.7715060423625593 -0.29991301209701227
vn 0.5610976846975564 -0.7715060423625593 -0.29991301209701227
vn 0.5610976846975564 -0.7715060423625593 -0.29991301209701227
vn 0.5610976846975564 -0.7715060423625593 -0.29991301209701227
vn 0.5610976846975564 -0.7715060423625593 -0.29991301209701227
vn 0.7786167683612312 0.46962821964938967 -0.41617936437989955
vn 0.7786167683612312 0.46962821964938967 -0.41617936437989955
vn 0.7786167683612312 0.46962821964938967 -0.41617936437989955
vn 0.7786167683612312 0.46962821964938967 -0.41617936437989955
vn 0.7786167683612312 0.46962821964938967 -0.41617936437989955
vn 0.7786167683612312 0.46962821964938967 -0.41617936437989955
vn 0.4172971186328911 -0.8809721668631952 -0.2230496715824827
vn 0.4172971186328911 -0.8809721668631952 -0.2230496715824827
vn 0.4172971186328911 -0.8809721668631952 -0.2230496715824827
vn 0.4172971186328911 -0.8809721668631952 -0.2230496715824827
vn 0.4172971186328911 -0.8809721668631952 -0.2230496715824827
vn 0.4172971186328911 -0.8809721668631952 -0.2230496715824827
vn 0.8442882545286677 0.28900338548885784 -0.4512808287983374
vn 0.8442882545286677 0.28900338548885784 -0.4512808287983374
vn 0.8442882545286677 0.28900338548885784 -0.4512808287983374
vn 0.8442882545286677 0.28900338548885784 -0.4512808287983374
vn 0.8442882545286677 0.28900338548885784 -0.4512808287983374
vn 0.8442882545286677 0.28900338548885784 -0.4512808287983374
vn 0.8777152000537427 0.09755029748884442 -0.46914812911750636
vn 0.8777152000537427 0.09755029748884442 -0.46914812911750636
vn 0.8777152000537427 0.09755029748884442 -0.46914812911750636
vn 0.8777152000537427 0.09755029748884442 -0.46914812911750636
vn 0.8777152000537427 0.09755029748884442 -0.46914812911750636
vn 0.8777152000537427 0.09755029748884442 -0.46914812911750636
vn 0.8777152137399228 -0.09755044525326236 -0.4691480727876559
vn 0.8777152137399228 -0.09755044525326236 -0.4691480727876559
vn 0.8777152137399228 -0.09755044525326236 -0.4691480727876559
vn 0.8777152137399228 -0.09755044525326236 -0.4691480727876559
vn 0.8777152137399228 -0.09755044525326236 -0.4691480727876559
vn 0.8777152137399228 -0.09755044525326236 -0.4691480727876559
vn 0.8442883225485756 -0.2890033267991475 -0.4512807391271401
vn 0.8442883225485756 -0.2890033267991475 -0.4512807391271401
vn 0.8442883225485756 -0.2890033267991475 -0.4512807391271401
vn 0.8442883225485756 -0.2890033267991475 -0.4512807391271401
vn 0.8442883225485756 -0.2890033267991475 -0.4512807391271401
vn 0.8442883225485756 -0.2890033267991475 -0.4512807391271401
vn 0.41729701733481495 0.8809721286851672 -0.22305001188834833
vn 0.41729701733481495 0.8809721286851672 -0.22305001188834833
vn 0.41729701733481495 0.8809721286851672 -0.22305001188834833
vn 0.41729701733481495 0.8809721286851672 -0.22305001188834833
vn 0.41729701733481495 0.8809721286851672 -0.22305001188834833
vn 0.41729701733481495 0.8809721286851672 -0.22305001188834833
vn 0.9523762508108924 0.09755045728819559 -0.2889003031743859
vn 0.9523762508108924 0.09755045728819559 -0.2889003031743859
vn 0.9523762508108924 0.09755045728819559 -0.2889003031743859
vn 0.9523762508108924 0.09755045728819559 -0.2889003031743859
vn 0.9523762508108924 0.09755045728819559 -0.2889003031743859
vn 0.9523762508108924 0.09755045728819559 -0.2889003031743859
vn 0.9523762508108924 -0.09755055142385698 -0.2889002713883973
vn 0.9523762508108924 -0.09755055142385698 -0.2889002713883973
vn 0.9523762508108924 -0.09755055142385698 -0.2889002713883973
vn 0.9523762508108924 -0.09755055142385698 -0.2889002713883973
vn 0.9523762508108924 -0.09755055142385698 -0.2889002713883973
vn 0.9523762508108924 -0.09755055142385698 -0.2889002713883973
vn 0.9161058216986318 -0.2890034033556028 -0.27789774432109643
vn 0.9161058216986318 -0.2890034033556028 -0.27789774432109643
vn 0.9161058216986318 -0.2890034033556028 -0.27789774432109643
vn 0.9161058216986318 -0.2890034033556028 -0.27789774432109643
vn 0.9161058216986318 -0.2890034033556028 -0.27789774432109643
vn 0.9161058216986318 -0.2890034033556028 -0.27789774432109643
vn 0.4527936309044592 0.8809721915300531 -0.13735328741275837
vn 0.4527936309044592 0.8809721915300531 -0.13735328741275837
vn 0.4527936309044592 0.8809721915300531 -0.13735328741275837
vn 0.4527936309044592 0.8809721915300531 -0.13735328741275837
vn 0.4527936309044592 0.8809721915300531 -0.13735328741275837
vn 0.4527936309044592 0.8809721915300531 -0.13735328741275837
vn 0.8448486045674348 -0.46962797599843514 -0.2562818751298487
vn 0.8448486045674348 -0.46962797599843514 -0.2562818751298487
vn 0.8448486045674348 -0.46962797599843514 -0.2562818751298487
vn 0.8448486045674348 -0.46962797599843514 -0.2562818751298487
vn 0.8448486045674348 -0.46962797599843514 -0.2562818751298487
vn 0.8448486045674348 -0.46962797599843514 -0.2562818751298487
vn 0.6088266621815568 0.7715058778316292 -0.18468561364684602
vn 0.6088266621815568 0.7715058778316292 -0.18468561364684602
vn 0.6088266621815568 0.7715058778316292 -0.18468561364684602
vn 0.6088266621815568 0.7715058778316292 -0.18468561364684602
vn 0.6088266621815568 0.7715058778316292 -0.18468561364684602
vn 0.6088266621815568 0.7715058778316292 -0.18468561364684602
vn 0.7411592167710225 -0.6325626368302592 -0.22482776937405707
vn 0.7411592167710225 -0.6325626368302592 -0.22482776937405707
vn 0.7411592167710225 -0.6325626368302592 -0.22482776937405707
vn 0.7411592167710225 -0.6325626368302592 -0.22482776937405707
vn 0.7411592167710225 -0.6325626368302592 -0.22482776937405707
vn 0.7411592167710225 -0.6325626368302592 -0.22482776937405707
vn 0.7411592167710225 0.6325625635720404 -0.2248279754891125
vn 0.7411592167710225 0.6325625635720404 -0.2248279754891125
vn 0.7411592167710225 0.6325625635720404 -0.2248279754891125
vn 0.7411592167710225 0.6325625635720404 -0.2248279754891125
vn 0.7411592167710225 0.6325625635720404 -0.2248279754891125
vn 0.7411592167710225 0.6325625635720404 -0.2248279754891125
vn 0.6088266963941326 -0.7715058621547615 -0.18468556635169045
vn 0.6088266963941326 -0.7715058621547615 -0.18468556635169045
vn 0.6088266963941326 -0.7715058621547615 -0.18468556635169045
vn 0.6088266963941326 -0.7715058621547615 -0.18468556635169045
vn 0.6088266963941326 -0.7715058621547615 -0.18468556635169045
vn 0.6088266963941326 -0.7715058621547615 -0.18468556635169045
vn 0.8448485615936184 0.46962810702183916 -0.25628177669954966
vn 0.8448485615936184 0.46962810702183916 -0.25628177669954966
vn 0.8448485615936184 0.46962810702183916 -0.25628177669954966
vn 0.8448485615936184 0.46962810702183916 -0.25628177669954966
vn 0.8448485615936184 0.46962810702183916 -0.25628177669954966
vn 0.8448485615936184 0.46962810702183916 -0.25628177669954966
vn 0.45279345393821324 -0.8809722978648669 -0.137353188770409
vn 0.45279345393821324 -0.8809722978648669 -0.137353188770409
vn 0.45279345393821324 -0.8809722978648669 -0.137353188770409
vn 0.45279345393821324 -0.8809722978648669 -0.137353188770409
vn 0.45279345393821324 -0.8809722978648669 -0.137353188770409
vn 0.45279345393821324 -0.8809722978648669 -0.137353188770409
vn 0.9161057946453269 0.28900337167972445 -0.27789786644557923
vn 0.9161057946453269 0.28900337167972445 -0.27789786644557923
vn 0.9161057946453269 0.28900337167972445 -0.27789786644557923
vn 0.9161057946453269 0.28900337167972445 -0.27789786644557923
vn 0.9161057946453269 0.28900337167972445 -0.27789786644557923
vn 0.9161057946453269 0.28900337167972445 -0.27789786644557923
vn 0.7707797483978228 -0.6325626167910817 -0.07591518489872744
vn 0.7707797483978228 -0.6325626167910817 -0.07591518489872744
vn 0.7707797483978228 -0.6325626167910817 -0.07591518489872744
vn 0.7707797483978228 -0.6325626167910817 -0.07591518489872744
vn 0.7707797483978228 -0.6325626167910817 -0.07591518489872744
vn 0.7707797483978228 -0.6325626167910817 -0.07591518489872744
vn 0.7707797483978227 0.6325625920547413 -0.07591539101378426
vn 0.7707797483978227 0.6325625920547413 -0.07591539101378426
vn 0.7707797483978227 0.6325625920547413 -0.07591539101378426
vn 0.7707797483978227 0.6325625920547413 -0.07591539101378426
vn 0.7707797483978227 0.6325625920547413 -0.07591539101378426
vn 0.7707797483978227 0.6325625920547413 -0.07591539101378426
vn 0.6331587955917891 -0.7715057611934238 -0.06236024382658109
vn 0.6331587955917891 -0.7715057611934238 -0.06236024382658109
vn 0.6331587955917891 -0.7715057611934238 -0.06236024382658109
vn 0.6331587955917891 -0.7715057611934238 -0.06236024382658109
vn 0.6331587955917891 -0.7715057611934238 -0.06236024382658109
vn 0.6331587955917891 -0.7715057611934238 -0.06236024382658109
vn 0.8786129717501028 0.46962836704530747 -0.08653578877441989
vn 0.8786129717501028 0.46962836704530747 -0.08653578877441989
vn 0.8786129717501028 0.46962836704530747 -0.08653578877441989
vn 0.8786129717501028 0.46962836704530747 -0.08653578877441989
vn 0.8786129717501028 0.46962836704530747 -0.08653578877441989
vn 0.8786129717501028 0.46962836704530747 -0.08653578877441989
vn 0.4708900236980749 -0.8809719990194355 -0.04637803925702846
vn 0.4708900236980749 -0.8809719990194355 -0.04637803925702846
vn 0.4708900236980749 -0.8809719990194355 -0.04637803925702846
vn 0.4708900236980749 -0.8809719990194355 -0.04637803925702846
vn 0.4708900236980749 -0.8809719990194355 -0.04637803925702846
vn 0.4708900236980749 -0.8809719990194355 -0.04637803925702846
vn 0.9527183343280223 0.28900325451909736 -0.093834398344148
vn 0.9527183343280223 0.28900325451909736 -0.093834398344148
vn 0.9527183343280223 0.28900325451909736 -0.093834398344148
vn 0.9527183343280223 0.28900325451909736 -0.093834398344148
vn 0.9527183343280223 0.28900325451909736 -0.093834398344148
vn 0.9527183343280223 0.28900325451909736 -0.093834398344148
vn 0.990438271831623 0.09755077008909459 -0.09754935646231924
vn 0.990438271831623 0.09755077008909459 -0.09754935646231924
vn 0.990438271831623 0.09755077008909459 -0.09754935646231924
vn 0.990438271831623 0.09755077008909459 -0.09754935646231924
vn 0.990438271831623 0.09755077008909459 -0.09754935646231924
vn 0.990438271831623 0.09755077008909459 -0.09754935646231924
vn 0.990438271831623 -0.097550801874704 -0.09754932467623885
vn 0.990438271831623 -0.097550801874704 -0.09754932467623885
vn 0.990438271831623 -0.097550801874704 -0.09754932467623885
vn 0.990438271831623 -0.097550801874704 -0.09754932467623885
vn 0.990438271831623 -0.097550801874704 -0.09754932467623885
vn 0.990438271831623 -0.097550801874704 -0.09754932467623885
vn 0.952718342533755 -0.2890032577810644 -0.09383430498312735
vn 0.952718342533755 -0.2890032577810644 -0.09383430498312735
vn 0.952718342533755 -0.2890032577810644 -0.09383430498312735
vn 0.952718342533755 -0.2890032577810644 -0.09383430498312735
vn 0.952718342533755 -0.2890032577810644 -0.09383430498312735
vn 0.952718342533755 -0.2890032577810644 -0.09383430498312735
vn 0.4708896155275644 0.8809721796750749 -0.04637875188974201
vn 0.4708896155275644 0.8809721796750749 -0.04637875188974201
vn 0.4708896155275644 0.8809721796750749 -0.04637875188974201
vn 0.4708896155275644 0.8809721796750749 -0.04637875188974201
vn 0.4708896155275644 0.8809721796750749 -0.04637875188974201
vn 0.4708896155275644 0.8809721796750749 -0.04637875188974201
vn 0.8786131393006499 -0.46962809325559224 -0.08653557345608504
vn 0.8786131393006499 -0.46962809325559224 -0.08653557345608504
vn 0.8786131393006499 -0.46962809325559224 -0.08653557345608504
vn 0.8786131393006499 -0.46962809325559224 -0.08653557345608504
vn 0.8786131393006499 -0.46962809325559224 -0.08653557345608504
vn 0.8786131393006499 -0.46962809325559224 -0.08653557345608504
vn 0.6331587759070741 0.7715057299116819 -0.062360830697630786
vn 0.6331587759070741 0.7715057299116819 -0.062360830697630786
vn 0.6331587759070741 0.7715057299116819 -0.062360830697630786
vn 0.6331587759070741 0.7715057299116819 -0.062360830697630786
vn 0.6331587759070741 0.7715057299116819 -0.062360830697630786
vn 0.6331587759070741 0.7715057299116819 -0.062360830697630786
vn 0.9904382037506589 -0.09755105982681246 0.0975497579588689
vn 0.9904382037506589 -0.09755105982681246 0.0975497579588689
vn 0.9904382037506589 -0.09755105982681246 0.0975497579588689
vn 0.9904382037506589 -0.09755105982681246 0.0975497579588689
vn 0.9904382037506589 -0.09755105982681246 0.0975497579588689
vn 0.9904382037506589 -0.09755105982681246 0.0975497579588689
vn 0.9527183469287606 -0.28900307952748494 0.0938348093671009
vn 0.9527183469287606 -0.28900307952748494 0.0938348093671009
vn 0.9527183469287606 -0.28900307952748494 0.0938348093671009
vn 0.9527183469287606 -0.28900307952748494 0.0938348093671009
vn 0.9527183469287606 -0.28900307952748494 0.0938348093671009
vn 0.9527183469287606 -0.28900307952748494 0.0938348093671009
vn 0.47088949500132044 0.8809722480795255 0.04637867625437697
vn 0.47088949500132044 0.8809722480795255 0.04637867625437697
vn 0.47088949500132044 0.8809722480795255 0.04637867625437697
vn 0.47088949500132044 0.8809722480795255 0.04637867625437697
vn 0.47088949500132044 0.8809722480795255 0.04637867625437697
vn 0.47088949500132044 0.8809722480795255 0.04637867625437697
vn 0.8786131310390076 -0.4696280010380468 0.08653615780030868
vn 0.8786131310390076 -0.4696280010380468 0.08653615780030868
vn 0.8786131310390076 -0.4696280010380468 0.08653615780030868
vn 0.8786131310390076 -0.4696280010380468 0.08653615780030868
vn 0.8786131310390076 -0.4696280010380468 0.08653615780030868
vn 0.8786131310390076 -0.4696280010380468 0.08653615780030868
vn 0.6331585085394121 0.7715059663992104 0.062360619581332065
vn 0.6331585085394121 0.7715059663992104 0.062360619581332065
vn 0.6331585085394121 0.7715059663992104 0.062360619581332065
vn 0.6331585085394121 0.7715059663992104 0.062360619581332065
vn 0.6331585085394121 0.7715059663992104 0.062360619581332065
vn 0.6331585085394121 0.7715059663992104 0.062360619581332065
vn 0.7707798799724889 -0.6325624340772188 0.07591537145993255
vn 0.7707798799724889 -0.6325624340772188 0.07591537145993255
vn 0.7707798799724889 -0.6325624340772188 0.07591537145993255
vn 0.7707798799724889 -0.6325624340772188 0.07591537145993255
vn 0.7707798799724889 -0.6325624340772188 0.07591537145993255
vn 0.7707798799724889 -0.6325624340772188 0.07591537145993255
vn 0.7707798799724889 0.6325624588135528 0.07591516534492716
vn 0.7707798799724889 0.6325624588135528 0.07591516534492716
vn 0.7707798799724889 0.6325624588135528 0.07591516534492716
vn 0.7707798799724889 0.6325624588135528 0.07591516534492716
vn 0.7707798799724889 0.6325624588135528 0.07591516534492716
vn 0.7707798799724889 0.6325624588135528 0.07591516534492716
vn 0.6331584040071211 -0.7715060105442336 0.06236113476578092
vn 0.6331584040071211 -0.7715060105442336 0.06236113476578092
vn 0.6331584040071211 -0.7715060105442336 0.06236113476578092
vn 0.6331584040071211 -0.7715060105442336 0.06236113476578092
vn 0.6331584040071211 -0.7715060105442336 0.06236113476578092
vn 0.6331584040071211 -0.7715060105442336 0.06236113476578092
vn 0.8786129736116972 0.4696283941802408 0.08653562261230546
vn 0.8786129736116972 0.4696283941802408 0.08653562261230546
vn 0.8786129736116972 0.4696283941802408 0.08653562261230546
vn 0.8786129736116972 0.4696283941802408 0.08653562261230546
vn 0.8786129736116972 0.4696283941802408 0.08653562261230546
vn 0.8786129736116972 0.4696283941802408 0.08653562261230546
vn 0.4708896911167224 -0.8809721499753828 0.04637854857312062
vn 0.4708896911167224 -0.8809721499753828 0.04637854857312062
vn 0.4708896911167224 -0.8809721499753828 0.04637854857312062
vn 0.4708896911167224 -0.8809721499753828 0.04637854857312062
vn 0.4708896911167224 -0.8809721499753828 0.04637854857312062
vn 0.4708896911167224 -0.8809721499753828 0.04637854857312062
vn 0.9527183606376495 0.2890030663781278 0.09383471067760132
vn 0.9527183606376495 0.2890030663781278 0.09383471067760132
vn 0.9527183606376495 0.2890030663781278 0.09383471067760132
vn 0.9527183606376495 0.2890030663781278 0.09383471067760132
vn 0.9527183606376495 0.2890030663781278 0.09383471067760132
vn 0.9527183606376495 0.2890030663781278 0.09383471067760132
vn 0.9904382037506588 0.0975510916125527 0.09754972617269408
vn 0.9904382037506588 0.0975510916125527 0.09754972617269408
vn 0.9904382037506588 0.0975510916125527 0.09754972617269408
vn 0.9904382037506588 0.0975510916125527 0.09754972617269408
vn 0.9904382037506588 0.0975510916125527 0.09754972617269408
vn 0.9904382037506588 0.0975510916125527 0.09754972617269408
vn 0.7411593257956095 0.6325623301147334 0.22482827292406218
vn 0.7411593257956095 0.6325623301147334 0.22482827292406218
vn 0.7411593257956095 0.6325623301147334 0.22482827292406218
vn 0.7411593257956095 0.6325623301147334 0.22482827292406218
vn 0.7411593257956095 0.6325623301147334 0.22482827292406218
vn 0.7411593257956095 0.6325623301147334 0.22482827292406218
vn 0.6088265211648989 -0.7715059257283431 0.18468587843227036
vn 0.6088265211648989 -0.7715059257283431 0.18468587843227036
vn 0.6088265211648989 -0.7715059257283431 0.18468587843227036
vn 0.6088265211648989 -0.7715059257283431 0.18468587843227036
vn 0.6088265211648989 -0.7715059257283431 0.18468587843227036
vn 0.6088265211648989 -0.7715059257283431 0.18468587843227036
vn 0.8448481903062106 0.46962862664062804 0.2562820484855672
vn 0.8448481903062106 0.46962862664062804 0.2562820484855672
vn 0.8448481903062106 0.46962862664062804 0.2562820484855672
vn 0.8448481903062106 0.46962862664062804 0.2562820484855672
vn 0.8448481903062106 0.46962862664062804 0.2562820484855672
vn 0.8448481903062106 0.46962862664062804 0.2562820484855672
vn 0.4527936781377499 -0.8809721046149014 0.13735368917098323
vn 0.4527936781377499 -0.8809721046149014 0.13735368917098323
vn 0.4527936781377499 -0.8809721046149014 0.13735368917098323
vn 0.4527936781377499 -0.8809721046149014 0.13735368917098323
vn 0.4527936781377499 -0.8809721046149014 0.13735368917098323
vn 0.4527936781377499 -0.8809721046149014 0.13735368917098323
vn 0.9161059262679383 0.2890030301103938 0.2778977877633669
vn 0.9161059262679383 0.2890030301103938 0.2778977877633669
vn 0.9161059262679383 0.2890030301103938 0.2778977877633669
vn 0.9161059262679383 0.2890030301103938 0.2778977877633669
vn 0.9161059262679383 0.2890030301103938 0.2778977877633669
vn 0.9161059262679383 0.2890030301103938 0.2778977877633669
vn 0.9523761940507641 0.0975511565575727 0.28890025417029547
vn 0.9523761940507641 0.0975511565575727 0.28890025417029547
vn 0.9523761940507641 0.0975511565575727 0.28890025417029547
vn 0.9523761940507641 0.0975511565575727 0.28890025417029547
vn 0.9523761940507641 0.0975511565575727 0.28890025417029547
vn 0.9523761940507641 0.0975511565575727 0.28890025417029547
vn 0.9523761940507641 -0.09755106242191691 0.28890028595648126
vn 0.9523761940507641 -0.09755106242191691 0.28890028595648126
vn 0.9523761940507641 -0.09755106242191691 0.28890028595648126
vn 0.9523761940507641 -0.09755106242191691 0.28890028595648126
vn 0.9523761940507641 -0.09755106242191691 0.28890028595648126
vn 0.9523761940507641 -0.09755106242191691 0.28890028595648126
vn 0.9161058795320185 -0.28900304402533045 0.2778979273599568
vn 0.9161058795320185 -0.28900304402533045 0.2778979273599568
vn 0.9161058795320185 -0.28900304402533045 0.2778979273599568
vn 0.9161058795320185 -0.28900304402533045 0.2778979273599568
vn 0.9161058795320185 -0.28900304402533045 0.2778979273599568
vn 0.9161058795320185 -0.28900304402533045 0.2778979273599568
vn 0.45279352316130256 0.8809722585943511 0.13735321245002796
vn 0.45279352316130256 0.8809722585943511 0.13735321245002796
vn 0.45279352316130256 0.8809722585943511 0.13735321245002796
vn 0.45279352316130256 0.8809722585943511 0.13735321245002796
vn 0.45279352316130256 0.8809722585943511 0.13735321245002796
vn 0.45279352316130256 0.8809722585943511 0.13735321245002796
vn 0.8448484704782704 -0.46962815244077977 0.25628199383801226
vn 0.8448484704782704 -0.46962815244077977 0.25628199383801226
vn 0.8448484704782704 -0.46962815244077977 0.25628199383801226
vn 0.8448484704782704 -0.46962815244077977 0.25628199383801226
vn 0.8448484704782704 -0.46962815244077977 0.25628199383801226
vn 0.8448484704782704 -0.46962815244077977 0.25628199383801226
vn 0.6088267540112372 0.7715058596361195 0.18468538693484318
vn 0.6088267540112372 0.7715058596361195 0.18468538693484318
vn 0.6088267540112372 0.7715058596361195 0.18468538693484318
vn 0.6088267540112372 0.7715058596361195 0.18468538693484318
vn 0.6088267540112372 0.7715058596361195 0.18468538693484318
vn 0.6088267540112372 0.7715058596361195 0.18468538693484318
vn 0.7411593257956095 -0.6325622568563505 0.22482847903901773
vn 0.7411593257956095 -0.6325622568563505 0.22482847903901773
vn 0.7411593257956095 -0.6325622568563505 0.22482847903901773
vn 0.7411593257956095 -0.6325622568563505 0.22482847903901773
vn 0.7411593257956095 -0.6325622568563505 0.22482847903901773
vn 0.7411593257956095 -0.6325622568563505 0.22482847903901773
vn 0.877714901125661 -0.09755098284159913 0.469148545866455
vn 0.877714901125661 -0.09755098284159913 0.469148545866455
vn 0.877714901125661 -0.09755098284159913 0.469148545866455
vn 0.877714901125661 -0.09755098284159913 0.469148545866455
vn 0.877714901125661 -0.09755098284159913 0.469148545866455
vn 0.877714901125661 -0.09755098284159913 0.469148545866455
vn 0.8442879600798536 -0.28900293967745866 0.4512816651737434
vn 0.8442879600798536 -0.28900293967745866 0.4512816651737434
vn 0.8442879600798536 -0.28900293967745866 0.4512816651737434
vn 0.8442879600798536 -0.28900293967745866 0.4512816651737434
vn 0.8442879600798536 -0.28900293967745866 0.4512816651737434
vn 0.8442879600798536 -0.28900293967745866 0.4512816651737434
vn 0.4172970063126266 0.8809721814068906 0.2230498242763357
vn 0.4172970063126266 0.8809721814068906 0.2230498242763357
vn 0.4172970063126266 0.8809721814068906 0.2230498242763357
vn 0.4172970063126266 0.8809721814068906 0.2230498242763357
vn 0.4172970063126266 0.8809721814068906 0.2230498242763357
vn 0.4172970063126266 0.8809721814068906 0.2230498242763357
vn 0.7786167347999161 -0.4696281819015951 0.4161794697643307
vn 0.7786167347999161 -0.4696281819015951 0.4161794697643307
vn 0.7786167347999161 -0.4696281819015951 0.4161794697643307
vn 0.7786167347999161 -0.4696281819015951 0.4161794697643307
vn 0.7786167347999161 -0.4696281819015951 0.4161794697643307
vn 0.7786167347999161 -0.4696281819015951 0.4161794697643307
vn 0.5610980494406554 0.7715056945181996 0.29991322451649627
vn 0.5610980494406554 0.7715056945181996 0.29991322451649627
vn 0.5610980494406554 0.7715056945181996 0.29991322451649627
vn 0.5610980494406554 0.7715056945181996 0.29991322451649627
vn 0.5610980494406554 0.7715056945181996 0.29991322451649627
vn 0.5610980494406554 0.7715056945181996 0.29991322451649627
vn 0.6830563796957613 -0.6325621287277262 0.36510154129552436
vn 0.6830563796957613 -0.6325621287277262 0.36510154129552436
vn 0.6830563796957613 -0.6325621287277262 0.36510154129552436
vn 0.6830563796957613 -0.6325621287277262 0.36510154129552436
vn 0.6830563796957613 -0.6325621287277262 0.36510154129552436
vn 0.6830563796957613 -0.6325621287277262 0.36510154129552436
vn 0.6830563553328659 0.6325622803294141 0.3651013242153931
vn 0.6830563553328659 0.6325622803294141 0.3651013242153931
vn 0.6830563553328659 0.6325622803294141 0.3651013242153931
vn 0.6830563553328659 0.6325622803294141 0.3651013242153931
vn 0.6830563553328659 0.6325622803294141 0.3651013242153931
vn 0.6830563553328659 0.6325622803294141 0.3651013242153931
vn 0.5610977456058771 -0.7715059687824194 0.29991308742551187
vn 0.5610977456058771 -0.7715059687824194 0.29991308742551187
vn 0.5610977456058771 -0.7715059687824194 0.29991308742551187
vn 0.5610977456058771 -0.7715059687824194 0.29991308742551187
vn 0.5610977456058771 -0.7715059687824194 0.29991308742551187
vn 0.5610977456058771 -0.7715059687824194 0.29991308742551187
vn 0.7786165780793122 0.46962867616631154 0.41617920522575347
vn 0.7786165780793122 0.46962867616631154 0.41617920522575347
vn 0.7786165780793122 0.46962867616631154 0.41617920522575347
vn 0.7786165780793122 0.46962867616631154 0.41617920522575347
vn 0.7786165780793122 0.46962867616631154 0.41617920522575347
vn 0.7786165780793122 0.46962867616631154 0.41617920522575347
vn 0.41729689018427085 -0.8809721781491358 0.22305005440417167
vn 0.41729689018427085 -0.8809721781491358 0.22305005440417167
vn 0.41729689018427085 -0.8809721781491358 0.22305005440417167
vn 0.41729689018427085 -0.8809721781491358 0.22305005440417167
vn 0.41729689018427085 -0.8809721781491358 0.22305005440417167
vn 0.41729689018427085 -0.8809721781491358 0.22305005440417167
vn 0.8442879647781757 0.28900301932786643 0.45128160537529455
vn 0.8442879647781757 0.28900301932786643 0.45128160537529455
vn 0.8442879647781757 0.28900301932786643 0.45128160537529455
vn 0.8442879647781757 0.28900301932786643 0.45128160537529455
vn 0.8442879647781757 0.28900301932786643 0.45128160537529455
vn 0.8442879647781757 0.28900301932786643 0.45128160537529455
vn 0.8777148753058733 0.09755114774109516 0.4691485598839564
vn 0.8777148753058733 0.09755114774109516 0.4691485598839564
vn 0.8777148753058733 0.09755114774109516 0.4691485598839564
vn 0.8777148753058733 0.09755114774109516 0.4691485598839564
vn 0.8777148753058733 0.09755114774109516 0.4691485598839564
vn 0.8777148753058733 0.09755114774109516 0.4691485598839564
vn 0.4918061540524175 -0.7715058932926827 0.40361536572686324
vn 0.4918061540524175 -0.7715058932926827 0.40361536572686324
vn 0.4918061540524175 -0.7715058932926827 0.40361536572686324
vn 0.4918061540524175 -0.7715058932926827 0.40361536572686324
vn 0.4918061540524175 -0.7715058932926827 0.40361536572686324
vn 0.4918061540524175 -0.7715058932926827 0.40361536572686324
vn 0.6824630659793175 0.469628823797324 0.5600829683474151
vn 0.6824630659793175 0.469628823797324 0.5600829683474151
vn 0.6824630659793175 0.469628823797324 0.5600829683474151
vn 0.6824630659793175 0.469628823797324 0.5600829683474151
vn 0.6824630659793175 0.469628823797324 0.5600829683474151
vn 0.6824630659793175 0.469628823797324 0.5600829683474151
vn 0.3657639994799242 -0.8809719967185342 0.3001750117551573
vn 0.3657639994799242 -0.8809719967185342 0.3001750117551573
vn 0.3657639994799242 -0.8809719967185342 0.3001750117551573
vn 0.3657639994799242 -0.8809719967185342 0.3001750117551573
vn 0.3657639994799242 -0.8809719967185342 0.3001750117551573
vn 0.3657639994799242 -0.8809719967185342 0.3001750117551573
vn 0.7400250414112974 0.28900323190828187 0.6073220480361102
vn 0.7400250414112974 0.28900323190828187 0.6073220480361102
vn 0.7400250414112974 0.28900323190828187 0.6073220480361102
vn 0.7400250414112974 0.28900323190828187 0.6073220480361102
vn 0.7400250414112974 0.28900323190828187 0.6073220480361102
vn 0.7400250414112974 0.28900323190828187 0.6073220480361102
vn 0.7693234629436639 0.09755105313971867 0.6313677228016178
vn 0.7693234629436639 0.09755105313971867 0.6313677228016178
vn 0.7693234629436639 0.09755105313971867 0.6313677228016178
vn 0.7693234629436639 0.09755105313971867 0.6313677228016178
vn 0.7693234629436639 0.09755105313971867 0.6313677228016178
vn 0.7693234629436639 0.09755105313971867 0.6313677228016178
vn 0.769323462943664 -0.09755084741399848 0.6313677545877519
vn 0.769323462943664 -0.09755084741399848 0.6313677545877519
vn 0.769323462943664 -0.09755084741399848 0.6313677545877519
vn 0.769323462943664 -0.09755084741399848 0.6313677545877519
vn 0.769323462943664 -0.09755084741399848 0.6313677545877519
vn 0.769323462943664 -0.09755084741399848 0.6313677545877519
vn 0.7400250275451906 -0.2890029457203338 0.6073222011187389
vn 0.7400250275451906 -0.2890029457203338 0.6073222011187389
vn 0.7400250275451906 -0.2890029457203338 0.6073222011187389
vn 0.7400250275451906 -0.2890029457203338 0.6073222011187389
vn 0.7400250275451906 -0.2890029457203338 0.6073222011187389
vn 0.7400250275451906 -0.2890029457203338 0.6073222011187389
vn 0.365763581364634 0.8809723782481218 0.3001744014921405
vn 0.365763581364634 0.8809723782481218 0.3001744014921405
vn 0.365763581364634 0.8809723782481218 0.3001744014921405
vn 0.365763581364634 0.8809723782481218 0.3001744014921405
vn 0.365763581364634 0.8809723782481218 0.3001744014921405
vn 0.365763581364634 0.8809723782481218 0.3001744014921405
vn 0.6824633079742529 -0.4696282861322474 0.5600831243068549
vn 0.6824633079742529 -0.4696282861322474 0.5600831243068549
vn 0.6824633079742529 -0.4696282861322474 0.5600831243068549
vn 0.6824633079742529 -0.4696282861322474 0.5600831243068549
vn 0.6824633079742529 -0.4696282861322474 0.5600831243068549
vn 0.6824633079742529 -0.4696282861322474 0.5600831243068549
vn 0.49180657264055494 0.7715058013684211 0.40361503138810484
vn 0.49180657264055494 0.7715058013684211 0.40361503138810484
vn 0.49180657264055494 0.7715058013684211 0.40361503138810484
vn 0.49180657264055494 0.7715058013684211 0.40361503138810484
vn 0.49180657264055494 0.7715058013684211 0.40361503138810484
vn 0.49180657264055494 0.7715058013684211 0.40361503138810484
vn 0.5987037910970728 -0.6325621885205163 0.49134392046725006
vn 0.5987037910970728 -0.6325621885205163 0.49134392046725006
vn 0.5987037910970728 -0.6325621885205163 0.49134392046725006
vn 0.5987037910970728 -0.6325621885205163 0.49134392046725006
vn 0.5987037910970728 -0.6325621885205163 0.49134392046725006
vn 0.5987037910970728 -0.6325621885205163 0.49134392046725006
vn 0.5987036312316677 0.6325624878500732 0.49134372990294806
vn 0.5987036312316677 0.6325624878500732 0.49134372990294806
vn 0.5987036312316677 0.6325624878500732 0.49134372990294806
vn 0.5987036312316677 0.6325624878500732 0.49134372990294806
vn 0.5987036312316677 0.6325624878500732 0.49134372990294806
vn 0.5987036312316677 0.6325624878500732 0.49134372990294806
vn 0.6073222991775765 -0.2890029960460793 0.7400249274166727
vn 0.6073222991775765 -0.2890029960460793 0.7400249274166727
vn 0.6073222991775765 -0.2890029960460793 0.7400249274166727
vn 0.6073222991775765 -0.2890029960460793 0.7400249274166727
vn 0.6073222991775765 -0.2890029960460793 0.7400249274166727
vn 0.6073222991775765 -0.2890029960460793 0.7400249274166727
vn 0.3001745351432705 0.8809722089921636 0.3657638793470304
vn 0.3001745351432705 0.8809722089921636 0.3657638793470304
vn 0.3001745351432705 0.8809722089921636 0.3657638793470304
vn 0.3001745351432705 0.8809722089921636 0.3657638793470304
vn 0.3001745351432705 0.8809722089921636 0.3657638793470304
vn 0.3001745351432705 0.8809722089921636 0.3657638793470304
vn 0.5600830526986001 -0.4696285981314815 0.6824631520433001
vn 0.5600830526986001 -0.4696285981314815 0.6824631520433001
vn 0.5600830526986001 -0.4696285981314815 0.6824631520433001
vn 0.5600830526986001 -0.4696285981314815 0.6824631520433001
vn 0.5600830526986001 -0.4696285981314815 0.6824631520433001
vn 0.5600830526986001 -0.4696285981314815 0.6824631520433001
vn 0.4036154796426353 0.7715057460675067 0.49180629151899363
vn 0.4036154796426353 0.7715057460675067 0.49180629151899363
vn 0.4036154796426353 0.7715057460675067 0.49180629151899363
vn 0.4036154796426353 0.7715057460675067 0.49180629151899363
vn 0.4036154796426353 0.7715057460675067 0.49180629151899363
vn 0.4036154796426353 0.7715057460675067 0.49180629151899363
vn 0.4913433886449769 -0.6325623137596869 0.5987040952305759
vn 0.4913433886449769 -0.6325623137596869 0.5987040952305759
vn 0.4913433886449769 -0.6325623137596869 0.5987040952305759
vn 0.4913433886449769 -0.6325623137596869 0.5987040952305759
vn 0.4913433886449769 -0.6325623137596869 0.5987040952305759
vn 0.4913433886449769 -0.6325623137596869 0.5987040952305759
vn 0.4913434348515548 0.6325624319887106 0.5987039323946385
vn 0.4913434348515548 0.6325624319887106 0.5987039323946385
vn 0.4913434348515548 0.6325624319887106 0.5987039323946385
vn 0.4913434348515548 0.6325624319887106 0.5987039323946385
vn 0.4913434348515548 0.6325624319887106 0.5987039323946385
vn 0.4913434348515548 0.6325624319887106 0.5987039323946385
vn 0.4036149990432187 -0.7715058740104678 0.49180648523040704
vn 0.4036149990432187 -0.7715058740104678 0.49180648523040704
vn 0.4036149990432187 -0.7715058740104678 0.49180648523040704
vn 0.4036149990432187 -0.7715058740104678 0.49180648523040704
vn 0.4036149990432187 -0.7715058740104678 0.49180648523040704
vn 0.4036149990432187 -0.7715058740104678 0.49180648523040704
vn 0.5600828853898848 0.4696290185934498 0.6824630000141357
vn 0.5600828853898848 0.4696290185934498 0.6824630000141357
vn 0.5600828853898848 0.4696290185934498 0.6824630000141357
vn 0.5600828853898848 0.4696290185934498 0.6824630000141357
vn 0.5600828853898848 0.4696290185934498 0.6824630000141357
vn 0.5600828853898848 0.4696290185934498 0.6824630000141357
vn 0.30017379029933694 -0.8809722692534632 0.3657643454790712
vn 0.30017379029933694 -0.8809722692534632 0.3657643454790712
vn 0.30017379029933694 -0.8809722692534632 0.3657643454790712
vn 0.30017379029933694 -0.8809722692534632 0.3657643454790712
vn 0.30017379029933694 -0.8809722692534632 0.3657643454790712
vn 0.30017379029933694 -0.8809722692534632 0.3657643454790712
vn 0.6073223367976177 0.28900322671509593 0.7400248064591781
vn 0.6073223367976177 0.28900322671509593 0.7400248064591781
vn 0.6073223367976177 0.28900322671509593 0.7400248064591781
vn 0.6073223367976177 0.28900322671509593 0.7400248064591781
vn 0.6073223367976177 0.28900322671509593 0.7400248064591781
vn 0.6073223367976177 0.28900322671509593 0.7400248064591781
vn 0.6313676187387623 0.09755091903802379 0.7693235653500948
vn 0.6313676187387623 0.09755091903802379 0.7693235653500948
vn 0.6313676187387623 0.09755091903802379 0.7693235653500948
vn 0.6313676187387623 0.09755091903802379 0.7693235653500948
vn 0.6313676187387623 0.09755091903802379 0.7693235653500948
vn 0.6313676187387623 0.09755091903802379 0.7693235653500948
vn 0.6313676187387623 -0.09755066836058478 0.7693235971361777
vn 0.6313676187387623 -0.09755066836058478 0.7693235971361777
vn 0.6313676187387623 -0.09755066836058478 0.7693235971361777
vn 0.6313676187387623 -0.09755066836058478 0.7693235971361777
vn 0.6313676187387623 -0.09755066836058478 0.7693235971361777
vn 0.6313676187387623 -0.09755066836058478 0.7693235971361777
vn 0.41617872301642833 0.469629015751905 0.7786166310016193
vn 0.41617872301642833 0.469629015751905 0.7786166310016193
vn 0.41617872301642833 0.469629015751905 0.7786166310016193
vn 0.41617872301642833 0.469629015751905 0.7786166310016193
vn 0.41617872301642833 0.469629015751905 0.7786166310016193
vn 0.41617872301642833 0.469629015751905 0.7786166310016193
vn 0.22304956023448055 -0.8809721152429917 0.4172972871269284
vn 0.22304956023448055 -0.8809721152429917 0.4172972871269284
vn 0.22304956023448055 -0.8809721152429917 0.4172972871269284
vn 0.22304956023448055 -0.8809721152429917 0.4172972871269284
vn 0.22304956023448055 -0.8809721152429917 0.4172972871269284
vn 0.22304956023448055 -0.8809721152429917 0.4172972871269284
vn 0.4512811823044589 0.28900324736412586 0.844288112856553
vn 0.4512811823044589 0.28900324736412586 0.844288112856553
vn 0.4512811823044589 0.28900324736412586 0.844288112856553
vn 0.4512811823044589 0.28900324736412586 0.844288112856553
vn 0.4512811823044589 0.28900324736412586 0.844288112856553
vn 0.4512811823044589 0.28900324736412586 0.844288112856553
vn 0.4691481118538928 0.09755108287982188 0.877715121991698
vn 0.4691481118538928 0.09755108287982188 0.877715121991698
vn 0.4691481118538928 0.09755108287982188 0.877715121991698
vn 0.4691481118538928 0.09755108287982188 0.877715121991698
vn 0.4691481118538928 0.09755108287982188 0.877715121991698
vn 0.4691481118538928 0.09755108287982188 0.877715121991698
vn 0.46914813509672426 -0.09755079552000483 0.877715141505876
vn 0.46914813509672426 -0.09755079552000483 0.877715141505876
vn 0.46914813509672426 -0.09755079552000483 0.877715141505876
vn 0.46914813509672426 -0.09755079552000483 0.877715141505876
vn 0.46914813509672426 -0.09755079552000483 0.877715141505876
vn 0.46914813509672426 -0.09755079552000483 0.877715141505876
vn 0.45128110947157174 -0.28900318077379095 0.8442881745806575
vn 0.45128110947157174 -0.28900318077379095 0.8442881745806575
vn 0.45128110947157174 -0.28900318077379095 0.8442881745806575
vn 0.45128110947157174 -0.28900318077379095 0.8442881745806575
vn 0.45128110947157174 -0.28900318077379095 0.8442881745806575
vn 0.45128110947157174 -0.28900318077379095 0.8442881745806575
vn 0.22305035015614214 0.880972192243462 0.4172967023461499
vn 0.22305035015614214 0.880972192243462 0.4172967023461499
vn 0.22305035015614214 0.880972192243462 0.4172967023461499
vn 0.22305035015614214 0.880972192243462 0.4172967023461499
vn 0.22305035015614214 0.880972192243462 0.4172967023461499
vn 0.22305035015614214 0.880972192243462 0.4172967023461499
vn 0.41617889231836297 -0.46962854269650356 0.7786168258350308
vn 0.41617889231836297 -0.46962854269650356 0.7786168258350308
vn 0.41617889231836297 -0.46962854269650356 0.7786168258350308
vn 0.41617889231836297 -0.46962854269650356 0.7786168258350308
vn 0.41617889231836297 -0.46962854269650356 0.7786168258350308
vn 0.41617889231836297 -0.46962854269650356 0.7786168258350308
vn 0.29991306144119734 0.7715058800842861 0.5610978814541538
vn 0.29991306144119734 0.7715058800842861 0.5610978814541538
vn 0.29991306144119734 0.7715058800842861 0.5610978814541538
vn 0.29991306144119734 0.7715058800842861 0.5610978814541538
vn 0.29991306144119734 0.7715058800842861 0.5610978814541538
vn 0.29991306144119734 0.7715058800842861 0.5610978814541538
vn 0.36510092590949667 -0.632562126674105 0.6830567105281681
vn 0.36510092590949667 -0.632562126674105 0.6830567105281681
vn 0.36510092590949667 -0.632562126674105 0.6830567105281681
vn 0.36510092590949667 -0.632562126674105 0.6830567105281681
vn 0.36510092590949667 -0.632562126674105 0.6830567105281681
vn 0.36510092590949667 -0.632562126674105 0.6830567105281681
vn 0.3651007692296706 0.6325624551657473 0.6830564900669525
vn 0.3651007692296706 0.6325624551657473 0.6830564900669525
vn 0.3651007692296706 0.6325624551657473 0.6830564900669525
vn 0.3651007692296706 0.6325624551657473 0.6830564900669525
vn 0.3651007692296706 0.6325624551657473 0.6830564900669525
vn 0.3651007692296706 0.6325624551657473 0.6830564900669525
vn 0.29991290201096177 -0.7715057300587532 0.5610981729553868
vn 0.29991290201096177 -0.7715057300587532 0.5610981729553868
vn 0.29991290201096177 -0.7715057300587532 0.5610981729553868
vn 0.29991290201096177 -0.7715057300587532 0.5610981729553868
vn 0.29991290201096177 -0.7715057300587532 0.5610981729553868
vn 0.29991290201096177 -0.7715057300587532 0.5610981729553868
vn 0.2778975868865225 -0.2890027958559685 0.9161060611032333
vn 0.2778975868865225 -0.2890027958559685 0.9161060611032333
vn 0.2778975868865225 -0.2890027958559685 0.9161060611032333
vn 0.2778975868865225 -0.2890027958559685 0.9161060611032333
vn 0.2778975868865225 -0.2890027958559685 0.9161060611032333
vn 0.2778975868865225 -0.2890027958559685 0.9161060611032333
vn 0.1373533963332775 0.8809723416977038 0.45279330569187703
vn 0.1373533963332775 0.8809723416977038 0.45279330569187703
vn 0.1373533963332775 0.8809723416977038 0.45279330569187703
vn 0.1373533963332775 0.8809723416977038 0.45279330569187703
vn 0.1373533963332775 0.8809723416977038 0.45279330569187703
vn 0.1373533963332775 0.8809723416977038 0.45279330569187703
vn 0.25628157083634173 -0.4696286780010391 0.8448483066495747
vn 0.25628157083634173 -0.4696286780010391 0.8448483066495747
vn 0.25628157083634173 -0.4696286780010391 0.8448483066495747
vn 0.25628157083634173 -0.4696286780010391 0.8448483066495747
vn 0.25628157083634173 -0.4696286780010391 0.8448483066495747
vn 0.25628157083634173 -0.4696286780010391 0.8448483066495747
vn 0.18468562153137863 0.7715056472624728 0.6088269519672083
vn 0.18468562153137863 0.7715056472624728 0.6088269519672083
vn 0.18468562153137863 0.7715056472624728 0.6088269519672083
vn 0.18468562153137863 0.7715056472624728 0.6088269519672083
vn 0.18468562153137863 0.7715056472624728 0.6088269519672083
vn 0.18468562153137863 0.7715056472624728 0.6088269519672083
vn 0.22482824006841198 -0.6325620307744119 0.7411595912421913
vn 0.22482824006841198 -0.6325620307744119 0.7411595912421913
vn 0.22482824006841198 -0.6325620307744119 0.7411595912421913
vn 0.22482824006841198 -0.6325620307744119 0.7411595912421913
vn 0.22482824006841198 -0.6325620307744119 0.7411595912421913
vn 0.22482824006841198 -0.6325620307744119 0.7411595912421913
vn 0.224828240068412 0.6325622722748248 0.7411593851272821
vn 0.224828240068412 0.6325622722748248 0.7411593851272821
vn 0.224828240068412 0.6325622722748248 0.7411593851272821
vn 0.224828240068412 0.6325622722748248 0.7411593851272821
vn 0.224828240068412 0.6325622722748248 0.7411593851272821
vn 0.224828240068412 0.6325622722748248 0.7411593851272821
vn 0.18468545326670552 -0.7715057909731898 0.608826820899428
vn 0.18468545326670552 -0.7715057909731898 0.608826820899428
vn 0.18468545326670552 -0.7715057909731898 0.608826820899428
vn 0.18468545326670552 -0.7715057909731898 0.608826820899428
vn 0.18468545326670552 -0.7715057909731898 0.608826820899428
vn 0.18468545326670552 -0.7715057909731898 0.608826820899428
vn 0.2562815415492846 0.4696290734410125 0.8448480957190225
vn 0.2562815415492846 0.4696290734410125 0.8448480957190225
vn 0.2562815415492846 0.4696290734410125 0.8448480957190225
vn 0.2562815415492846 0.4696290734410125 0.8448480957190225
vn 0.2562815415492846 0.4696290734410125 0.8448480957190225
vn 0.2562815415492846 0.4696290734410125 0.8448480957190225
vn 0.13735340499615717 -0.8809720709078268 0.45279382992299755
vn 0.13735340499615717 -0.8809720709078268 0.45279382992299755
vn 0.13735340499615717 -0.8809720709078268 0.45279382992299755
vn 0.13735340499615717 -0.8809720709078268 0.45279382992299755
vn 0.13735340499615717 -0.8809720709078268 0.45279382992299755
vn 0.13735340499615717 -0.8809720709078268 0.45279382992299755
vn 0.2778976143872976 0.28900309196767276 0.9161059593469381
vn 0.2778976143872976 0.28900309196767276 0.9161059593469381
vn 0.2778976143872976 0.28900309196767276 0.9161059593469381
vn 0.2778976143872976 0.28900309196767276 0.9161059593469381
vn 0.2778976143872976 0.28900309196767276 0.9161059593469381
vn 0.2778976143872976 0.28900309196767276 0.9161059593469381
vn 0.2889000912655253 0.0975517936481342 0.9523761782104817
vn 0.2889000912655253 0.0975517936481342 0.9523761782104817
vn 0.2889000912655253 0.0975517936481342 0.9523761782104817
vn 0.2889000912655253 0.0975517936481342 0.9523761782104817
vn 0.2889000912655253 0.0975517936481342 0.9523761782104817
vn 0.2889000912655253 0.0975517936481342 0.9523761782104817
vn 0.2889001185804467 -0.09755148248467567 0.9523762017969821
vn 0.2889001185804467 -0.09755148248467567 0.9523762017969821
vn 0.2889001185804467 -0.09755148248467567 0.9523762017969821
vn 0.2889001185804467 -0.09755148248467567 0.9523762017969821
vn 0.2889001185804467 -0.09755148248467567 0.9523762017969821
vn 0.2889001185804467 -0.09755148248467567 0.9523762017969821
vn 0.04637904750241299 -0.8809720536521732 0.47088982218417214
vn 0.04637904750241299 -0.8809720536521732 0.47088982218417214
vn 0.04637904750241299 -0.8809720536521732 0.47088982218417214
vn 0.04637904750241299 -0.8809720536521732 0.47088982218417214
vn 0.04637904750241299 -0.8809720536521732 0.47088982218417214
vn 0.04637904750241299 -0.8809720536521732 0.47088982218417214
vn 0.09383439480051328 0.28900359340258747 0.9527182318780372
vn 0.09383439480051328 0.28900359340258747 0.9527182318780372
vn 0.09383439480051328 0.28900359340258747 0.9527182318780372
vn 0.09383439480051328 0.28900359340258747 0.9527182318780372
vn 0.09383439480051328 0.28900359340258747 0.9527182318780372
vn 0.09383439480051328 0.28900359340258747 0.9527182318780372
vn 0.09754923007694927 0.0975510901720711 0.9904382527536155
vn 0.09754923007694927 0.0975510901720711 0.9904382527536155
vn 0.09754923007694927 0.0975510901720711 0.9904382527536155
vn 0.09754923007694927 0.0975510901720711 0.9904382527536155
vn 0.09754923007694927 0.0975510901720711 0.9904382527536155
vn 0.09754923007694927 0.0975510901720711 0.9904382527536155
vn 0.09754922269726785 -0.09755076751722225 0.9904382852595914
vn 0.09754922269726785 -0.09755076751722225 0.9904382852595914
vn 0.09754922269726785 -0.09755076751722225 0.9904382852595914
vn 0.09754922269726785 -0.09755076751722225 0.9904382852595914
vn 0.09754922269726785 -0.09755076751722225 0.9904382852595914
vn 0.09754922269726785 -0.09755076751722225 0.9904382852595914
vn 0.09383444649536722 -0.2890032815532337 0.952718321384852
vn 0.09383444649536722 -0.2890032815532337 0.952718321384852
vn 0.09383444649536722 -0.2890032815532337 0.952718321384852
vn 0.09383444649536722 -0.2890032815532337 0.952718321384852
vn 0.09383444649536722 -0.2890032815532337 0.952718321384852
vn 0.09383444649536722 -0.2890032815532337 0.952718321384852
vn 0.04637820658056458 0.8809723936192225 0.4708892689743398
vn 0.04637820658056458 0.8809723936192225 0.4708892689743398
vn 0.04637820658056458 0.8809723936192225 0.4708892689743398
vn 0.04637820658056458 0.8809723936192225 0.4708892689743398
vn 0.04637820658056458 0.8809723936192225 0.4708892689743398
vn 0.04637820658056458 0.8809723936192225 0.4708892689743398
vn 0.08653576899823426 -0.46962828203603 0.8786130191362813
vn 0.08653576899823426 -0.46962828203603 0.8786130191362813
vn 0.08653576899823426 -0.46962828203603 0.8786130191362813
vn 0.08653576899823426 -0.46962828203603 0.8786130191362813
vn 0.08653576899823426 -0.46962828203603 0.8786130191362813
vn 0.08653576899823426 -0.46962828203603 0.8786130191362813
vn 0.062360732818225136 0.771505924330285 0.633158548647688
vn 0.062360732818225136 0.771505924330285 0.633158548647688
vn 0.062360732818225136 0.771505924330285 0.633158548647688
vn 0.062360732818225136 0.771505924330285 0.633158548647688
vn 0.062360732818225136 0.771505924330285 0.633158548647688
vn 0.062360732818225136 0.771505924330285 0.633158548647688
vn 0.0759148298359193 -0.6325618525121791 0.770780410595225
vn 0.0759148298359193 -0.6325618525121791 0.770780410595225
vn 0.0759148298359193 -0.6325618525121791 0.770780410595225
vn 0.0759148298359193 -0.6325618525121791 0.770780410595225
vn 0.0759148298359193 -0.6325618525121791 0.770780410595225
vn 0.0759148298359193 -0.6325618525121791 0.770780410595225
vn 0.0759148298359193 0.6325621036642799 0.7707802044803721
vn 0.0759148298359193 0.6325621036642799 0.7707802044803721
vn 0.0759148298359193 0.6325621036642799 0.7707802044803721
vn 0.0759148298359193 0.6325621036642799 0.7707802044803721
vn 0.0759148298359193 0.6325621036642799 0.7707802044803721
vn 0.0759148298359193 0.6325621036642799 0.7707802044803721
vn 0.06236038414630308 -0.7715059424915893 0.6331585608591974
vn 0.06236038414630308 -0.7715059424915893 0.6331585608591974
vn 0.06236038414630308 -0.7715059424915893 0.6331585608591974
vn 0.06236038414630308 -0.7715059424915893 0.6331585608591974
vn 0.06236038414630308 -0.7715059424915893 0.6331585608591974
vn 0.06236038414630308 -0.7715059424915893 0.6331585608591974
vn 0.08653571750748353 0.4696288997497422 0.8786126940326504
vn 0.08653571750748353 0.4696288997497422 0.8786126940326504
vn 0.08653571750748353 0.4696288997497422 0.8786126940326504
vn 0.08653571750748353 0.4696288997497422 0.8786126940326504
vn 0.08653571750748353 0.4696288997497422 0.8786126940326504
vn 0.08653571750748353 0.4696288997497422 0.8786126940326504
vn -0.08653595307442313 -0.4696288172337427 0.8786127149370974
vn -0.08653595307442313 -0.4696288172337427 0.8786127149370974
vn -0.08653595307442313 -0.4696288172337427 0.8786127149370974
vn -0.08653595307442313 -0.4696288172337427 0.8786127149370974
vn -0.08653595307442313 -0.4696288172337427 0.8786127149370974
vn -0.08653595307442313 -0.4696288172337427 0.8786127149370974
vn -0.06236076779053304 0.771505598092416 0.6331589427249992
vn -0.06236076779053304 0.771505598092416 0.6331589427249992
vn -0.06236076779053304 0.771505598092416 0.6331589427249992
vn -0.06236076779053304 0.771505598092416 0.6331589427249992
vn -0.06236076779053304 0.771505598092416 0.6331589427249992
vn -0.06236076779053304 0.771505598092416 0.6331589427249992
vn -0.07591536597673154 -0.6325615544584202 0.7707806023958866
vn -0.07591536597673154 -0.6325615544584202 0.7707806023958866
vn -0.07591536597673154 -0.6325615544584202 0.7707806023958866
vn -0.07591536597673154 -0.6325615544584202 0.7707806023958866
vn -0.07591536597673154 -0.6325615544584202 0.7707806023958866
vn -0.07591536597673154 -0.6325615544584202 0.7707806023958866
vn -0.07591536597673154 0.6325618056105834 0.7707803962811309
vn -0.07591536597673154 0.6325618056105834 0.7707803962811309
vn -0.07591536597673154 0.6325618056105834 0.7707803962811309
vn -0.07591536597673154 0.6325618056105834 0.7707803962811309
vn -0.07591536597673154 0.6325618056105834 0.7707803962811309
vn -0.07591536597673154 0.6325618056105834 0.7707803962811309
vn -0.062361005546061665 -0.771505787295918 0.6331586887630857
vn -0.062361005546061665 -0.771505787295918 0.6331586887630857
vn -0.062361005546061665 -0.771505787295918 0.6331586887630857
vn -0.062361005546061665 -0.771505787295918 0.6331586887630857
vn -0.062361005546061665 -0.771505787295918 0.6331586887630857
vn -0.062361005546061665 -0.771505787295918 0.6331586887630857
vn -0.0865359089784389 0.4696294346444863 0.8786123892666069
vn -0.0865359089784389 0.4696294346444863 0.8786123892666069
vn -0.0865359089784389 0.4696294346444863 0.8786123892666069
vn -0.0865359089784389 0.4696294346444863 0.8786123892666069
vn -0.0865359089784389 0.4696294346444863 0.8786123892666069
vn -0.0865359089784389 0.4696294346444863 0.8786123892666069
vn -0.04637823016441901 -0.8809720251698329 0.4708899559716468
vn -0.04637823016441901 -0.8809720251698329 0.4708899559716468
vn -0.04637823016441901 -0.8809720251698329 0.4708899559716468
vn -0.04637823016441901 -0.8809720251698329 0.4708899559716468
vn -0.04637823016441901 -0.8809720251698329 0.4708899559716468
vn -0.04637823016441901 -0.8809720251698329 0.4708899559716468
vn -0.09383472789343936 0.2890034147196965 0.9527182532740303
vn -0.09383472789343936 0.2890034147196965 0.9527182532740303
vn -0.09383472789343936 0.2890034147196965 0.9527182532740303
vn -0.09383472789343936 0.2890034147196965 0.9527182532740303
vn -0.09383472789343936 0.2890034147196965 0.9527182532740303
vn -0.09383472789343936 0.2890034147196965 0.9527182532740303
vn -0.09754984425676812 0.09755119026198517 0.9904381824041066
vn -0.09754984425676812 0.09755119026198517 0.9904381824041066
vn -0.09754984425676812 0.09755119026198517 0.9904381824041066
vn -0.09754984425676812 0.09755119026198517 0.9904381824041066
vn -0.09754984425676812 0.09755119026198517 0.9904381824041066
vn -0.09754984425676812 0.09755119026198517 0.9904381824041066
vn -0.09754982949740539 -0.09755086767805998 0.9904382156299728
vn -0.09754982949740539 -0.09755086767805998 0.9904382156299728
vn -0.09754982949740539 -0.09755086767805998 0.9904382156299728
vn -0.09754982949740539 -0.09755086767805998 0.9904382156299728
vn -0.09754982949740539 -0.09755086767805998 0.9904382156299728
vn -0.09754982949740539 -0.09755086767805998 0.9904382156299728
vn -0.09383472789343934 -0.28900310428467346 0.9527183474432442
vn -0.09383472789343934 -0.28900310428467346 0.9527183474432442
vn -0.09383472789343934 -0.28900310428467346 0.9527183474432442
vn -0.09383472789343934 -0.28900310428467346 0.9527183474432442
vn -0.09383472789343934 -0.28900310428467346 0.9527183474432442
vn -0.09383472789343934 -0.28900310428467346 0.9527183474432442
vn -0.0463781938123553 0.8809724825813527 0.47088910379531157
vn -0.0463781938123553 0.8809724825813527 0.47088910379531157
vn -0.0463781938123553 0.8809724825813527 0.47088910379531157
vn -0.0463781938123553 0.8809724825813527 0.47088910379531157
vn -0.0463781938123553 0.8809724825813527 0.47088910379531157
vn -0.0463781938123553 0.8809724825813527 0.47088910379531157
vn -0.28890040309353104 0.0975515896932684 0.9523761045095113
vn -0.28890040309353104 0.0975515896932684 0.9523761045095113
vn -0.28890040309353104 0.0975515896932684 0.9523761045095113
vn -0.28890040309353104 0.0975515896932684 0.9523761045095113
vn -0.28890040309353104 0.0975515896932684 0.9523761045095113
vn -0.28890040309353104 0.0975515896932684 0.9523761045095113
vn -0.2889004304084484 -0.09755127852983471 0.9523761280959365
vn -0.2889004304084484 -0.09755127852983471 0.9523761280959365
vn -0.2889004304084484 -0.09755127852983471 0.9523761280959365
vn -0.2889004304084484 -0.09755127852983471 0.9523761280959365
vn -0.2889004304084484 -0.09755127852983471 0.9523761280959365
vn -0.2889004304084484 -0.09755127852983471 0.9523761280959365
vn -0.2778978001203587 -0.2890023536232396 0.9161061359299442
vn -0.2778978001203587 -0.2890023536232396 0.9161061359299442
vn -0.2778978001203587 -0.2890023536232396 0.9161061359299442
vn -0.2778978001203587 -0.2890023536232396 0.9161061359299442
vn -0.2778978001203587 -0.2890023536232396 0.9161061359299442
vn -0.2778978001203587 -0.2890023536232396 0.9161061359299442
vn -0.13735335803363036 0.8809723827713152 0.45279323739552085
vn -0.13735335803363036 0.8809723827713152 0.45279323739552085
vn -0.13735335803363036 0.8809723827713152 0.45279323739552085
vn -0.13735335803363036 0.8809723827713152 0.45279323739552085
vn -0.13735335803363036 0.8809723827713152 0.45279323739552085
vn -0.13735335803363036 0.8809723827713152 0.45279323739552085
vn -0.2562821100214978 -0.469629010853788 0.8448479580654862
vn -0.2562821100214978 -0.469629010853788 0.8448479580654862
vn -0.2562821100214978 -0.469629010853788 0.8448479580654862
vn -0.2562821100214978 -0.469629010853788 0.8448479580654862
vn -0.2562821100214978 -0.469629010853788 0.8448479580654862
vn -0.2562821100214978 -0.469629010853788 0.8448479580654862
vn -0.18468561875177478 0.7715057575036783 0.6088268131126863
vn -0.18468561875177478 0.7715057575036783 0.6088268131126863
vn -0.18468561875177478 0.7715057575036783 0.6088268131126863
vn -0.18468561875177478 0.7715057575036783 0.6088268131126863
vn -0.18468561875177478 0.7715057575036783 0.6088268131126863
vn -0.18468561875177478 0.7715057575036783 0.6088268131126863
vn -0.22482855979993377 -0.6325619483969985 0.7411595645598054
vn -0.22482855979993377 -0.6325619483969985 0.7411595645598054
vn -0.22482855979993377 -0.6325619483969985 0.7411595645598054
vn -0.22482855979993377 -0.6325619483969985 0.7411595645598054
vn -0.22482855979993377 -0.6325619483969985 0.7411595645598054
vn -0.22482855979993377 -0.6325619483969985 0.7411595645598054
vn -0.2248285597999338 0.6325621898974028 0.741159358444923
vn -0.2248285597999338 0.6325621898974028 0.741159358444923
vn -0.2248285597999338 0.6325621898974028 0.741159358444923
vn -0.2248285597999338 0.6325621898974028 0.741159358444923
vn -0.2248285597999338 0.6325621898974028 0.741159358444923
vn -0.2248285597999338 0.6325621898974028 0.741159358444923
vn -0.1846858012890865 -0.7715056938860289 0.6088268383568888
vn -0.1846858012890865 -0.7715056938860289 0.6088268383568888
vn -0.1846858012890865 -0.7715056938860289 0.6088268383568888
vn -0.1846858012890865 -0.7715056938860289 0.6088268383568888
vn -0.1846858012890865 -0.7715056938860289 0.6088268383568888
vn -0.1846858012890865 -0.7715056938860289 0.6088268383568888
vn -0.25628203003670486 0.46962981004544746 0.8448475380782868
vn -0.25628203003670486 0.46962981004544746 0.8448475380782868
vn -0.25628203003670486 0.46962981004544746 0.8448475380782868
vn -0.25628203003670486 0.46962981004544746 0.8448475380782868
vn -0.25628203003670486 0.46962981004544746 0.8448475380782868
vn -0.25628203003670486 0.46962981004544746 0.8448475380782868
vn -0.13735340334419033 -0.8809721199169224 0.4527937350702325
vn -0.13735340334419033 -0.8809721199169224 0.4527937350702325
vn -0.13735340334419033 -0.8809721199169224 0.4527937350702325
vn -0.13735340334419033 -0.8809721199169224 0.4527937350702325
vn -0.13735340334419033 -0.8809721199169224 0.4527937350702325
vn -0.13735340334419033 -0.8809721199169224 0.4527937350702325
vn -0.2778978001203587 0.28900265212848997 0.9161060417609767
vn -0.2778978001203587 0.28900265212848997 0.9161060417609767
vn -0.2778978001203587 0.28900265212848997 0.9161060417609767
vn -0.2778978001203587 0.28900265212848997 0.9161060417609767
vn -0.2778978001203587 0.28900265212848997 0.9161060417609767
vn -0.2778978001203587 0.28900265212848997 0.9161060417609767
vn -0.2999135580768213 0.7715055733866245 0.5610980377038194
vn -0.2999135580768213 0.7715055733866245 0.5610980377038194
vn -0.2999135580768213 0.7715055733866245 0.5610980377038194
vn -0.2999135580768213 0.7715055733866245 0.5610980377038194
vn -0.2999135580768213 0.7715055733866245 0.5610980377038194
vn -0.2999135580768213 0.7715055733866245 0.5610980377038194
vn -0.36510172964389453 -0.6325612826305471 0.6830570625707881
vn -0.36510172964389453 -0.6325612826305471 0.6830570625707881
vn -0.36510172964389453 -0.6325612826305471 0.6830570625707881
vn -0.36510172964389453 -0.6325612826305471 0.6830570625707881
vn -0.36510172964389453 -0.6325612826305471 0.6830570625707881
vn -0.36510172964389453 -0.6325612826305471 0.6830570625707881
vn -0.36510172964389453 0.6325615051987531 0.6830568564561258
vn -0.36510172964389453 0.6325615051987531 0.6830568564561258
vn -0.36510172964389453 0.6325615051987531 0.6830568564561258
vn -0.36510172964389453 0.6325615051987531 0.6830568564561258
vn -0.36510172964389453 0.6325615051987531 0.6830568564561258
vn -0.36510172964389453 0.6325615051987531 0.6830568564561258
vn -0.29991298964497126 -0.7715057851026199 0.5610980504291609
vn -0.29991298964497126 -0.7715057851026199 0.5610980504291609
vn -0.29991298964497126 -0.7715057851026199 0.5610980504291609
vn -0.29991298964497126 -0.7715057851026199 0.5610980504291609
vn -0.29991298964497126 -0.7715057851026199 0.5610980504291609
vn -0.29991298964497126 -0.7715057851026199 0.5610980504291609
vn -0.41617902828883657 0.4696300074086183 0.7786158697033735
vn -0.41617902828883657 0.4696300074086183 0.7786158697033735
vn -0.41617902828883657 0.4696300074086183 0.7786158697033735
vn -0.41617902828883657 0.4696300074086183 0.7786158697033735
vn -0.41617902828883657 0.4696300074086183 0.7786158697033735
vn -0.41617902828883657 0.4696300074086183 0.7786158697033735
vn -0.22305113576293067 -0.8809718610472538 0.41729698163035484
vn -0.22305113576293067 -0.8809718610472538 0.41729698163035484
vn -0.22305113576293067 -0.8809718610472538 0.41729698163035484
vn -0.22305113576293067 -0.8809718610472538 0.41729698163035484
vn -0.22305113576293067 -0.8809718610472538 0.41729698163035484
vn -0.22305113576293067 -0.8809718610472538 0.41729698163035484
vn -0.4512816101031587 0.28900270697221725 0.8442880691715542
vn -0.4512816101031587 0.28900270697221725 0.8442880691715542
vn -0.4512816101031587 0.28900270697221725 0.8442880691715542
vn -0.4512816101031587 0.28900270697221725 0.8442880691715542
vn -0.4512816101031587 0.28900270697221725 0.8442880691715542
vn -0.4512816101031587 0.28900270697221725 0.8442880691715542
vn -0.46914853815010166 0.09755156160156037 0.8777148409254111
vn -0.46914853815010166 0.09755156160156037 0.8777148409254111
vn -0.46914853815010166 0.09755156160156037 0.8777148409254111
vn -0.46914853815010166 0.09755156160156037 0.8777148409254111
vn -0.46914853815010166 0.09755156160156037 0.8777148409254111
vn -0.46914853815010166 0.09755156160156037 0.8777148409254111
vn -0.4691485846357403 -0.09755127287789263 0.8777148481677772
vn -0.4691485846357403 -0.09755127287789263 0.8777148481677772
vn -0.4691485846357403 -0.09755127287789263 0.8777148481677772
vn -0.4691485846357403 -0.09755127287789263 0.8777148481677772
vn -0.4691485846357403 -0.09755127287789263 0.8777148481677772
vn -0.4691485846357403 -0.09755127287789263 0.8777148481677772
vn -0.45128151517143966 -0.2890024474156841 0.844288208760678
vn -0.45128151517143966 -0.2890024474156841 0.844288208760678
vn -0.45128151517143966 -0.2890024474156841 0.844288208760678
vn -0.45128151517143966 -0.2890024474156841 0.844288208760678
vn -0.45128151517143966 -0.2890024474156841 0.844288208760678
vn -0.45128151517143966 -0.2890024474156841 0.844288208760678
vn -0.2230502433132965 0.8809723617962109 0.41729640150507574
vn -0.2230502433132965 0.8809723617962109 0.41729640150507574
vn -0.2230502433132965 0.8809723617962109 0.41729640150507574
vn -0.2230502433132965 0.8809723617962109 0.41729640150507574
vn -0.2230502433132965 0.8809723617962109 0.41729640150507574
vn -0.2230502433132965 0.8809723617962109 0.41729640150507574
vn -0.41617922203737934 -0.46962922645912025 0.7786162371796328
vn -0.41617922203737934 -0.46962922645912025 0.7786162371796328
vn -0.41617922203737934 -0.46962922645912025 0.7786162371796328
vn -0.41617922203737934 -0.46962922645912025 0.7786162371796328
vn -0.41617922203737934 -0.46962922645912025 0.7786162371796328
vn -0.41617922203737934 -0.46962922645912025 0.7786162371796328
vn -0.6313678572739527 0.09755125433212676 0.7693233270735564
vn -0.6313678572739527 0.09755125433212676 0.7693233270735564
vn -0.6313678572739527 0.09755125433212676 0.7693233270735564
vn -0.6313678572739527 0.09755125433212676 0.7693233270735564
vn -0.6313678572739527 0.09755125433212676 0.7693233270735564
vn -0.6313678572739527 0.09755125433212676 0.7693233270735564
vn -0.6313678572739527 -0.0975510036547654 0.7693233588597486
vn -0.6313678572739527 -0.0975510036547654 0.7693233588597486
vn -0.6313678572739527 -0.0975510036547654 0.7693233588597486
vn -0.6313678572739527 -0.0975510036547654 0.7693233588597486
vn -0.6313678572739527 -0.0975510036547654 0.7693233588597486
vn -0.6313678572739527 -0.0975510036547654 0.7693233588597486
vn -0.6073229429970033 -0.2890029010089542 0.740024436162663
vn -0.6073229429970033 -0.2890029010089542 0.740024436162663
vn -0.6073229429970033 -0.2890029010089542 0.740024436162663
vn -0.6073229429970033 -0.2890029010089542 0.740024436162663
vn -0.6073229429970033 -0.2890029010089542 0.740024436162663
vn -0.6073229429970033 -0.2890029010089542 0.740024436162663
vn -0.30017435847389456 0.88097245370467 0.3657634349253065
vn -0.30017435847389456 0.88097245370467 0.3657634349253065
vn -0.30017435847389456 0.88097245370467 0.3657634349253065
vn -0.30017435847389456 0.88097245370467 0.3657634349253065
vn -0.30017435847389456 0.88097245370467 0.3657634349253065
vn -0.30017435847389456 0.88097245370467 0.3657634349253065
vn -0.5600830027298056 -0.4696290926745543 0.6824628527376705
vn -0.5600830027298056 -0.4696290926745543 0.6824628527376705
vn -0.5600830027298056 -0.4696290926745543 0.6824628527376705
vn -0.5600830027298056 -0.4696290926745543 0.6824628527376705
vn -0.5600830027298056 -0.4696290926745543 0.6824628527376705
vn -0.5600830027298056 -0.4696290926745543 0.6824628527376705
vn -0.4036152094161834 0.7715056230246755 0.4918067063077097
vn -0.4036152094161834 0.7715056230246755 0.4918067063077097
vn -0.4036152094161834 0.7715056230246755 0.4918067063077097
vn -0.4036152094161834 0.7715056230246755 0.4918067063077097
vn -0.4036152094161834 0.7715056230246755 0.4918067063077097
vn -0.4036152094161834 0.7715056230246755 0.4918067063077097
vn -0.49134410191994055 -0.632561536349164 0.5987043312354374
vn -0.49134410191994055 -0.632561536349164 0.5987043312354374
vn -0.49134410191994055 -0.632561536349164 0.5987043312354374
vn -0.49134410191994055 -0.632561536349164 0.5987043312354374
vn -0.49134410191994055 -0.632561536349164 0.5987043312354374
vn -0.49134410191994055 -0.632561536349164 0.5987043312354374
vn -0.4913441019199406 0.6325617314317616 0.5987041251206969
vn -0.4913441019199406 0.6325617314317616 0.5987041251206969
vn -0.4913441019199406 0.6325617314317616 0.5987041251206969
vn -0.4913441019199406 0.6325617314317616 0.5987041251206969
vn -0.4913441019199406 0.6325617314317616 0.5987041251206969
vn -0.4913441019199406 0.6325617314317616 0.5987041251206969
vn -0.40361502956453477 -0.7715059376272911 0.49180636038531855
vn -0.40361502956453477 -0.7715059376272911 0.49180636038531855
vn -0.40361502956453477 -0.7715059376272911 0.49180636038531855
vn -0.40361502956453477 -0.7715059376272911 0.49180636038531855
vn -0.40361502956453477 -0.7715059376272911 0.49180636038531855
vn -0.40361502956453477 -0.7715059376272911 0.49180636038531855
vn -0.5600829140552341 0.4696295588948908 0.6824626046865773
vn -0.5600829140552341 0.4696295588948908 0.6824626046865773
vn -0.5600829140552341 0.4696295588948908 0.6824626046865773
vn -0.5600829140552341 0.4696295588948908 0.6824626046865773
vn -0.5600829140552341 0.4696295588948908 0.6824626046865773
vn -0.5600829140552341 0.4696295588948908 0.6824626046865773
vn -0.3001742059302554 -0.8809722645530392 0.3657640157019692
vn -0.3001742059302554 -0.8809722645530392 0.3657640157019692
vn -0.3001742059302554 -0.8809722645530392 0.3657640157019692
vn -0.3001742059302554 -0.8809722645530392 0.3657640157019692
vn -0.3001742059302554 -0.8809722645530392 0.3657640157019692
vn -0.3001742059302554 -0.8809722645530392 0.3657640157019692
vn -0.6073229475937445 0.28900296551301663 0.7400244071993356
vn -0.6073229475937445 0.28900296551301663 0.7400244071993356
vn -0.6073229475937445 0.28900296551301663 0.7400244071993356
vn -0.6073229475937445 0.28900296551301663 0.7400244071993356
vn -0.6073229475937445 0.28900296551301663 0.7400244071993356
vn -0.6073229475937445 0.28900296551301663 0.7400244071993356
vn -0.5987042425323991 -0.6325616848450198 0.4913440188297158
vn -0.5987042425323991 -0.6325616848450198 0.4913440188297158
vn -0.5987042425323991 -0.6325616848450198 0.4913440188297158
vn -0.5987042425323991 -0.6325616848450198 0.4913440188297158
vn -0.5987042425323991 -0.6325616848450198 0.4913440188297158
vn -0.5987042425323991 -0.6325616848450198 0.4913440188297158
vn -0.5987041942139649 0.6325619760789127 0.491343702767979
vn -0.5987041942139649 0.6325619760789127 0.491343702767979
vn -0.5987041942139649 0.6325619760789127 0.491343702767979
vn -0.5987041942139649 0.6325619760789127 0.491343702767979
vn -0.5987041942139649 0.6325619760789127 0.491343702767979
vn -0.5987041942139649 0.6325619760789127 0.491343702767979
vn -0.49180661020767036 -0.771505860848677 0.40361487191651196
vn -0.49180661020767036 -0.771505860848677 0.40361487191651196
vn -0.49180661020767036 -0.771505860848677 0.40361487191651196
vn -0.49180661020767036 -0.771505860848677 0.40361487191651196
vn -0.49180661020767036 -0.771505860848677 0.40361487191651196
vn -0.49180661020767036 -0.771505860848677 0.40361487191651196
vn -0.6824627488416357 0.46962994313209505 0.5600824162185986
vn -0.6824627488416357 0.46962994313209505 0.5600824162185986
vn -0.6824627488416357 0.46962994313209505 0.5600824162185986
vn -0.6824627488416357 0.46962994313209505 0.5600824162185986
vn -0.6824627488416357 0.46962994313209505 0.5600824162185986
vn -0.6824627488416357 0.46962994313209505 0.5600824162185986
vn -0.3657641773409651 -0.8809719822468216 0.3001748375034008
vn -0.3657641773409651 -0.8809719822468216 0.3001748375034008
vn -0.3657641773409651 -0.8809719822468216 0.3001748375034008
vn -0.3657641773409651 -0.8809719822468216 0.3001748375034008
vn -0.3657641773409651 -0.8809719822468216 0.3001748375034008
vn -0.3657641773409651 -0.8809719822468216 0.3001748375034008
vn -0.740024759990064 0.28900264887039273 0.6073226683959236
vn -0.740024759990064 0.28900264887039273 0.6073226683959236
vn -0.740024759990064 0.28900264887039273 0.6073226683959236
vn -0.740024759990064 0.28900264887039273 0.6073226683959236
vn -0.740024759990064 0.28900264887039273 0.6073226683959236
vn -0.740024759990064 0.28900264887039273 0.6073226683959236
vn -0.769323701938285 0.09755141073320087 0.6313673763348365
vn -0.769323701938285 0.09755141073320087 0.6313673763348365
vn -0.769323701938285 0.09755141073320087 0.6313673763348365
vn -0.769323701938285 0.09755141073320087 0.6313673763348365
vn -0.769323701938285 0.09755141073320087 0.6313673763348365
vn -0.769323701938285 0.09755141073320087 0.6313673763348365
vn -0.769323701938285 -0.09755120500759357 0.6313674081210869
vn -0.769323701938285 -0.09755120500759357 0.6313674081210869
vn -0.769323701938285 -0.09755120500759357 0.6313674081210869
vn -0.769323701938285 -0.09755120500759357 0.6313674081210869
vn -0.769323701938285 -0.09755120500759357 0.6313674081210869
vn -0.769323701938285 -0.09755120500759357 0.6313674081210869
vn -0.7400248392365318 -0.28900233944099724 0.6073227190798773
vn -0.7400248392365318 -0.28900233944099724 0.6073227190798773
vn -0.7400248392365318 -0.28900233944099724 0.6073227190798773
vn -0.7400248392365318 -0.28900233944099724 0.6073227190798773
vn -0.7400248392365318 -0.28900233944099724 0.6073227190798773
vn -0.7400248392365318 -0.28900233944099724 0.6073227190798773
vn -0.36576398155239487 0.8809722897665047 0.3001741735434634
vn -0.36576398155239487 0.8809722897665047 0.3001741735434634
vn -0.36576398155239487 0.8809722897665047 0.3001741735434634
vn -0.36576398155239487 0.8809722897665047 0.3001741735434634
vn -0.36576398155239487 0.8809722897665047 0.3001741735434634
vn -0.36576398155239487 0.8809722897665047 0.3001741735434634
vn -0.6824627835843194 -0.46962923688602565 0.5600829660721629
vn -0.6824627835843194 -0.46962923688602565 0.5600829660721629
vn -0.6824627835843194 -0.46962923688602565 0.5600829660721629
vn -0.6824627835843194 -0.46962923688602565 0.5600829660721629
vn -0.6824627835843194 -0.46962923688602565 0.5600829660721629
vn -0.6824627835843194 -0.46962923688602565 0.5600829660721629
vn -0.49180665437027976 0.7715058956810278 0.4036147515224478
vn -0.49180665437027976 0.7715058956810278 0.4036147515224478
vn -0.49180665437027976 0.7715058956810278 0.4036147515224478
vn -0.49180665437027976 0.7715058956810278 0.4036147515224478
vn -0.49180665437027976 0.7715058956810278 0.4036147515224478
vn -0.49180665437027976 0.7715058956810278 0.4036147515224478
vn -0.8777152140094171 -0.09755114923208884 0.4691479259038686
vn -0.8777152140094171 -0.09755114923208884 0.4691479259038686
vn -0.8777152140094171 -0.09755114923208884 0.4691479259038686
vn -0.8777152140094171 -0.09755114923208884 0.4691479259038686
vn -0.8777152140094171 -0.09755114923208884 0.4691479259038686
vn -0.8777152140094171 -0.09755114923208884 0.4691479259038686
vn -0.8442883369277816 -0.28900219179912523 0.45128143908543655
vn -0.8442883369277816 -0.28900219179912523 0.45128143908543655
vn -0.8442883369277816 -0.28900219179912523 0.45128143908543655
vn -0.8442883369277816 -0.28900219179912523 0.45128143908543655
vn -0.8442883369277816 -0.28900219179912523 0.45128143908543655
vn -0.8442883369277816 -0.28900219179912523 0.45128143908543655
vn -0.4172969426683872 0.880972351692563 0.22304927077417608
vn -0.4172969426683872 0.880972351692563 0.22304927077417608
vn -0.4172969426683872 0.880972351692563 0.22304927077417608
vn -0.4172969426683872 0.880972351692563 0.22304927077417608
vn -0.4172969426683872 0.880972351692563 0.22304927077417608
vn -0.4172969426683872 0.880972351692563 0.22304927077417608
vn -0.7786162866459779 -0.46962941494870364 0.41617891679488866
vn -0.7786162866459779 -0.46962941494870364 0.41617891679488866
vn -0.7786162866459779 -0.46962941494870364 0.41617891679488866
vn -0.7786162866459779 -0.46962941494870364 0.41617891679488866
vn -0.7786162866459779 -0.46962941494870364 0.41617891679488866
vn -0.7786162866459779 -0.46962941494870364 0.41617891679488866
vn -0.5610979354917307 0.7715058805650263 0.299912959107306
vn -0.5610979354917307 0.7715058805650263 0.299912959107306
vn -0.5610979354917307 0.7715058805650263 0.299912959107306
vn -0.5610979354917307 0.7715058805650263 0.299912959107306
vn -0.5610979354917307 0.7715058805650263 0.299912959107306
vn -0.5610979354917307 0.7715058805650263 0.299912959107306
vn -0.6830568191805341 -0.6325616128932136 0.36510161279417486
vn -0.6830568191805341 -0.6325616128932136 0.36510161279417486
vn -0.6830568191805341 -0.6325616128932136 0.36510161279417486
vn -0.6830568191805341 -0.6325616128932136 0.36510161279417486
vn -0.6830568191805341 -0.6325616128932136 0.36510161279417486
vn -0.6830568191805341 -0.6325616128932136 0.36510161279417486
vn -0.6830568841616028 0.6325616772327071 0.36510137975086754
vn -0.6830568841616028 0.6325616772327071 0.36510137975086754
vn -0.6830568841616028 0.6325616772327071 0.36510137975086754
vn -0.6830568841616028 0.6325616772327071 0.36510137975086754
vn -0.6830568841616028 0.6325616772327071 0.36510137975086754
vn -0.6830568841616028 0.6325616772327071 0.36510137975086754
vn -0.5610977943662939 -0.7715057154530046 0.29991364787323
vn -0.5610977943662939 -0.7715057154530046 0.29991364787323
vn -0.5610977943662939 -0.7715057154530046 0.29991364787323
vn -0.5610977943662939 -0.7715057154530046 0.29991364787323
vn -0.5610977943662939 -0.7715057154530046 0.29991364787323
vn -0.5610977943662939 -0.7715057154530046 0.29991364787323
vn -0.778616058540644 0.4696297653937899 0.41617894809661676
vn -0.778616058540644 0.4696297653937899 0.41617894809661676
vn -0.778616058540644 0.4696297653937899 0.41617894809661676
vn -0.778616058540644 0.4696297653937899 0.41617894809661676
vn -0.778616058540644 0.4696297653937899 0.41617894809661676
vn -0.778616058540644 0.4696297653937899 0.41617894809661676
vn -0.41729717229830865 -0.8809721412505062 0.223049672343032
vn -0.41729717229830865 -0.8809721412505062 0.223049672343032
vn -0.41729717229830865 -0.8809721412505062 0.223049672343032
vn -0.41729717229830865 -0.8809721412505062 0.223049672343032
vn -0.41729717229830865 -0.8809721412505062 0.223049672343032
vn -0.41729717229830865 -0.8809721412505062 0.223049672343032
vn -0.8442883369277816 0.289002338845266 0.4512813449165465
vn -0.8442883369277816 0.289002338845266 0.4512813449165465
vn -0.8442883369277816 0.289002338845266 0.4512813449165465
vn -0.8442883369277816 0.289002338845266 0.4512813449165465
vn -0.8442883369277816 0.289002338845266 0.4512813449165465
vn -0.8442883369277816 0.289002338845266 0.4512813449165465
vn -0.8777152140094171 0.09755130209988004 0.46914789411764496
vn -0.8777152140094171 0.09755130209988004 0.46914789411764496
vn -0.8777152140094171 0.09755130209988004 0.46914789411764496
vn -0.8777152140094171 0.09755130209988004 0.46914789411764496
vn -0.8777152140094171 0.09755130209988004 0.46914789411764496
vn -0.8777152140094171 0.09755130209988004 0.46914789411764496
vn -0.7411600218087872 0.6325615897024445 0.22482806165048547
vn -0.7411600218087872 0.6325615897024445 0.22482806165048547
vn -0.7411600218087872 0.6325615897024445 0.22482806165048547
vn -0.7411600218087872 0.6325615897024445 0.22482806165048547
vn -0.7411600218087872 0.6325615897024445 0.22482806165048547
vn -0.7411600218087872 0.6325615897024445 0.22482806165048547
vn -0.6088263994992826 -0.7715061610343561 0.18468529654190197
vn -0.6088263994992826 -0.7715061610343561 0.18468529654190197
vn -0.6088263994992826 -0.7715061610343561 0.18468529654190197
vn -0.6088263994992826 -0.7715061610343561 0.18468529654190197
vn -0.6088263994992826 -0.7715061610343561 0.18468529654190197
vn -0.6088263994992826 -0.7715061610343561 0.18468529654190197
vn -0.8448476350632673 0.469629934152319 0.2562814828974053
vn -0.8448476350632673 0.469629934152319 0.2562814828974053
vn -0.8448476350632673 0.469629934152319 0.2562814828974053
vn -0.8448476350632673 0.469629934152319 0.2562814828974053
vn -0.8448476350632673 0.469629934152319 0.2562814828974053
vn -0.8448476350632673 0.469629934152319 0.2562814828974053
vn -0.4527939360555656 -0.8809719669797138 0.13735372170859628
vn -0.4527939360555656 -0.8809719669797138 0.13735372170859628
vn -0.4527939360555656 -0.8809719669797138 0.13735372170859628
vn -0.4527939360555656 -0.8809719669797138 0.13735372170859628
vn -0.4527939360555656 -0.8809719669797138 0.13735372170859628
vn -0.4527939360555656 -0.8809719669797138 0.13735372170859628
vn -0.9161062667723133 0.2890022310446938 0.2778974962673905
vn -0.9161062667723133 0.2890022310446938 0.2778974962673905
vn -0.9161062667723133 0.2890022310446938 0.2778974962673905
vn -0.9161062667723133 0.2890022310446938 0.2778974962673905
vn -0.9161062667723133 0.2890022310446938 0.2778974962673905
vn -0.9161062667723133 0.2890022310446938 0.2778974962673905
vn -0.952376269823973 0.09755128487352323 0.2888999610517448
vn -0.952376269823973 0.09755128487352323 0.2888999610517448
vn -0.952376269823973 0.09755128487352323 0.2888999610517448
vn -0.952376269823973 0.09755128487352323 0.2888999610517448
vn -0.952376269823973 0.09755128487352323 0.2888999610517448
vn -0.952376269823973 0.09755128487352323 0.2888999610517448
vn -0.9523762719005722 -0.09755116859892644 0.28889999346789785
vn -0.9523762719005722 -0.09755116859892644 0.28889999346789785
vn -0.9523762719005722 -0.09755116859892644 0.28889999346789785
vn -0.9523762719005722 -0.09755116859892644 0.28889999346789785
vn -0.9523762719005722 -0.09755116859892644 0.28889999346789785
vn -0.9523762719005722 -0.09755116859892644 0.28889999346789785
vn -0.9161062321319491 -0.2890021969752827 0.2778976458922664
vn -0.9161062321319491 -0.2890021969752827 0.2778976458922664
vn -0.9161062321319491 -0.2890021969752827 0.2778976458922664
vn -0.9161062321319491 -0.2890021969752827 0.2778976458922664
vn -0.9161062321319491 -0.2890021969752827 0.2778976458922664
vn -0.9161062321319491 -0.2890021969752827 0.2778976458922664
vn -0.45279342931927596 0.8809723079498631 0.13735320524393108
vn -0.45279342931927596 0.8809723079498631 0.13735320524393108
vn -0.45279342931927596 0.8809723079498631 0.13735320524393108
vn -0.45279342931927596 0.8809723079498631 0.13735320524393108
vn -0.45279342931927596 0.8809723079498631 0.13735320524393108
vn -0.45279342931927596 0.8809723079498631 0.13735320524393108
vn -0.8448477883424109 -0.46962944902080705 0.2562818665948689
vn -0.8448477883424109 -0.46962944902080705 0.2562818665948689
vn -0.8448477883424109 -0.46962944902080705 0.2562818665948689
vn -0.8448477883424109 -0.46962944902080705 0.2562818665948689
vn -0.8448477883424109 -0.46962944902080705 0.2562818665948689
vn -0.8448477883424109 -0.46962944902080705 0.2562818665948689
vn -0.6088266554795236 0.7715059295169835 0.18468541982991799
vn -0.6088266554795236 0.7715059295169835 0.18468541982991799
vn -0.6088266554795236 0.7715059295169835 0.18468541982991799
vn -0.6088266554795236 0.7715059295169835 0.18468541982991799
vn -0.6088266554795236 0.7715059295169835 0.18468541982991799
vn -0.6088266554795236 0.7715059295169835 0.18468541982991799
vn -0.741160021808787 -0.6325615164441303 0.22482826776519974
vn -0.741160021808787 -0.6325615164441303 0.22482826776519974
vn -0.741160021808787 -0.6325615164441303 0.22482826776519974
vn -0.741160021808787 -0.6325615164441303 0.22482826776519974
vn -0.741160021808787 -0.6325615164441303 0.22482826776519974
vn -0.741160021808787 -0.6325615164441303 0.22482826776519974
vn -0.9904382394379015 -0.09755107237234137 0.09754938307419678
vn -0.9904382394379015 -0.09755107237234137 0.09754938307419678
vn -0.9904382394379015 -0.09755107237234137 0.09754938307419678
vn -0.9904382394379015 -0.09755107237234137 0.09754938307419678
vn -0.9904382394379015 -0.09755107237234137 0.09754938307419678
vn -0.9904382394379015 -0.09755107237234137 0.09754938307419678
vn -0.9527186171000946 -0.289002296218456 0.09383447879827132
vn -0.9527186171000946 -0.289002296218456 0.09383447879827132
vn -0.9527186171000946 -0.289002296218456 0.09383447879827132
vn -0.9527186171000946 -0.289002296218456 0.09383447879827132
vn -0.9527186171000946 -0.289002296218456 0.09383447879827132
vn -0.9527186171000946 -0.289002296218456 0.09383447879827132
vn -0.47088934122572856 0.8809723622243197 0.046378069352888546
vn -0.47088934122572856 0.8809723622243197 0.046378069352888546
vn -0.47088934122572856 0.8809723622243197 0.046378069352888546
vn -0.47088934122572856 0.8809723622243197 0.046378069352888546
vn -0.47088934122572856 0.8809723622243197 0.046378069352888546
vn -0.47088934122572856 0.8809723622243197 0.046378069352888546
vn -0.8786124915948436 -0.4696292870866219 0.08653567081852631
vn -0.8786124915948436 -0.4696292870866219 0.08653567081852631
vn -0.8786124915948436 -0.4696292870866219 0.08653567081852631
vn -0.8786124915948436 -0.4696292870866219 0.08653567081852631
vn -0.8786124915948436 -0.4696292870866219 0.08653567081852631
vn -0.8786124915948436 -0.4696292870866219 0.08653567081852631
vn -0.6331585736593563 0.7715059135149752 0.06236061267397014
vn -0.6331585736593563 0.7715059135149752 0.06236061267397014
vn -0.6331585736593563 0.7715059135149752 0.06236061267397014
vn -0.6331585736593563 0.7715059135149752 0.06236061267397014
vn -0.6331585736593563 0.7715059135149752 0.06236061267397014
vn -0.6331585736593563 0.7715059135149752 0.06236061267397014
vn -0.7707806583785999 -0.6325615322291656 0.07591498279880375
vn -0.7707806583785999 -0.6325615322291656 0.07591498279880375
vn -0.7707806583785999 -0.6325615322291656 0.07591498279880375
vn -0.7707806583785999 -0.6325615322291656 0.07591498279880375
vn -0.7707806583785999 -0.6325615322291656 0.07591498279880375
vn -0.7707806583785999 -0.6325615322291656 0.07591498279880375
vn -0.7707806583785998 0.632561556965373 0.07591477668409223
vn -0.7707806583785998 0.632561556965373 0.07591477668409223
vn -0.7707806583785998 0.632561556965373 0.07591477668409223
vn -0.7707806583785998 0.632561556965373 0.07591477668409223
vn -0.7707806583785998 0.632561556965373 0.07591477668409223
vn -0.7707806583785998 0.632561556965373 0.07591477668409223
vn -0.6331584347236546 -0.771506034948702 0.06236052097299783
vn -0.6331584347236546 -0.771506034948702 0.06236052097299783
vn -0.6331584347236546 -0.771506034948702 0.06236052097299783
vn -0.6331584347236546 -0.771506034948702 0.06236052097299783
vn -0.6331584347236546 -0.771506034948702 0.06236052097299783
vn -0.6331584347236546 -0.771506034948702 0.06236052097299783
vn -0.8786122709700289 0.46962971428178496 0.08653559247209916
vn -0.8786122709700289 0.46962971428178496 0.08653559247209916
vn -0.8786122709700289 0.46962971428178496 0.08653559247209916
vn -0.8786122709700289 0.46962971428178496 0.08653559247209916
vn -0.8786122709700289 0.46962971428178496 0.08653559247209916
vn -0.8786122709700289 0.46962971428178496 0.08653559247209916
vn -0.4708895064860942 -0.8809722583024086 0.04637836546103277
vn -0.4708895064860942 -0.8809722583024086 0.04637836546103277
vn -0.4708895064860942 -0.8809722583024086 0.04637836546103277
vn -0.4708895064860942 -0.8809722583024086 0.04637836546103277
vn -0.4708895064860942 -0.8809722583024086 0.04637836546103277
vn -0.4708895064860942 -0.8809722583024086 0.04637836546103277
vn -0.9527186355097055 0.28900227277341 0.09383436409081945
vn -0.9527186355097055 0.28900227277341 0.09383436409081945
vn -0.9527186355097055 0.28900227277341 0.09383436409081945
vn -0.9527186355097055 0.28900227277341 0.09383436409081945
vn -0.9527186355097055 0.28900227277341 0.09383436409081945
vn -0.9527186355097055 0.28900227277341 0.09383436409081945
vn -0.9904382361439247 0.09755112460532141 0.09754936428469585
vn -0.9904382361439247 0.09755112460532141 0.09754936428469585
vn -0.9904382361439247 0.09755112460532141 0.09754936428469585
vn -0.9904382361439247 0.09755112460532141 0.09754936428469585
vn -0.9904382361439247 0.09755112460532141 0.09754936428469585
vn -0.9904382361439247 0.09755112460532141 0.09754936428469585
vn -0.6331585820181804 -0.7715059106764036 -0.06236056292321258
vn -0.6331585820181804 -0.7715059106764036 -0.06236056292321258
vn -0.6331585820181804 -0.7715059106764036 -0.06236056292321258
vn -0.6331585820181804 -0.7715059106764036 -0.06236056292321258
vn -0.6331585820181804 -0.7715059106764036 -0.06236056292321258
vn -0.6331585820181804 -0.7715059106764036 -0.06236056292321258
vn -0.8786122691083864 0.4696296871469473 -0.08653575863464266
vn -0.8786122691083864 0.4696296871469473 -0.08653575863464266
vn -0.8786122691083864 0.4696296871469473 -0.08653575863464266
vn -0.8786122691083864 0.4696296871469473 -0.08653575863464266
vn -0.8786122691083864 0.4696296871469473 -0.08653575863464266
vn -0.8786122691083864 0.4696296871469473 -0.08653575863464266
vn -0.47088950329977475 -0.880972263604779 -0.046378297092099244
vn -0.47088950329977475 -0.880972263604779 -0.046378297092099244
vn -0.47088950329977475 -0.880972263604779 -0.046378297092099244
vn -0.47088950329977475 -0.880972263604779 -0.046378297092099244
vn -0.47088950329977475 -0.880972263604779 -0.046378297092099244
vn -0.47088950329977475 -0.880972263604779 -0.046378297092099244
vn -0.9527185773214628 0.28900216494240283 -0.09383528699360512
vn -0.9527185773214628 0.28900216494240283 -0.09383528699360512
vn -0.9527185773214628 0.28900216494240283 -0.09383528699360512
vn -0.9527185773214628 0.28900216494240283 -0.09383528699360512
vn -0.9527185773214628 0.28900216494240283 -0.09383528699360512
vn -0.9527185773214628 0.28900216494240283 -0.09383528699360512
vn -0.9904381630242781 0.09755105423553748 -0.0975501770507298
vn -0.9904381630242781 0.09755105423553748 -0.0975501770507298
vn -0.9904381630242781 0.09755105423553748 -0.0975501770507298
vn -0.9904381630242781 0.09755105423553748 -0.0975501770507298
vn -0.9904381630242781 0.09755105423553748 -0.0975501770507298
vn -0.9904381630242781 0.09755105423553748 -0.0975501770507298
vn -0.9904381630242781 -0.0975510860214143 -0.0975501452645568
vn -0.9904381630242781 -0.0975510860214143 -0.0975501452645568
vn -0.9904381630242781 -0.0975510860214143 -0.0975501452645568
vn -0.9904381630242781 -0.0975510860214143 -0.0975501452645568
vn -0.9904381630242781 -0.0975510860214143 -0.0975501452645568
vn -0.9904381630242781 -0.0975510860214143 -0.0975501452645568
vn -0.9527185773214628 -0.2890021955178047 -0.09383519282474279
vn -0.9527185773214628 -0.2890021955178047 -0.09383519282474279
vn -0.9527185773214628 -0.2890021955178047 -0.09383519282474279
vn -0.9527185773214628 -0.2890021955178047 -0.09383519282474279
vn -0.9527185773214628 -0.2890021955178047 -0.09383519282474279
vn -0.9527185773214628 -0.2890021955178047 -0.09383519282474279
vn -0.4708892683758876 0.8809723742401615 -0.046378580768220136
vn -0.4708892683758876 0.8809723742401615 -0.046378580768220136
vn -0.4708892683758876 0.8809723742401615 -0.046378580768220136
vn -0.4708892683758876 0.8809723742401615 -0.046378580768220136
vn -0.4708892683758876 0.8809723742401615 -0.046378580768220136
vn -0.4708892683758876 0.8809723742401615 -0.046378580768220136
vn -0.8786123918309008 -0.4696294150843092 -0.08653598909559809
vn -0.8786123918309008 -0.4696294150843092 -0.08653598909559809
vn -0.8786123918309008 -0.4696294150843092 -0.08653598909559809
vn -0.8786123918309008 -0.4696294150843092 -0.08653598909559809
vn -0.8786123918309008 -0.4696294150843092 -0.08653598909559809
vn -0.8786123918309008 -0.4696294150843092 -0.08653598909559809
vn -0.6331588282301185 0.7715056614343424 -0.06236114663010299
vn -0.6331588282301185 0.7715056614343424 -0.06236114663010299
vn -0.6331588282301185 0.7715056614343424 -0.06236114663010299
vn -0.6331588282301185 0.7715056614343424 -0.06236114663010299
vn -0.6331588282301185 0.7715056614343424 -0.06236114663010299
vn -0.6331588282301185 0.7715056614343424 -0.06236114663010299
vn -0.77078060323189 -0.6325615606239803 -0.07591530611436635
vn -0.77078060323189 -0.6325615606239803 -0.07591530611436635
vn -0.77078060323189 -0.6325615606239803 -0.07591530611436635
vn -0.77078060323189 -0.6325615606239803 -0.07591530611436635
vn -0.77078060323189 -0.6325615606239803 -0.07591530611436635
vn -0.77078060323189 -0.6325615606239803 -0.07591530611436635
vn -0.77078060323189 0.6325615358876004 -0.07591551222907907
vn -0.77078060323189 0.6325615358876004 -0.07591551222907907
vn -0.77078060323189 0.6325615358876004 -0.07591551222907907
vn -0.77078060323189 0.6325615358876004 -0.07591551222907907
vn -0.77078060323189 0.6325615358876004 -0.07591551222907907
vn -0.77078060323189 0.6325615358876004 -0.07591551222907907
vn -0.9161063071336477 -0.28900200535884896 -0.2778975979178566
vn -0.9161063071336477 -0.28900200535884896 -0.2778975979178566
vn -0.9161063071336477 -0.28900200535884896 -0.2778975979178566
vn -0.9161063071336477 -0.28900200535884896 -0.2778975979178566
vn -0.9161063071336477 -0.28900200535884896 -0.2778975979178566
vn -0.9161063071336477 -0.28900200535884896 -0.2778975979178566
vn -0.45279318557411585 0.8809723752802694 -0.13735357691259586
vn -0.45279318557411585 0.8809723752802694 -0.13735357691259586
vn -0.45279318557411585 0.8809723752802694 -0.13735357691259586
vn -0.45279318557411585 0.8809723752802694 -0.13735357691259586
vn -0.45279318557411585 0.8809723752802694 -0.13735357691259586
vn -0.45279318557411585 0.8809723752802694 -0.13735357691259586
vn -0.8448477400987883 -0.46962956864565525 -0.2562818064234487
vn -0.8448477400987883 -0.46962956864565525 -0.2562818064234487
vn -0.8448477400987883 -0.46962956864565525 -0.2562818064234487
vn -0.8448477400987883 -0.46962956864565525 -0.2562818064234487
vn -0.8448477400987883 -0.46962956864565525 -0.2562818064234487
vn -0.8448477400987883 -0.46962956864565525 -0.2562818064234487
vn -0.608826609643562 0.7715058431082373 -0.18468593189459126
vn -0.608826609643562 0.7715058431082373 -0.18468593189459126
vn -0.608826609643562 0.7715058431082373 -0.18468593189459126
vn -0.608826609643562 0.7715058431082373 -0.18468593189459126
vn -0.608826609643562 0.7715058431082373 -0.18468593189459126
vn -0.608826609643562 0.7715058431082373 -0.18468593189459126
vn -0.7411599041553267 -0.6325615314257502 -0.2248286134654049
vn -0.7411599041553267 -0.6325615314257502 -0.2248286134654049
vn -0.7411599041553267 -0.6325615314257502 -0.2248286134654049
vn -0.7411599041553267 -0.6325615314257502 -0.2248286134654049
vn -0.7411599041553267 -0.6325615314257502 -0.2248286134654049
vn -0.7411599041553267 -0.6325615314257502 -0.2248286134654049
vn -0.7411599041553267 0.6325614581672563 -0.22482881958010018
vn -0.7411599041553267 0.6325614581672563 -0.22482881958010018
vn -0.7411599041553267 0.6325614581672563 -0.22482881958010018
vn -0.7411599041553267 0.6325614581672563 -0.22482881958010018
vn -0.7411599041553267 0.6325614581672563 -0.22482881958010018
vn -0.7411599041553267 0.6325614581672563 -0.22482881958010018
vn -0.6088263413430891 -0.7715062071214427 -0.18468529573269696
vn -0.6088263413430891 -0.7715062071214427 -0.18468529573269696
vn -0.6088263413430891 -0.7715062071214427 -0.18468529573269696
vn -0.6088263413430891 -0.7715062071214427 -0.18468529573269696
vn -0.6088263413430891 -0.7715062071214427 -0.18468529573269696
vn -0.6088263413430891 -0.7715062071214427 -0.18468529573269696
vn -0.8448475855698608 0.46962970392367315 -0.2562820679433894
vn -0.8448475855698608 0.46962970392367315 -0.2562820679433894
vn -0.8448475855698608 0.46962970392367315 -0.2562820679433894
vn -0.8448475855698608 0.46962970392367315 -0.2562820679433894
vn -0.8448475855698608 0.46962970392367315 -0.2562820679433894
vn -0.8448475855698608 0.46962970392367315 -0.2562820679433894
vn -0.4527937901114596 -0.8809720773080801 -0.1373534951866368
vn -0.4527937901114596 -0.8809720773080801 -0.1373534951866368
vn -0.4527937901114596 -0.8809720773080801 -0.1373534951866368
vn -0.4527937901114596 -0.8809720773080801 -0.1373534951866368
vn -0.4527937901114596 -0.8809720773080801 -0.1373534951866368
vn -0.4527937901114596 -0.8809720773080801 -0.1373534951866368
vn -0.9161063054426055 0.2890019032758496 -0.27789770965453464
vn -0.9161063054426055 0.2890019032758496 -0.27789770965453464
vn -0.9161063054426055 0.2890019032758496 -0.27789770965453464
vn -0.9161063054426055 0.2890019032758496 -0.27789770965453464
vn -0.9161063054426055 0.2890019032758496 -0.27789770965453464
vn -0.9161063054426055 0.2890019032758496 -0.27789770965453464
vn -0.9523761461250269 0.09755107851931324 -0.28890043851084796
vn -0.9523761461250269 0.09755107851931324 -0.28890043851084796
vn -0.9523761461250269 0.09755107851931324 -0.28890043851084796
vn -0.9523761461250269 0.09755107851931324 -0.28890043851084796
vn -0.9523761461250269 0.09755107851931324 -0.28890043851084796
vn -0.9523761461250269 0.09755107851931324 -0.28890043851084796
vn -0.9523761488938222 -0.09755114313630316 -0.28890040756456736
vn -0.9523761488938222 -0.09755114313630316 -0.28890040756456736
vn -0.9523761488938222 -0.09755114313630316 -0.28890040756456736
vn -0.9523761488938222 -0.09755114313630316 -0.28890040756456736
vn -0.9523761488938222 -0.09755114313630316 -0.28890040756456736
vn -0.9523761488938222 -0.09755114313630316 -0.28890040756456736
vn -0.41729703071957175 -0.8809721137241016 -0.22305004593838917
vn -0.41729703071957175 -0.8809721137241016 -0.22305004593838917
vn -0.41729703071957175 -0.8809721137241016 -0.22305004593838917
vn -0.41729703071957175 -0.8809721137241016 -0.22305004593838917
vn -0.41729703071957175 -0.8809721137241016 -0.22305004593838917
vn -0.41729703071957175 -0.8809721137241016 -0.22305004593838917
vn -0.8442881791874085 0.28900194019118575 -0.45128189532723384
vn -0.8442881791874085 0.28900194019118575 -0.45128189532723384
vn -0.8442881791874085 0.28900194019118575 -0.45128189532723384
vn -0.8442881791874085 0.28900194019118575 -0.45128189532723384
vn -0.8442881791874085 0.28900194019118575 -0.45128189532723384
vn -0.8442881791874085 0.28900194019118575 -0.45128189532723384
vn -0.8777146571850019 0.09755090854798243 -0.4691490176948876
vn -0.8777146571850019 0.09755090854798243 -0.4691490176948876
vn -0.8777146571850019 0.09755090854798243 -0.4691490176948876
vn -0.8777146571850019 0.09755090854798243 -0.4691490176948876
vn -0.8777146571850019 0.09755090854798243 -0.4691490176948876
vn -0.8777146571850019 0.09755090854798243 -0.4691490176948876
vn -0.877714683004803 -0.09755104938462694 -0.46914894010509745
vn -0.877714683004803 -0.09755104938462694 -0.46914894010509745
vn -0.877714683004803 -0.09755104938462694 -0.46914894010509745
vn -0.877714683004803 -0.09755104938462694 -0.46914894010509745
vn -0.877714683004803 -0.09755104938462694 -0.46914894010509745
vn -0.877714683004803 -0.09755104938462694 -0.46914894010509745
vn -0.8442881620702972 -0.2890021017810705 -0.4512818238685037
vn -0.8442881620702972 -0.2890021017810705 -0.4512818238685037
vn -0.8442881620702972 -0.2890021017810705 -0.4512818238685037
vn -0.8442881620702972 -0.2890021017810705 -0.4512818238685037
vn -0.8442881620702972 -0.2890021017810705 -0.4512818238685037
vn -0.8442881620702972 -0.2890021017810705 -0.4512818238685037
vn -0.4172960282265708 0.8809725373406079 -0.22305024832530473
vn -0.4172960282265708 0.8809725373406079 -0.22305024832530473
vn -0.4172960282265708 0.8809725373406079 -0.22305024832530473
vn -0.4172960282265708 0.8809725373406079 -0.22305024832530473
vn -0.4172960282265708 0.8809725373406079 -0.22305024832530473
vn -0.4172960282265708 0.8809725373406079 -0.22305024832530473
vn -0.7786160701376469 -0.4696295576236401 -0.41617916085459034
vn -0.7786160701376469 -0.4696295576236401 -0.41617916085459034
vn -0.7786160701376469 -0.4696295576236401 -0.41617916085459034
vn -0.7786160701376469 -0.4696295576236401 -0.41617916085459034
vn -0.7786160701376469 -0.4696295576236401 -0.41617916085459034
vn -0.7786160701376469 -0.4696295576236401 -0.41617916085459034
vn -0.561098012163566 0.7715057467035807 -0.2999131600137692
vn -0.561098012163566 0.7715057467035807 -0.2999131600137692
vn -0.561098012163566 0.7715057467035807 -0.2999131600137692
vn -0.561098012163566 0.7715057467035807 -0.2999131600137692
vn -0.561098012163566 0.7715057467035807 -0.2999131600137692
vn -0.561098012163566 0.7715057467035807 -0.2999131600137692
vn -0.6830569913085663 -0.6325614276435619 -0.3651016117220355
vn -0.6830569913085663 -0.6325614276435619 -0.3651016117220355
vn -0.6830569913085663 -0.6325614276435619 -0.3651016117220355
vn -0.6830569913085663 -0.6325614276435619 -0.3651016117220355
vn -0.6830569913085663 -0.6325614276435619 -0.3651016117220355
vn -0.6830569913085663 -0.6325614276435619 -0.3651016117220355
vn -0.6830569655548627 0.6325613444331302 -0.3651018040710484
vn -0.6830569655548627 0.6325613444331302 -0.3651018040710484
vn -0.6830569655548627 0.6325613444331302 -0.3651018040710484
vn -0.6830569655548627 0.6325613444331302 -0.3651018040710484
vn -0.6830569655548627 0.6325613444331302 -0.3651018040710484
vn -0.6830569655548627 0.6325613444331302 -0.3651018040710484
vn -0.5610976094871464 -0.7715059836515151 -0.299913303835821
vn -0.5610976094871464 -0.7715059836515151 -0.299913303835821
vn -0.5610976094871464 -0.7715059836515151 -0.299913303835821
vn -0.5610976094871464 -0.7715059836515151 -0.299913303835821
vn -0.5610976094871464 -0.7715059836515151 -0.299913303835821
vn -0.5610976094871464 -0.7715059836515151 -0.299913303835821
vn -0.7786159390391587 0.46962974881848357 -0.41617919037219664
vn -0.7786159390391587 0.46962974881848357 -0.41617919037219664
vn -0.7786159390391587 0.46962974881848357 -0.41617919037219664
vn -0.7786159390391587 0.46962974881848357 -0.41617919037219664
vn -0.7786159390391587 0.46962974881848357 -0.41617919037219664
vn -0.7786159390391587 0.46962974881848357 -0.41617919037219664
vn -0.36576370013366194 0.8809721601691367 -0.30017489680427534
vn -0.36576370013366194 0.8809721601691367 -0.30017489680427534
vn -0.36576370013366194 0.8809721601691367 -0.30017489680427534
vn -0.36576370013366194 0.8809721601691367 -0.30017489680427534
vn -0.36576370013366194 0.8809721601691367 -0.30017489680427534
vn -0.36576370013366194 0.8809721601691367 -0.30017489680427534
vn -0.6824626780108174 -0.4696294883721659 -0.5600828838427409
vn -0.6824626780108174 -0.4696294883721659 -0.5600828838427409
vn -0.6824626780108174 -0.4696294883721659 -0.5600828838427409
vn -0.6824626780108174 -0.4696294883721659 -0.5600828838427409
vn -0.6824626780108174 -0.4696294883721659 -0.5600828838427409
vn -0.6824626780108174 -0.4696294883721659 -0.5600828838427409
vn -0.4918055960133408 0.7715063362497555 -0.4036151989908731
vn -0.4918055960133408 0.7715063362497555 -0.4036151989908731
vn -0.4918055960133408 0.7715063362497555 -0.4036151989908731
vn -0.4918055960133408 0.7715063362497555 -0.4036151989908731
vn -0.4918055960133408 0.7715063362497555 -0.4036151989908731
vn -0.4918055960133408 0.7715063362497555 -0.4036151989908731
vn -0.5987044708737242 -0.6325613574610064 -0.49134416207267884
vn -0.5987044708737242 -0.6325613574610064 -0.49134416207267884
vn -0.5987044708737242 -0.6325613574610064 -0.49134416207267884
vn -0.5987044708737242 -0.6325613574610064 -0.49134416207267884
vn -0.5987044708737242 -0.6325613574610064 -0.49134416207267884
vn -0.5987044708737242 -0.6325613574610064 -0.49134416207267884
vn -0.5987044708737242 0.6325611973607247 -0.4913443681873033
vn -0.5987044708737242 0.6325611973607247 -0.4913443681873033
vn -0.5987044708737242 0.6325611973607247 -0.4913443681873033
vn -0.5987044708737242 0.6325611973607247 -0.4913443681873033
vn -0.5987044708737242 0.6325611973607247 -0.4913443681873033
vn -0.5987044708737242 0.6325611973607247 -0.4913443681873033
vn -0.49180605009625755 -0.7715063000067657 -0.4036147149678612
vn -0.49180605009625755 -0.7715063000067657 -0.4036147149678612
vn -0.49180605009625755 -0.7715063000067657 -0.4036147149678612
vn -0.49180605009625755 -0.7715063000067657 -0.4036147149678612
vn -0.49180605009625755 -0.7715063000067657 -0.4036147149678612
vn -0.49180605009625755 -0.7715063000067657 -0.4036147149678612
vn -0.6824625134250568 0.46962967329282634 -0.5600829293349578
vn -0.6824625134250568 0.46962967329282634 -0.5600829293349578
vn -0.6824625134250568 0.46962967329282634 -0.5600829293349578
vn -0.6824625134250568 0.46962967329282634 -0.5600829293349578
vn -0.6824625134250568 0.46962967329282634 -0.5600829293349578
vn -0.6824625134250568 0.46962967329282634 -0.5600829293349578
vn -0.36576399342682053 -0.8809721273765106 -0.300174635667589
vn -0.36576399342682053 -0.8809721273765106 -0.300174635667589
vn -0.36576399342682053 -0.8809721273765106 -0.300174635667589
vn -0.36576399342682053 -0.8809721273765106 -0.300174635667589
vn -0.36576399342682053 -0.8809721273765106 -0.300174635667589
vn -0.36576399342682053 -0.8809721273765106 -0.300174635667589
vn -0.7400249082295943 0.28900189607261656 -0.6073228459939681
vn -0.7400249082295943 0.28900189607261656 -0.6073228459939681
vn -0.7400249082295943 0.28900189607261656 -0.6073228459939681
vn -0.7400249082295943 0.28900189607261656 -0.6073228459939681
vn -0.7400249082295943 0.28900189607261656 -0.6073228459939681
vn -0.7400249082295943 0.28900189607261656 -0.6073228459939681
vn -0.7693234113424694 0.09755082607709097 -0.6313678207606583
vn -0.7693234113424694 0.09755082607709097 -0.6313678207606583
vn -0.7693234113424694 0.09755082607709097 -0.6313678207606583
vn -0.7693234113424694 0.09755082607709097 -0.6313678207606583
vn -0.7693234113424694 0.09755082607709097 -0.6313678207606583
vn -0.7693234113424694 0.09755082607709097 -0.6313678207606583
vn -0.7693234113424694 -0.09755103180283273 -0.6313677889745314
vn -0.7693234113424694 -0.09755103180283273 -0.6313677889745314
vn -0.7693234113424694 -0.09755103180283273 -0.6313677889745314
vn -0.7693234113424694 -0.09755103180283273 -0.6313677889745314
vn -0.7693234113424694 -0.09755103180283273 -0.6313677889745314
vn -0.7693234113424694 -0.09755103180283273 -0.6313677889745314
vn -0.7400249082295943 -0.28900209396350096 -0.6073227518251662
vn -0.7400249082295943 -0.28900209396350096 -0.6073227518251662
vn -0.7400249082295943 -0.28900209396350096 -0.6073227518251662
vn -0.7400249082295943 -0.28900209396350096 -0.6073227518251662
vn -0.7400249082295943 -0.28900209396350096 -0.6073227518251662
vn -0.7400249082295943 -0.28900209396350096 -0.6073227518251662
vn -0.607322426883342 0.2890014801708009 -0.7400254146065619
vn -0.607322426883342 0.2890014801708009 -0.7400254146065619
vn -0.607322426883342 0.2890014801708009 -0.7400254146065619
vn -0.607322426883342 0.2890014801708009 -0.7400254146065619
vn -0.607322426883342 0.2890014801708009 -0.7400254146065619
vn -0.607322426883342 0.2890014801708009 -0.7400254146065619
vn -0.631367149552774 0.09755081110371744 -0.7693239640870497
vn -0.631367149552774 0.09755081110371744 -0.7693239640870497
vn -0.631367149552774 0.09755081110371744 -0.7693239640870497
vn -0.631367149552774 0.09755081110371744 -0.7693239640870497
vn -0.631367149552774 0.09755081110371744 -0.7693239640870497
vn -0.631367149552774 0.09755081110371744 -0.7693239640870497
vn -0.631367149552774 -0.09755106178127602 -0.7693239323009202
vn -0.631367149552774 -0.09755106178127602 -0.7693239323009202
vn -0.631367149552774 -0.09755106178127602 -0.7693239323009202
vn -0.631367149552774 -0.09755106178127602 -0.7693239323009202
vn -0.631367149552774 -0.09755106178127602 -0.7693239323009202
vn -0.631367149552774 -0.09755106178127602 -0.7693239323009202
vn -0.6073223846667364 -0.28900190838990003 -0.7400252820206242
vn -0.6073223846667364 -0.28900190838990003 -0.7400252820206242
vn -0.6073223846667364 -0.28900190838990003 -0.7400252820206242
vn -0.6073223846667364 -0.28900190838990003 -0.7400252820206242
vn -0.6073223846667364 -0.28900190838990003 -0.7400252820206242
vn -0.6073223846667364 -0.28900190838990003 -0.7400252820206242
vn -0.3001746078744972 0.8809721600793826 -0.36576393746849684
vn -0.3001746078744972 0.8809721600793826 -0.36576393746849684
vn -0.3001746078744972 0.8809721600793826 -0.36576393746849684
vn -0.3001746078744972 0.8809721600793826 -0.36576393746849684
vn -0.3001746078744972 0.8809721600793826 -0.36576393746849684
vn -0.3001746078744972 0.8809721600793826 -0.36576393746849684
vn -0.5600825302021158 -0.46962943787195327 -0.6824630029873189
vn -0.5600825302021158 -0.46962943787195327 -0.6824630029873189
vn -0.5600825302021158 -0.46962943787195327 -0.6824630029873189
vn -0.5600825302021158 -0.46962943787195327 -0.6824630029873189
vn -0.5600825302021158 -0.46962943787195327 -0.6824630029873189
vn -0.5600825302021158 -0.46962943787195327 -0.6824630029873189
vn -0.4036151681008664 0.7715057361521329 -0.49180656274928336
vn -0.4036151681008664 0.7715057361521329 -0.49180656274928336
vn -0.4036151681008664 0.7715057361521329 -0.49180656274928336
vn -0.4036151681008664 0.7715057361521329 -0.49180656274928336
vn -0.4036151681008664 0.7715057361521329 -0.49180656274928336
vn -0.4036151681008664 0.7715057361521329 -0.49180656274928336
vn -0.49134392271320193 -0.6325614541397283 -0.5987045651650197
vn -0.49134392271320193 -0.6325614541397283 -0.5987045651650197
vn -0.49134392271320193 -0.6325614541397283 -0.5987045651650197
vn -0.49134392271320193 -0.6325614541397283 -0.5987045651650197
vn -0.49134392271320193 -0.6325614541397283 -0.5987045651650197
vn -0.49134392271320193 -0.6325614541397283 -0.5987045651650197
vn -0.49134379622395985 0.6325613092893232 -0.5987048220136573
vn -0.49134379622395985 0.6325613092893232 -0.5987048220136573
vn -0.49134379622395985 0.6325613092893232 -0.5987048220136573
vn -0.49134379622395985 0.6325613092893232 -0.5987048220136573
vn -0.49134379622395985 0.6325613092893232 -0.5987048220136573
vn -0.49134379622395985 0.6325613092893232 -0.5987048220136573
vn -0.4036148127094704 -0.7715061417343261 -0.49180621816698633
vn -0.4036148127094704 -0.7715061417343261 -0.49180621816698633
vn -0.4036148127094704 -0.7715061417343261 -0.49180621816698633
vn -0.4036148127094704 -0.7715061417343261 -0.49180621816698633
vn -0.4036148127094704 -0.7715061417343261 -0.49180621816698633
vn -0.4036148127094704 -0.7715061417343261 -0.49180621816698633
vn -0.5600824706818537 0.4696296328005446 -0.6824629176962924
vn -0.5600824706818537 0.4696296328005446 -0.6824629176962924
vn -0.5600824706818537 0.4696296328005446 -0.6824629176962924
vn -0.5600824706818537 0.4696296328005446 -0.6824629176962924
vn -0.5600824706818537 0.4696296328005446 -0.6824629176962924
vn -0.5600824706818537 0.4696296328005446 -0.6824629176962924
vn -0.3001746740003084 -0.8809721791898522 -0.3657638371713251
vn -0.3001746740003084 -0.8809721791898522 -0.3657638371713251
vn -0.3001746740003084 -0.8809721791898522 -0.3657638371713251
vn -0.3001746740003084 -0.8809721791898522 -0.3657638371713251
vn -0.3001746740003084 -0.8809721791898522 -0.3657638371713251
vn -0.3001746740003084 -0.8809721791898522 -0.3657638371713251
vn -0.4161786934759043 -0.4696300293261658 -0.7786160354448102
vn -0.4161786934759043 -0.4696300293261658 -0.7786160354448102
vn -0.4161786934759043 -0.4696300293261658 -0.7786160354448102
vn -0.4161786934759043 -0.4696300293261658 -0.7786160354448102
vn -0.4161786934759043 -0.4696300293261658 -0.7786160354448102
vn -0.4161786934759043 -0.4696300293261658 -0.7786160354448102
vn -0.29991311489248385 0.7715058176953656 -0.561097938668191
vn -0.29991311489248385 0.7715058176953656 -0.561097938668191
vn -0.29991311489248385 0.7715058176953656 -0.561097938668191
vn -0.29991311489248385 0.7715058176953656 -0.561097938668191
vn -0.29991311489248385 0.7715058176953656 -0.561097938668191
vn -0.29991311489248385 0.7715058176953656 -0.561097938668191
vn -0.36510150204470854 -0.6325613531003944 -0.6830571189648021
vn -0.36510150204470854 -0.6325613531003944 -0.6830571189648021
vn -0.36510150204470854 -0.6325613531003944 -0.6830571189648021
vn -0.36510150204470854 -0.6325613531003944 -0.6830571189648021
vn -0.36510150204470854 -0.6325613531003944 -0.6830571189648021
vn -0.36510150204470854 -0.6325613531003944 -0.6830571189648021
vn -0.365101477313889 0.6325611989234496 -0.6830572749629008
vn -0.365101477313889 0.6325611989234496 -0.6830572749629008
vn -0.365101477313889 0.6325611989234496 -0.6830572749629008
vn -0.365101477313889 0.6325611989234496 -0.6830572749629008
vn -0.365101477313889 0.6325611989234496 -0.6830572749629008
vn -0.365101477313889 0.6325611989234496 -0.6830572749629008
vn -0.299912900757375 -0.7715060884768119 -0.561097680803001
vn -0.299912900757375 -0.7715060884768119 -0.561097680803001
vn -0.299912900757375 -0.7715060884768119 -0.561097680803001
vn -0.299912900757375 -0.7715060884768119 -0.561097680803001
vn -0.299912900757375 -0.7715060884768119 -0.561097680803001
vn -0.299912900757375 -0.7715060884768119 -0.561097680803001
vn -0.41617850884430063 0.4696298584629324 -0.7786162371901965
vn -0.41617850884430063 0.4696298584629324 -0.7786162371901965
vn -0.41617850884430063 0.4696298584629324 -0.7786162371901965
vn -0.41617850884430063 0.4696298584629324 -0.7786162371901965
vn -0.41617850884430063 0.4696298584629324 -0.7786162371901965
vn -0.41617850884430063 0.4696298584629324 -0.7786162371901965
vn -0.22304964274588018 -0.880972223230467 -0.4172970150472005
vn -0.22304964274588018 -0.880972223230467 -0.4172970150472005
vn -0.22304964274588018 -0.880972223230467 -0.4172970150472005
vn -0.22304964274588018 -0.880972223230467 -0.4172970150472005
vn -0.22304964274588018 -0.880972223230467 -0.4172970150472005
vn -0.22304964274588018 -0.880972223230467 -0.4172970150472005
vn -0.45128143413741006 0.28900146093235407 -0.8442885897498837
vn -0.45128143413741006 0.28900146093235407 -0.8442885897498837
vn -0.45128143413741006 0.28900146093235407 -0.8442885897498837
vn -0.45128143413741006 0.28900146093235407 -0.8442885897498837
vn -0.45128143413741006 0.28900146093235407 -0.8442885897498837
vn -0.45128143413741006 0.28900146093235407 -0.8442885897498837
vn -0.4691480937257886 0.09755068755266422 -0.8777151756187546
vn -0.4691480937257886 0.09755068755266422 -0.8777151756187546
vn -0.4691480937257886 0.09755068755266422 -0.8777151756187546
vn -0.4691480937257886 0.09755068755266422 -0.8777151756187546
vn -0.4691480937257886 0.09755068755266422 -0.8777151756187546
vn -0.4691480937257886 0.09755068755266422 -0.8777151756187546
vn -0.46914811696862085 -0.09755097218463342 -0.8777151315607074
vn -0.46914811696862085 -0.09755097218463342 -0.8777151315607074
vn -0.46914811696862085 -0.09755097218463342 -0.8777151315607074
vn -0.46914811696862085 -0.09755097218463342 -0.8777151315607074
vn -0.46914811696862085 -0.09755097218463342 -0.8777151315607074
vn -0.46914811696862085 -0.09755097218463342 -0.8777151315607074
vn -0.45128135905176225 -0.2890017750102063 -0.8442885223745166
vn -0.45128135905176225 -0.2890017750102063 -0.8442885223745166
vn -0.45128135905176225 -0.2890017750102063 -0.8442885223745166
vn -0.45128135905176225 -0.2890017750102063 -0.8442885223745166
vn -0.45128135905176225 -0.2890017750102063 -0.8442885223745166
vn -0.45128135905176225 -0.2890017750102063 -0.8442885223745166
vn -0.22304965750338637 0.8809722662543928 -0.41729691632963317
vn -0.22304965750338637 0.8809722662543928 -0.41729691632963317
vn -0.22304965750338637 0.8809722662543928 -0.41729691632963317
vn -0.22304965750338637 0.8809722662543928 -0.41729691632963317
vn -0.22304965750338637 0.8809722662543928 -0.41729691632963317
vn -0.22304965750338637 0.8809722662543928 -0.41729691632963317
vn -0.2888998092541553 0.0975506393650203 -0.9523763819900137
vn -0.2888998092541553 0.0975506393650203 -0.9523763819900137
vn -0.2888998092541553 0.0975506393650203 -0.9523763819900137
vn -0.2888998092541553 0.0975506393650203 -0.9523763819900137
vn -0.2888998092541553 0.0975506393650203 -0.9523763819900137
vn -0.2888998092541553 0.0975506393650203 -0.9523763819900137
vn -0.28889981995940506 -0.09755095069083114 -0.9523763468538782
vn -0.28889981995940506 -0.09755095069083114 -0.9523763468538782
vn -0.28889981995940506 -0.09755095069083114 -0.9523763468538782
vn -0.28889981995940506 -0.09755095069083114 -0.9523763468538782
vn -0.28889981995940506 -0.09755095069083114 -0.9523763468538782
vn -0.28889981995940506 -0.09755095069083114 -0.9523763468538782
vn -0.27789770795123053 -0.28900163597707473 -0.9161063902833704
vn -0.27789770795123053 -0.28900163597707473 -0.9161063902833704
vn -0.27789770795123053 -0.28900163597707473 -0.9161063902833704
vn -0.27789770795123053 -0.28900163597707473 -0.9161063902833704
vn -0.27789770795123053 -0.28900163597707473 -0.9161063902833704
vn -0.27789770795123053 -0.28900163597707473 -0.9161063902833704
vn -0.13735265771595453 0.8809721758643995 -0.4527938523998637
vn -0.13735265771595453 0.8809721758643995 -0.4527938523998637
vn -0.13735265771595453 0.8809721758643995 -0.4527938523998637
vn -0.13735265771595453 0.8809721758643995 -0.4527938523998637
vn -0.13735265771595453 0.8809721758643995 -0.4527938523998637
vn -0.13735265771595453 0.8809721758643995 -0.4527938523998637
vn -0.2562816329233847 -0.4696297624990552 -0.8448476849712049
vn -0.2562816329233847 -0.4696297624990552 -0.8448476849712049
vn -0.2562816329233847 -0.4696297624990552 -0.8448476849712049
vn -0.2562816329233847 -0.4696297624990552 -0.8448476849712049
vn -0.2562816329233847 -0.4696297624990552 -0.8448476849712049
vn -0.2562816329233847 -0.4696297624990552 -0.8448476849712049
vn -0.18468546898925897 0.7715059732184506 -0.608826585188647
vn -0.18468546898925897 0.7715059732184506 -0.608826585188647
vn -0.18468546898925897 0.7715059732184506 -0.608826585188647
vn -0.18468546898925897 0.7715059732184506 -0.608826585188647
vn -0.18468546898925897 0.7715059732184506 -0.608826585188647
vn -0.18468546898925897 0.7715059732184506 -0.608826585188647
vn -0.22482830593221617 -0.6325612346814932 -0.7411602507082224
vn -0.22482830593221617 -0.6325612346814932 -0.7411602507082224
vn -0.22482830593221617 -0.6325612346814932 -0.7411602507082224
vn -0.22482830593221617 -0.6325612346814932 -0.7411602507082224
vn -0.22482830593221617 -0.6325612346814932 -0.7411602507082224
vn -0.22482830593221617 -0.6325612346814932 -0.7411602507082224
vn -0.22482830593221614 0.6325609931807983 -0.7411604568227934
vn -0.22482830593221614 0.6325609931807983 -0.7411604568227934
vn -0.22482830593221614 0.6325609931807983 -0.7411604568227934
vn -0.22482830593221614 0.6325609931807983 -0.7411604568227934
vn -0.22482830593221614 0.6325609931807983 -0.7411604568227934
vn -0.22482830593221614 0.6325609931807983 -0.7411604568227934
vn -0.1846853476717109 -0.771506338962538 -0.6088261585181773
vn -0.1846853476717109 -0.771506338962538 -0.6088261585181773
vn -0.1846853476717109 -0.771506338962538 -0.6088261585181773
vn -0.1846853476717109 -0.771506338962538 -0.6088261585181773
vn -0.1846853476717109 -0.771506338962538 -0.6088261585181773
vn -0.1846853476717109 -0.771506338962538 -0.6088261585181773
vn -0.2562815678778623 0.46962998388192634 -0.8448475816412842
vn -0.2562815678778623 0.46962998388192634 -0.8448475816412842
vn -0.2562815678778623 0.46962998388192634 -0.8448475816412842
vn -0.2562815678778623 0.46962998388192634 -0.8448475816412842
vn -0.2562815678778623 0.46962998388192634 -0.8448475816412842
vn -0.2562815678778623 0.46962998388192634 -0.8448475816412842
vn -0.13735350507986946 -0.8809720721424965 -0.45279379716072765
vn -0.13735350507986946 -0.8809720721424965 -0.45279379716072765
vn -0.13735350507986946 -0.8809720721424965 -0.45279379716072765
vn -0.13735350507986946 -0.8809720721424965 -0.45279379716072765
vn -0.13735350507986946 -0.8809720721424965 -0.45279379716072765
vn -0.13735350507986946 -0.8809720721424965 -0.45279379716072765
vn -0.2778977079512306 0.28900133747171086 -0.9161064844520067
vn -0.2778977079512306 0.28900133747171086 -0.9161064844520067
vn -0.2778977079512306 0.28900133747171086 -0.9161064844520067
vn -0.2778977079512306 0.28900133747171086 -0.9161064844520067
vn -0.2778977079512306 0.28900133747171086 -0.9161064844520067
vn -0.2778977079512306 0.28900133747171086 -0.9161064844520067
vn -0.06236261126274658 0.7715059810700288 -0.6331582944964586
vn -0.06236261126274658 0.7715059810700288 -0.6331582944964586
vn -0.06236261126274658 0.7715059810700288 -0.6331582944964586
vn -0.06236261126274658 0.7715059810700288 -0.6331582944964586
vn -0.06236261126274658 0.7715059810700288 -0.6331582944964586
vn -0.06236261126274658 0.7715059810700288 -0.6331582944964586
vn -0.07591491757247863 -0.6325613148854773 -0.7707808431715981
vn -0.07591491757247863 -0.6325613148854773 -0.7707808431715981
vn -0.07591491757247863 -0.6325613148854773 -0.7707808431715981
vn -0.07591491757247863 -0.6325613148854773 -0.7707808431715981
vn -0.07591491757247863 -0.6325613148854773 -0.7707808431715981
vn -0.07591491757247863 -0.6325613148854773 -0.7707808431715981
vn -0.07591846239633614 0.6325619465121368 -0.7707799756689018
vn -0.07591846239633614 0.6325619465121368 -0.7707799756689018
vn -0.07591846239633614 0.6325619465121368 -0.7707799756689018
vn -0.07591846239633614 0.6325619465121368 -0.7707799756689018
vn -0.07591846239633614 0.6325619465121368 -0.7707799756689018
vn -0.07591846239633614 0.6325619465121368 -0.7707799756689018
vn -0.06236200548014062 -0.771505655230731 -0.6331587511986988
vn -0.06236200548014062 -0.771505655230731 -0.6331587511986988
vn -0.06236200548014062 -0.771505655230731 -0.6331587511986988
vn -0.06236200548014062 -0.771505655230731 -0.6331587511986988
vn -0.06236200548014062 -0.771505655230731 -0.6331587511986988
vn -0.06236200548014062 -0.771505655230731 -0.6331587511986988
vn -0.08653899719315743 0.46962865102612267 -0.8786125039516492
vn -0.08653899719315743 0.46962865102612267 -0.8786125039516492
vn -0.08653899719315743 0.46962865102612267 -0.8786125039516492
vn -0.08653899719315743 0.46962865102612267 -0.8786125039516492
vn -0.08653899719315743 0.46962865102612267 -0.8786125039516492
vn -0.08653899719315743 0.46962865102612267 -0.8786125039516492
vn -0.0463798802138262 -0.8809724233530789 -0.47088904850586055
vn -0.0463798802138262 -0.8809724233530789 -0.47088904850586055
vn -0.0463798802138262 -0.8809724233530789 -0.47088904850586055
vn -0.0463798802138262 -0.8809724233530789 -0.47088904850586055
vn -0.0463798802138262 -0.8809724233530789 -0.47088904850586055
vn -0.0463798802138262 -0.8809724233530789 -0.47088904850586055
vn -0.09383797185032793 0.28900293457037207 -0.9527180794173743
vn -0.09383797185032793 0.28900293457037207 -0.9527180794173743
vn -0.09383797185032793 0.28900293457037207 -0.9527180794173743
vn -0.09383797185032793 0.28900293457037207 -0.9527180794173743
vn -0.09383797185032793 0.28900293457037207 -0.9527180794173743
vn -0.09383797185032793 0.28900293457037207 -0.9527180794173743
vn -0.09755395320162645 0.09754973127270712 -0.9904379213980842
vn -0.09755395320162645 0.09754973127270712 -0.9904379213980842
vn -0.09755395320162645 0.09754973127270712 -0.9904379213980842
vn -0.09755395320162645 0.09754973127270712 -0.9904379213980842
vn -0.09755395320162645 0.09754973127270712 -0.9904379213980842
vn -0.09755395320162645 0.09754973127270712 -0.9904379213980842
vn -0.09755410507539797 -0.0975500494094807 -0.9904378751053223
vn -0.09755410507539797 -0.0975500494094807 -0.9904378751053223
vn -0.09755410507539797 -0.0975500494094807 -0.9904378751053223
vn -0.09755410507539797 -0.0975500494094807 -0.9904378751053223
vn -0.09755410507539797 -0.0975500494094807 -0.9904378751053223
vn -0.09755410507539797 -0.0975500494094807 -0.9904378751053223
vn -0.09383693674951207 -0.2890043493229631 -0.9527177522088475
vn -0.09383693674951207 -0.2890043493229631 -0.9527177522088475
vn -0.09383693674951207 -0.2890043493229631 -0.9527177522088475
vn -0.09383693674951207 -0.2890043493229631 -0.9527177522088475
vn -0.09383693674951207 -0.2890043493229631 -0.9527177522088475
vn -0.09383693674951207 -0.2890043493229631 -0.9527177522088475
vn -0.046381588040211114 0.8809721000113765 -0.4708894852217591
vn -0.046381588040211114 0.8809721000113765 -0.4708894852217591
vn -0.046381588040211114 0.8809721000113765 -0.4708894852217591
vn -0.046381588040211114 0.8809721000113765 -0.4708894852217591
vn -0.046381588040211114 0.8809721000113765 -0.4708894852217591
vn -0.046381588040211114 0.8809721000113765 -0.4708894852217591
vn -0.08653551507305035 -0.46962951871281094 -0.8786123831272897
vn -0.08653551507305035 -0.46962951871281094 -0.8786123831272897
vn -0.08653551507305035 -0.46962951871281094 -0.8786123831272897
vn -0.08653551507305035 -0.46962951871281094 -0.8786123831272897
vn -0.08653551507305035 -0.46962951871281094 -0.8786123831272897
vn -0.08653551507305035 -0.46962951871281094 -0.8786123831272897
vn -1.4670396808469414e-7 0.9999999999999732 -1.7841841981613767e-7
vn -1.4670396808469414e-7 0.9999999999999732 -1.7841841981613767e-7
vn -1.4670396808469414e-7 0.9999999999999732 -1.7841841981613767e-7
vn -1.4670396808469414e-7 0.9999999999999732 -1.7841841981613767e-7
vn -1.4670396808469414e-7 0.9999999999999732 -1.7841841981613767e-7
vn -1.4670396808469414e-7 0.9999999999999732 -1.7841841981613767e-7
vn 7.701974027438644e-7 0.9999999999996628 -2.851442888473171e-7
vn 7.701974027438644e-7 0.9999999999996628 -2.851442888473171e-7
vn 7.701974027438644e-7 0.9999999999996628 -2.851442888473171e-7
vn 7.701974027438644e-7 0.9999999999996628 -2.851442888473171e-7
vn 7.701974027438644e-7 0.9999999999996628 -2.851442888473171e-7
vn 7.701974027438644e-7 0.9999999999996628 -2.851442888473171e-7
vn -0.0000014222129038884484 0.9999999999989373 -3.202728964254473e-7
vn -0.0000014222129038884484 0.9999999999989373 -3.202728964254473e-7
vn -0.0000014222129038884484 0.9999999999989373 -3.202728964254473e-7
vn -0.0000014222129038884484 0.9999999999989373 -3.202728964254473e-7
vn -0.0000014222129038884484 0.9999999999989373 -3.202728964254473e-7
vn -0.0000014222129038884484 0.9999999999989373 -3.202728964254473e-7
vn 4.4826265366282744e-8 0.9999999999999709 -2.3745499810878624e-7
vn 4.4826265366282744e-8 0.9999999999999709 -2.3745499810878624e-7
vn 4.4826265366282744e-8 0.9999999999999709 -2.3745499810878624e-7
vn 4.4826265366282744e-8 0.9999999999999709 -2.3745499810878624e-7
vn 4.4826265366282744e-8 0.9999999999999709 -2.3745499810878624e-7
vn 4.4826265366282744e-8 0.9999999999999709 -2.3745499810878624e-7
vn -4.4826201417436526e-8 0.9999999999999709 -2.3745489152737587e-7
vn -4.4826201417436526e-8 0.9999999999999709 -2.3745489152737587e-7
vn -4.4826201417436526e-8 0.9999999999999709 -2.3745489152737587e-7
vn -4.4826201417436526e-8 0.9999999999999709 -2.3745489152737587e-7
vn -4.4826201417436526e-8 0.9999999999999709 -2.3745489152737587e-7
vn -4.4826201417436526e-8 0.9999999999999709 -2.3745489152737587e-7
vn -1.5077928594564612e-7 0.9999999999999727 -1.7841856725375524e-7
vn -1.5077928594564612e-7 0.9999999999999727 -1.7841856725375524e-7
vn -1.5077928594564612e-7 0.9999999999999727 -1.7841856725375524e-7
vn -1.5077928594564612e-7 0.9999999999999727 -1.7841856725375524e-7
vn -1.5077928594564612e-7 0.9999999999999727 -1.7841856725375524e-7
vn -1.5077928594564612e-7 0.9999999999999727 -1.7841856725375524e-7
vn 0.000001316260068050501 0.9999999999990931 -2.8514411831689803e-7
vn 0.000001316260068050501 0.9999999999990931 -2.8514411831689803e-7
vn 0.000001316260068050501 0.9999999999990931 -2.8514411831689803e-7
vn 0.000001316260068050501 0.9999999999990931 -2.8514411831689803e-7
vn 0.000001316260068050501 0.9999999999990931 -2.8514411831689803e-7
vn 0.000001316260068050501 0.9999999999990931 -2.8514411831689803e-7
vn 4.441876626514912e-7 0.9999999999998945 -1.1702276503376968e-7
vn 4.441876626514912e-7 0.9999999999998945 -1.1702276503376968e-7
vn 4.441876626514912e-7 0.9999999999998945 -1.1702276503376968e-7
vn 4.441876626514912e-7 0.9999999999998945 -1.1702276503376968e-7
vn 4.441876626514912e-7 0.9999999999998945 -1.1702276503376968e-7
vn 4.441876626514912e-7 0.9999999999998945 -1.1702276503376968e-7
vn 2.119059274718863e-7 0.9999999999999756 -6.261445428812311e-8
vn 2.119059274718863e-7 0.9999999999999756 -6.261445428812311e-8
vn 2.119059274718863e-7 0.9999999999999756 -6.261445428812311e-8
vn 2.119059274718863e-7 0.9999999999999756 -6.261445428812311e-8
vn 2.119059274718863e-7 0.9999999999999756 -6.261445428812311e-8
vn 2.119059274718863e-7 0.9999999999999756 -6.261445428812311e-8
vn 3.891729249971543e-7 0.9999999999998748 -3.1422592194904457e-7
vn -0.0000014222129038884484 0.9999999999989373 -3.202728964254473e-7
vn -0.0000014222129038884484 0.9999999999989373 -3.202728964254473e-7
vn 3.891729249971543e-7 0.9999999999998748 -3.1422592194904457e-7
vn -0.0000014222129038884484 0.9999999999989373 -3.202728964254473e-7
vn 3.891729249971543e-7 0.9999999999998748 -3.1422592194904457e-7
vn 5.236520905781828e-7 0.9999999999998627 -2.3476936172882126e-8
vn 5.236520905781828e-7 0.9999999999998627 -2.3476936172882126e-8
vn 5.236520905781828e-7 0.9999999999998627 -2.3476936172882126e-8
vn 5.236520905781828e-7 0.9999999999998627 -2.3476936172882126e-8
vn 5.236520905781828e-7 0.9999999999998627 -2.3476936172882126e-8
vn 5.236520905781828e-7 0.9999999999998627 -2.3476936172882126e-8
vn 2.730324411004317e-7 0.9999999999999619 -4.069716674770498e-8
vn 2.730324411004317e-7 0.9999999999999619 -4.069716674770498e-8
vn 2.730324411004317e-7 0.9999999999999619 -4.069716674770498e-8
vn 2.730324411004317e-7 0.9999999999999619 -4.069716674770498e-8
vn 2.730324411004317e-7 0.9999999999999619 -4.069716674770498e-8
vn 2.730324411004317e-7 0.9999999999999619 -4.069716674770498e-8
vn 0.0000014222141544436634 0.9999999999989886 -5.568431271637252e-9
vn 0.0000014222141544436634 0.9999999999989886 -5.568431271637252e-9
vn 0.0000014222141544436634 0.9999999999989886 -5.568431271637252e-9
vn 0.0000014222141544436634 0.9999999999989886 -5.568431271637252e-9
vn 0.0000014222141544436634 0.9999999999989886 -5.568431271637252e-9
vn 0.0000014222141544436634 0.9999999999989886 -5.568431271637252e-9
vn -4.4826229839145956e-8 0.9999999999999951 -8.838641485375897e-8
vn -4.4826229839145956e-8 0.9999999999999951 -8.838641485375897e-8
vn -4.4826229839145956e-8 0.9999999999999951 -8.838641485375897e-8
vn -4.4826229839145956e-8 0.9999999999999951 -8.838641485375897e-8
vn -4.4826229839145956e-8 0.9999999999999951 -8.838641485375897e-8
vn -4.4826229839145956e-8 0.9999999999999951 -8.838641485375897e-8
vn 4.6863769398437414e-7 0.9999999999998793 -1.4742287235412552e-7
vn -1.4670396808469414e-7 0.9999999999999732 -1.7841841981613767e-7
vn -1.4670396808469414e-7 0.9999999999999732 -1.7841841981613767e-7
vn 4.6863769398437414e-7 0.9999999999998793 -1.4742287235412552e-7
vn -1.4670396808469414e-7 0.9999999999999732 -1.7841841981613767e-7
vn 4.6863769398437414e-7 0.9999999999998793 -1.4742287235412552e-7
vn -1.4670396808469414e-7 0.9999999999999732 -1.7841841981613767e-7
vn -4.4826201417436526e-8 0.9999999999999709 -2.3745489152737587e-7
vn -4.4826201417436526e-8 0.9999999999999709 -2.3745489152737587e-7
vn -1.4670396808469414e-7 0.9999999999999732 -1.7841841981613767e-7
vn -4.4826201417436526e-8 0.9999999999999709 -2.3745489152737587e-7
vn -1.4670396808469414e-7 0.9999999999999732 -1.7841841981613767e-7
vn 5.236524884821147e-7 0.9999999999998171 -3.0236449100047116e-7
vn 7.701974027438644e-7 0.9999999999996628 -2.851442888473171e-7
vn 7.701974027438644e-7 0.9999999999996628 -2.851442888473171e-7
vn 5.236524884821147e-7 0.9999999999998171 -3.0236449100047116e-7
vn 7.701974027438644e-7 0.9999999999996628 -2.851442888473171e-7
vn 5.236524884821147e-7 0.9999999999998171 -3.0236449100047116e-7
vn -0.0000016972838920967801 0.9999999999985596 -1.1615391537474613e-8
vn -0.0000016972838920967801 0.9999999999985596 -1.1615391537474613e-8
vn -0.0000016972838920967801 0.9999999999985596 -1.1615391537474613e-8
vn -0.0000016972838920967801 0.9999999999985596 -1.1615391537474613e-8
vn -0.0000016972838920967801 0.9999999999985596 -1.1615391537474613e-8
vn -0.0000016972838920967801 0.9999999999985596 -1.1615391537474613e-8
vn -4.4826201417436526e-8 0.9999999999999709 -2.3745489152737587e-7
vn 0.000001316260068050501 0.9999999999990931 -2.8514411831689803e-7
vn 0.000001316260068050501 0.9999999999990931 -2.8514411831689803e-7
vn -4.4826201417436526e-8 0.9999999999999709 -2.3745489152737587e-7
vn 0.000001316260068050501 0.9999999999990931 -2.8514411831689803e-7
vn -4.4826201417436526e-8 0.9999999999999709 -2.3745489152737587e-7
vn 0.000001316260068050501 0.9999999999990931 -2.8514411831689803e-7
vn 3.891729249971543e-7 0.9999999999998748 -3.1422592194904457e-7
vn 3.891729249971543e-7 0.9999999999998748 -3.1422592194904457e-7
vn 0.000001316260068050501 0.9999999999990931 -2.8514411831689803e-7
vn 3.891729249971543e-7 0.9999999999998748 -3.1422592194904457e-7
vn 0.000001316260068050501 0.9999999999990931 -2.8514411831689803e-7
vn 7.701974027438644e-7 0.9999999999996628 -2.851442888473171e-7
vn 4.4826265366282744e-8 0.9999999999999709 -2.3745499810878624e-7
vn 4.4826265366282744e-8 0.9999999999999709 -2.3745499810878624e-7
vn 7.701974027438644e-7 0.9999999999996628 -2.851442888473171e-7
vn 4.4826265366282744e-8 0.9999999999999709 -2.3745499810878624e-7
vn 7.701974027438644e-7 0.9999999999996628 -2.851442888473171e-7
vn -1.5077928594564612e-7 0.9999999999999727 -1.7841856725375524e-7
vn 4.441876626514912e-7 0.9999999999998945 -1.1702276503376968e-7
vn 4.441876626514912e-7 0.9999999999998945 -1.1702276503376968e-7
vn -1.5077928594564612e-7 0.9999999999999727 -1.7841856725375524e-7
vn 4.441876626514912e-7 0.9999999999998945 -1.1702276503376968e-7
vn -1.5077928594564612e-7 0.9999999999999727 -1.7841856725375524e-7
vn 4.441876626514912e-7 0.9999999999998945 -1.1702276503376968e-7
vn 2.119059274718863e-7 0.9999999999999756 -6.261445428812311e-8
vn 2.119059274718863e-7 0.9999999999999756 -6.261445428812311e-8
vn 4.441876626514912e-7 0.9999999999998945 -1.1702276503376968e-7
vn 2.119059274718863e-7 0.9999999999999756 -6.261445428812311e-8
vn 4.441876626514912e-7 0.9999999999998945 -1.1702276503376968e-7
vn 2.119059274718863e-7 0.9999999999999756 -6.261445428812311e-8
vn 5.236520905781828e-7 0.9999999999998627 -2.3476936172882126e-8
vn 5.236520905781828e-7 0.9999999999998627 -2.3476936172882126e-8
vn 2.119059274718863e-7 0.9999999999999756 -6.261445428812311e-8
vn 5.236520905781828e-7 0.9999999999998627 -2.3476936172882126e-8
vn 2.119059274718863e-7 0.9999999999999756 -6.261445428812311e-8
vn -0.0000014222129038884484 0.9999999999989373 -3.202728964254473e-7
vn 0.000001422215973433067 0.9999999999989373 -3.2027286800373787e-7
vn 0.000001422215973433067 0.9999999999989373 -3.2027286800373787e-7
vn -0.0000014222129038884484 0.9999999999989373 -3.202728964254473e-7
vn 0.000001422215973433067 0.9999999999989373 -3.2027286800373787e-7
vn -0.0000014222129038884484 0.9999999999989373 -3.202728964254473e-7
vn 4.4826265366282744e-8 0.9999999999999709 -2.3745499810878624e-7
vn -1.5077928594564612e-7 0.9999999999999727 -1.7841856725375524e-7
vn -1.5077928594564612e-7 0.9999999999999727 -1.7841856725375524e-7
vn 4.4826265366282744e-8 0.9999999999999709 -2.3745499810878624e-7
vn -1.5077928594564612e-7 0.9999999999999727 -1.7841856725375524e-7
vn 4.4826265366282744e-8 0.9999999999999709 -2.3745499810878624e-7
vn 5.236520905781828e-7 0.9999999999998627 -2.3476936172882126e-8
vn 0.0000014222141544436634 0.9999999999989886 -5.568431271637252e-9
vn 0.0000014222141544436634 0.9999999999989886 -5.568431271637252e-9
vn 5.236520905781828e-7 0.9999999999998627 -2.3476936172882126e-8
vn 0.0000014222141544436634 0.9999999999989886 -5.568431271637252e-9
vn 5.236520905781828e-7 0.9999999999998627 -2.3476936172882126e-8
vn 6.642434300373129e-7 0.9999999999997793 -5.568402849932219e-9
vn -0.0000016972838920967801 0.9999999999985596 -1.1615391537474613e-8
vn -0.0000016972838920967801 0.9999999999985596 -1.1615391537474613e-8
vn 6.642434300373129e-7 0.9999999999997793 -5.568402849932219e-9
vn -0.0000016972838920967801 0.9999999999985596 -1.1615391537474613e-8
vn 6.642434300373129e-7 0.9999999999997793 -5.568402849932219e-9
vn 2.730324411004317e-7 0.9999999999999619 -4.069716674770498e-8
vn -4.4826229839145956e-8 0.9999999999999951 -8.838641485375897e-8
vn -4.4826229839145956e-8 0.9999999999999951 -8.838641485375897e-8
vn 2.730324411004317e-7 0.9999999999999619 -4.069716674770498e-8
vn -4.4826229839145956e-8 0.9999999999999951 -8.838641485375897e-8
vn 2.730324411004317e-7 0.9999999999999619 -4.069716674770498e-8
vn -0.0000016972838920967801 0.9999999999985596 -1.1615391537474613e-8
vn 2.730324411004317e-7 0.9999999999999619 -4.069716674770498e-8
vn 2.730324411004317e-7 0.9999999999999619 -4.069716674770498e-8
vn -0.0000016972838920967801 0.9999999999985596 -1.1615391537474613e-8
vn 2.730324411004317e-7 0.9999999999999619 -4.069716674770498e-8
vn -0.0000016972838920967801 0.9999999999985596 -1.1615391537474613e-8
vn -4.4826229839145956e-8 0.9999999999999951 -8.838641485375897e-8
vn 4.6863769398437414e-7 0.9999999999998793 -1.4742287235412552e-7
vn 4.6863769398437414e-7 0.9999999999998793 -1.4742287235412552e-7
vn -4.4826229839145956e-8 0.9999999999999951 -8.838641485375897e-8
vn 4.6863769398437414e-7 0.9999999999998793 -1.4742287235412552e-7
vn -4.4826229839145956e-8 0.9999999999999951 -8.838641485375897e-8
vn 0.000001422215973433067 0.9999999999989373 -3.2027286800373787e-7
vn 5.236524884821147e-7 0.9999999999998171 -3.0236449100047116e-7
vn 5.236524884821147e-7 0.9999999999998171 -3.0236449100047116e-7
vn 0.000001422215973433067 0.9999999999989373 -3.2027286800373787e-7
vn 5.236524884821147e-7 0.9999999999998171 -3.0236449100047116e-7
vn 0.000001422215973433067 0.9999999999989373 -3.2027286800373787e-7
vn 8.965410813743885e-8 -0.9999999999999827 1.6292067805956312e-7
vn 8.965410813743885e-8 -0.9999999999999827 1.6292067805956312e-7
vn 8.965410813743885e-8 -0.9999999999999827 1.6292067805956312e-7
vn 8.965410813743885e-8 -0.9999999999999827 1.6292067805956312e-7
vn 8.965410813743885e-8 -0.9999999999999827 1.6292067805956312e-7
vn 8.965410813743885e-8 -0.9999999999999827 1.6292067805956312e-7
vn -0.0000011329025255683673 -0.999999999999345 1.6292067805945923e-7
vn -0.0000011329025255683673 -0.999999999999345 1.6292067805945923e-7
vn -0.0000011329025255683673 -0.999999999999345 1.6292067805945923e-7
vn -0.0000011329025255683673 -0.999999999999345 1.6292067805945923e-7
vn -0.0000011329025255683673 -0.999999999999345 1.6292067805945923e-7
vn -0.0000011329025255683673 -0.999999999999345 1.6292067805945923e-7
vn -8.965423603513129e-8 -0.9999999999999827 1.6292067805956312e-7
vn -8.965423603513129e-8 -0.9999999999999827 1.6292067805956312e-7
vn -8.965423603513129e-8 -0.9999999999999827 1.6292067805956312e-7
vn -8.965423603513129e-8 -0.9999999999999827 1.6292067805956312e-7
vn -8.965423603513129e-8 -0.9999999999999827 1.6292067805956312e-7
vn -8.965423603513129e-8 -0.9999999999999827 1.6292067805956312e-7
vn 4.197447367459659e-7 -0.9999999999998987 1.6292067805954946e-7
vn 4.197447367459659e-7 -0.9999999999998987 1.6292067805954946e-7
vn 4.197447367459659e-7 -0.9999999999998987 1.6292067805954946e-7
vn 4.197447367459659e-7 -0.9999999999998987 1.6292067805954946e-7
vn 4.197447367459659e-7 -0.9999999999998987 1.6292067805954946e-7
vn 4.197447367459659e-7 -0.9999999999998987 1.6292067805954946e-7
vn 2.220978529976466e-7 -0.9999999999999619 1.6292067805955976e-7
vn 2.220978529976466e-7 -0.9999999999999619 1.6292067805955976e-7
vn 2.220978529976466e-7 -0.9999999999999619 1.6292067805955976e-7
vn 2.220978529976466e-7 -0.9999999999999619 1.6292067805955976e-7
vn 2.220978529976466e-7 -0.9999999999999619 1.6292067805955976e-7
vn 2.220978529976466e-7 -0.9999999999999619 1.6292067805955976e-7
vn -1.3855652980510108e-7 -0.999999999999977 1.629206780595622e-7
vn -1.3855652980510108e-7 -0.999999999999977 1.629206780595622e-7
vn -1.3855652980510108e-7 -0.999999999999977 1.629206780595622e-7
vn -1.3855652980510108e-7 -0.999999999999977 1.629206780595622e-7
vn -1.3855652980510108e-7 -0.999999999999977 1.629206780595622e-7
vn -1.3855652980510108e-7 -0.999999999999977 1.629206780595622e-7
vn -2.1853206533250833e-7 -0.9999999999999628 1.629206780595599e-7
vn -2.1853206533250833e-7 -0.9999999999999628 1.629206780595599e-7
vn -2.1853206533250833e-7 -0.9999999999999628 1.629206780595599e-7
vn -2.1853206533250833e-7 -0.9999999999999628 1.629206780595599e-7
vn -2.1853206533250833e-7 -0.9999999999999628 1.629206780595599e-7
vn -2.1853206533250833e-7 -0.9999999999999628 1.629206780595599e-7
vn 2.689623954665815e-7 -0.9999999999999506 1.629206780595579e-7
vn 2.689623954665815e-7 -0.9999999999999506 1.629206780595579e-7
vn 2.689623954665815e-7 -0.9999999999999506 1.629206780595579e-7
vn 2.689623954665815e-7 -0.9999999999999506 1.629206780595579e-7
vn 2.689623954665815e-7 -0.9999999999999506 1.629206780595579e-7
vn 2.689623954665815e-7 -0.9999999999999506 1.629206780595579e-7
vn -4.84947349832459e-7 -0.9999999999998692 1.6292067805954465e-7
vn -4.84947349832459e-7 -0.9999999999998692 1.6292067805954465e-7
vn -4.84947349832459e-7 -0.9999999999998692 1.6292067805954465e-7
vn -4.84947349832459e-7 -0.9999999999998692 1.6292067805954465e-7
vn -4.84947349832459e-7 -0.9999999999998692 1.6292067805954465e-7
vn -4.84947349832459e-7 -0.9999999999998692 1.6292067805954465e-7
vn 4.197447367459659e-7 -0.9999999999998987 1.6292067805954946e-7
vn 6.968578531994573e-7 -0.999999999999744 1.6292067805952424e-7
vn 6.968578531994573e-7 -0.999999999999744 1.6292067805952424e-7
vn 4.197447367459659e-7 -0.9999999999998987 1.6292067805954946e-7
vn 6.968578531994573e-7 -0.999999999999744 1.6292067805952424e-7
vn 4.197447367459659e-7 -0.9999999999998987 1.6292067805954946e-7
vn 8.965410813743885e-8 -0.9999999999999827 1.6292067805956312e-7
vn 1.059548679904773e-7 -0.9999999999999811 1.6292067805956288e-7
vn 1.059548679904773e-7 -0.9999999999999811 1.6292067805956288e-7
vn 8.965410813743885e-8 -0.9999999999999827 1.6292067805956312e-7
vn 1.059548679904773e-7 -0.9999999999999811 1.6292067805956288e-7
vn 8.965410813743885e-8 -0.9999999999999827 1.6292067805956312e-7
vn 7.997553552738559e-7 -0.9999999999996669 1.629206780595117e-7
vn 7.997553552738559e-7 -0.9999999999996669 1.629206780595117e-7
vn 7.997553552738559e-7 -0.9999999999996669 1.629206780595117e-7
vn 7.997553552738559e-7 -0.9999999999996669 1.629206780595117e-7
vn 7.997553552738559e-7 -0.9999999999996669 1.629206780595117e-7
vn 7.997553552738559e-7 -0.9999999999996669 1.629206780595117e-7
vn -8.965423603513129e-8 -0.9999999999999827 1.6292067805956312e-7
vn -2.2209799510619378e-7 -0.9999999999999619 1.6292067805955976e-7
vn -2.2209799510619378e-7 -0.9999999999999619 1.6292067805955976e-7
vn -8.965423603513129e-8 -0.9999999999999827 1.6292067805956312e-7
vn -2.2209799510619378e-7 -0.9999999999999619 1.6292067805955976e-7
vn -8.965423603513129e-8 -0.9999999999999827 1.6292067805956312e-7
vn -2.1853206533250833e-7 -0.9999999999999628 1.629206780595599e-7
vn -6.408235435627509e-7 -0.9999999999997815 1.6292067805953035e-7
vn -6.408235435627509e-7 -0.9999999999997815 1.6292067805953035e-7
vn -2.1853206533250833e-7 -0.9999999999999628 1.629206780595599e-7
vn -6.408235435627509e-7 -0.9999999999997815 1.6292067805953035e-7
vn -2.1853206533250833e-7 -0.9999999999999628 1.629206780595599e-7
vn -1.3855652980510108e-7 -0.999999999999977 1.629206780595622e-7
vn -2.8526345730029246e-8 -0.9999999999999862 1.629206780595637e-7
vn -2.8526345730029246e-8 -0.9999999999999862 1.629206780595637e-7
vn -1.3855652980510108e-7 -0.999999999999977 1.629206780595622e-7
vn -2.8526345730029246e-8 -0.9999999999999862 1.629206780595637e-7
vn -1.3855652980510108e-7 -0.999999999999977 1.629206780595622e-7
vn 7.997553552738559e-7 -0.9999999999996669 1.629206780595117e-7
vn 8.965410813743885e-8 -0.9999999999999827 1.6292067805956312e-7
vn 8.965410813743885e-8 -0.9999999999999827 1.6292067805956312e-7
vn 7.997553552738559e-7 -0.9999999999996669 1.629206780595117e-7
vn 8.965410813743885e-8 -0.9999999999999827 1.6292067805956312e-7
vn 7.997553552738559e-7 -0.9999999999996669 1.629206780595117e-7
vn -4.84947349832459e-7 -0.9999999999998692 1.6292067805954465e-7
vn -2.1598496857677457e-7 -0.9999999999999634 1.6292067805955997e-7
vn -2.1598496857677457e-7 -0.9999999999999634 1.6292067805955997e-7
vn -4.84947349832459e-7 -0.9999999999998692 1.6292067805954465e-7
vn -2.1598496857677457e-7 -0.9999999999999634 1.6292067805955997e-7
vn -4.84947349832459e-7 -0.9999999999998692 1.6292067805954465e-7
vn -0.0000011329025255683673 -0.999999999999345 1.6292067805945923e-7
vn -2.4451136226844346e-8 -0.9999999999999865 1.6292067805956373e-7
vn -2.4451136226844346e-8 -0.9999999999999865 1.6292067805956373e-7
vn -0.0000011329025255683673 -0.999999999999345 1.6292067805945923e-7
vn -2.4451136226844346e-8 -0.9999999999999865 1.6292067805956373e-7
vn -0.0000011329025255683673 -0.999999999999345 1.6292067805945923e-7
vn 2.689623954665815e-7 -0.9999999999999506 1.629206780595579e-7
vn -0.0000010187972065972951 -0.9999999999994679 1.6292067805947927e-7
vn -0.0000010187972065972951 -0.9999999999994679 1.6292067805947927e-7
vn 2.689623954665815e-7 -0.9999999999999506 1.629206780595579e-7
vn -0.0000010187972065972951 -0.9999999999994679 1.6292067805947927e-7
vn 2.689623954665815e-7 -0.9999999999999506 1.629206780595579e-7
vn -0.000001867967512222498 -0.9999999999982421 1.6292067805927955e-7
vn 7.997553552738559e-7 -0.9999999999996669 1.629206780595117e-7
vn 7.997553552738559e-7 -0.9999999999996669 1.629206780595117e-7
vn -0.000001867967512222498 -0.9999999999982421 1.6292067805927955e-7
vn 7.997553552738559e-7 -0.9999999999996669 1.629206780595117e-7
vn -0.000001867967512222498 -0.9999999999982421 1.6292067805927955e-7
vn 2.220978529976466e-7 -0.9999999999999619 1.6292067805955976e-7
vn 6.408234298759132e-7 -0.9999999999997815 1.6292067805953035e-7
vn 6.408234298759132e-7 -0.9999999999997815 1.6292067805953035e-7
vn 2.220978529976466e-7 -0.9999999999999619 1.6292067805955976e-7
vn 6.408234298759132e-7 -0.9999999999997815 1.6292067805953035e-7
vn 2.220978529976466e-7 -0.9999999999999619 1.6292067805955976e-7
vn 1.059548679904773e-7 -0.9999999999999811 1.6292067805956288e-7
vn -7.742855814283357e-7 -0.9999999999996868 1.6292067805951492e-7
vn -7.742855814283357e-7 -0.9999999999996868 1.6292067805951492e-7
vn 1.059548679904773e-7 -0.9999999999999811 1.6292067805956288e-7
vn -7.742855814283357e-7 -0.9999999999996868 1.6292067805951492e-7
vn 1.059548679904773e-7 -0.9999999999999811 1.6292067805956288e-7
vn -2.2209799510619378e-7 -0.9999999999999619 1.6292067805955976e-7
vn 0.0000014456744565890041 -0.9999999999989417 1.6292067805939353e-7
vn 0.0000014456744565890041 -0.9999999999989417 1.6292067805939353e-7
vn -2.2209799510619378e-7 -0.9999999999999619 1.6292067805955976e-7
vn 0.0000014456744565890041 -0.9999999999989417 1.6292067805939353e-7
vn -2.2209799510619378e-7 -0.9999999999999619 1.6292067805955976e-7
vn 6.408234298759132e-7 -0.9999999999997815 1.6292067805953035e-7
vn 2.1853206533250833e-7 -0.9999999999999628 1.629206780595599e-7
vn 2.1853206533250833e-7 -0.9999999999999628 1.629206780595599e-7
vn 6.408234298759132e-7 -0.9999999999997815 1.6292067805953035e-7
vn 2.1853206533250833e-7 -0.9999999999999628 1.629206780595599e-7
vn 6.408234298759132e-7 -0.9999999999997815 1.6292067805953035e-7
vn -2.4451136226844346e-8 -0.9999999999999865 1.6292067805956373e-7
vn -1.3855652980510108e-7 -0.999999999999977 1.629206780595622e-7
vn -1.3855652980510108e-7 -0.999999999999977 1.629206780595622e-7
vn -2.4451136226844346e-8 -0.9999999999999865 1.6292067805956373e-7
vn -1.3855652980510108e-7 -0.999999999999977 1.629206780595622e-7
vn -2.4451136226844346e-8 -0.9999999999999865 1.6292067805956373e-7
vn 6.968578531994573e-7 -0.999999999999744 1.6292067805952424e-7
vn -8.965423603513129e-8 -0.9999999999999827 1.6292067805956312e-7
vn -8.965423603513129e-8 -0.9999999999999827 1.6292067805956312e-7
vn 6.968578531994573e-7 -0.999999999999744 1.6292067805952424e-7
vn -8.965423603513129e-8 -0.9999999999999827 1.6292067805956312e-7
vn 6.968578531994573e-7 -0.999999999999744 1.6292067805952424e-7
vn -2.8526345730029246e-8 -0.9999999999999862 1.629206780595637e-7
vn 4.197447367459659e-7 -0.9999999999998987 1.6292067805954946e-7
vn 4.197447367459659e-7 -0.9999999999998987 1.6292067805954946e-7
vn -2.8526345730029246e-8 -0.9999999999999862 1.629206780595637e-7
vn 4.197447367459659e-7 -0.9999999999998987 1.6292067805954946e-7
vn -2.8526345730029246e-8 -0.9999999999999862 1.629206780595637e-7
vn -6.408235435627509e-7 -0.9999999999997815 1.6292067805953035e-7
vn -0.0000011329025255683673 -0.999999999999345 1.6292067805945923e-7
vn -0.0000011329025255683673 -0.999999999999345 1.6292067805945923e-7
vn -6.408235435627509e-7 -0.9999999999997815 1.6292067805953035e-7
vn -0.0000011329025255683673 -0.999999999999345 1.6292067805945923e-7
vn -6.408235435627509e-7 -0.9999999999997815 1.6292067805953035e-7
vn -0.0000010187972065972951 -0.9999999999994679 1.6292067805947927e-7
vn 2.220978529976466e-7 -0.9999999999999619 1.6292067805955976e-7
vn 2.220978529976466e-7 -0.9999999999999619 1.6292067805955976e-7
vn -0.0000010187972065972951 -0.9999999999994679 1.6292067805947927e-7
vn 2.220978529976466e-7 -0.9999999999999619 1.6292067805955976e-7
vn -0.0000010187972065972951 -0.9999999999994679 1.6292067805947927e-7
vn -2.1598496857677457e-7 -0.9999999999999634 1.6292067805955997e-7
vn 2.689623954665815e-7 -0.9999999999999506 1.629206780595579e-7
vn 2.689623954665815e-7 -0.9999999999999506 1.629206780595579e-7
vn -2.1598496857677457e-7 -0.9999999999999634 1.6292067805955997e-7
vn 2.689623954665815e-7 -0.9999999999999506 1.629206780595579e-7
vn -2.1598496857677457e-7 -0.9999999999999634 1.6292067805955997e-7
vn -7.742855814283357e-7 -0.9999999999996868 1.6292067805951492e-7
vn -4.84947349832459e-7 -0.9999999999998692 1.6292067805954465e-7
vn -4.84947349832459e-7 -0.9999999999998692 1.6292067805954465e-7
vn -7.742855814283357e-7 -0.9999999999996868 1.6292067805951492e-7
vn -4.84947349832459e-7 -0.9999999999998692 1.6292067805954465e-7
vn -7.742855814283357e-7 -0.9999999999996868 1.6292067805951492e-7
vn 0.0000014456744565890041 -0.9999999999989417 1.6292067805939353e-7
vn -0.000001867967512222498 -0.9999999999982421 1.6292067805927955e-7
vn -0.000001867967512222498 -0.9999999999982421 1.6292067805927955e-7
vn 0.0000014456744565890041 -0.9999999999989417 1.6292067805939353e-7
vn -0.000001867967512222498 -0.9999999999982421 1.6292067805927955e-7
vn 0.0000014456744565890041 -0.9999999999989417 1.6292067805939353e-7
f 1/1/1 2/2/2 3/3/3
f 4/4/4 5/5/5 6/6/6
f 7/7/7 8/8/8 9/9/9
f 10/10/10 11/11/11 12/12/12
f 13/13/13 14/14/14 15/15/15
f 16/16/16 17/17/17 18/18/18
f 19/19/19 20/20/20 21/21/21
f 22/22/22 23/23/23 24/24/24
f 25/25/25 26/26/26 27/27/27
f 28/28/28 29/29/29 30/30/30
f 31/31/31 32/32/32 33/33/33
f 34/34/34 35/35/35 36/36/36
f 37/37/37 38/38/38 39/39/39
f 40/40/40 41/41/41 42/42/42
f 43/43/43 44/44/44 45/45/45
f 46/46/46 47/47/47 48/48/48
f 49/49/49 50/50/50 51/51/51
f 52/52/52 53/53/53 54/54/54
f 55/55/55 56/56/56 57/57/57
f 58/58/58 59/59/59 60/60/60
f 61/61/61 62/62/62 63/63/63
f 64/64/64 65/65/65 66/66/66
f 67/67/67 68/68/68 69/69/69
f 70/70/70 71/71/71 72/72/72
f 73/73/73 74/74/74 75/75/75
f 76/76/76 77/77/77 78/78/78
f 79/79/79 80/80/80 81/81/81
f 82/82/82 83/83/83 84/84/84
f 85/85/85 86/86/86 87/87/87
f 88/88/88 89/89/89 90/90/90
f 91/91/91 92/92/92 93/93/93
f 94/94/94 95/95/95 96/96/96
f 97/97/97 98/98/98 99/99/99
f 100/100/100 101/101/101 102/102/102
f 103/103/103 104/104/104 105/105/105
f 106/106/106 107/107/107 108/108/108
f 109/109/109 110/110/110 111/111/111
f 112/112/112 113/113/113 114/114/114
f 115/115/115 116/116/116 117/117/117
f 118/118/118 119/119/119 120/120/120
f 121/121/121 122/122/122 123/123/123
f 124/124/124 125/125/125 126/126/126
f 127/127/127 128/128/128 129/129/129
f 130/130/130 131/131/131 132/132/132
f 133/133/133 134/134/134 135/135/135
f 136/136/136 137/137/137 138/138/138
f 139/139/139 140/140/140 141/141/141
f 142/142/142 143/143/143 144/144/144
f 145/145/145 146/146/146 147/147/147
f 148/148/148 149/149/149 150/150/150
f 151/151/151 152/152/152 153/153/153
f 154/154/154 155/155/155 156/156/156
f 157/157/157 158/158/158 159/159/159
f 160/160/160 161/161/161 162/162/162
f 163/163/163 164/164/164 165/165/165
f 166/166/166 167/167/167 168/168/168
f 169/169/169 170/170/170 171/171/171
f 172/172/172 173/173/173 174/174/174
f 175/175/175 176/176/176 177/177/177
f 178/178/178 179/179/179 180/180/180
f 181/181/181 182/182/182 183/183/183
f 184/184/184 185/185/185 186/186/186
f 187/187/187 188/188/188 189/189/189
f 190/190/190 191/191/191 192/192/192
f 193/193/193 194/194/194 195/195/195
f 196/196/196 197/197/197 198/198/198
f 199/199/199 200/200/200 201/201/201
f 202/202/202 203/203/203 204/204/204
f 205/205/205 206/206/206 207/207/207
f 208/208/208 209/209/209 210/210/210
f 211/211/211 212/212/212 213/213/213
f 214/214/214 215/215/215 216/216/216
f 217/217/217 218/218/218 219/219/219
f 220/220/220 221/221/221 222/222/222
f 223/223/223 224/224/224 225/225/225
f 226/226/226 227/227/227 228/228/228
f 229/229/229 230/230/230 231/231/231
f 232/232/232 233/233/233 234/234/234
f 235/235/235 236/236/236 237/237/237
f 238/238/238 239/239/239 240/240/240
f 241/241/241 242/242/242 243/243/243
f 244/244/244 245/245/245 246/246/246
f 247/247/247 248/248/248 249/249/249
f 250/250/250 251/251/251 252/252/252
f 253/253/253 254/254/254 255/255/255
f 256/256/256 257/257/257 258/258/258
f 259/259/259 260/260/260 261/261/261
f 262/262/262 263/263/263 264/264/264
f 265/265/265 266/266/266 267/267/267
f 268/268/268 269/269/269 270/270/270
f 271/271/271 272/272/272 273/273/273
f 274/274/274 275/275/275 276/276/276
f 277/277/277 278/278/278 279/279/279
f 280/280/280 281/281/281 282/282/282
f 283/283/283 284/284/284 285/285/285
f 286/286/286 287/287/287 288/288/288
f 289/289/289 290/290/290 291/291/291
f 292/292/292 293/293/293 294/294/294
f 295/295/295 296/296/296 297/297/297
f 298/298/298 299/299/299 300/300/300
f 301/301/301 302/302/302 303/303/303
f 304/304/304 305/305/305 306/306/306
f 307/307/307 308/308/308 309/309/309
f 310/310/310 311/311/311 312/312/312
f 313/313/313 314/314/314 315/315/315
f 316/316/316 317/317/317 318/318/318
f 319/319/319 320/320/320 321/321/321
f 322/322/322 323/323/323 324/324/324
f 325/325/325 326/326/326 327/327/327
f 328/328/328 329/329/329 330/330/330
f 331/331/331 332/332/332 333/333/333
f 334/334/334 335/335/335 336/336/336
f 337/337/337 338/338/338 339/339/339
f 340/340/340 341/341/341 342/342/342
f 343/343/343 344/344/344 345/345/345
f 346/346/346 347/347/347 348/348/348
f 349/349/349 350/350/350 351/351/351
f 352/352/352 353/353/353 354/354/354
f 355/355/355 356/356/356 357/357/357
f 358/358/358 359/359/359 360/360/360
f 361/361/361 362/362/362 363/363/363
f 364/364/364 365/365/365 366/366/366
f 367/367/367 368/368/368 369/369/369
f 370/370/370 371/371/371 372/372/372
f 373/373/373 374/374/374 375/375/375
f 376/376/376 377/377/377 378/378/378
f 379/379/379 380/380/380 381/381/381
f 382/382/382 383/383/383 384/384/384
f 385/385/385 386/386/386 387/387/387
f 388/388/388 389/389/389 390/390/390
f 391/391/391 392/392/392 393/393/393
f 394/394/394 395/395/395 396/396/396
f 397/397/397 398/398/398 399/399/399
f 400/400/400 401/401/401 402/402/402
f 403/403/403 404/404/404 405/405/405
f 406/406/406 407/407/407 408/408/408
f 409/409/409 410/410/410 411/411/411
f 412/412/412 413/413/413 414/414/414
f 415/415/415 416/416/416 417/417/417
f 418/418/418 419/419/419 420/420/420
f 421/421/421 422/422/422 423/423/423
f 424/424/424 425/425/425 426/426/426
f 427/427/427 428/428/428 429/429/429
f 430/430/430 431/431/431 432/432/432
f 433/433/433 434/434/434 435/435/435
f 436/436/436 437/437/437 438/438/438
f 439/439/439 440/440/440 441/441/441
f 442/442/442 443/443/443 444/444/444
f 445/445/445 446/446/446 447/447/447
f 448/448/448 449/449/449 450/450/450
f 451/451/451 452/452/452 453/453/453
f 454/454/454 455/455/455 456/456/456
f 457/457/457 458/458/458 459/459/459
f 460/460/460 461/461/461 462/462/462
f 463/463/463 464/464/464 465/465/465
f 466/466/466 467/467/467 468/468/468
f 469/469/469 470/470/470 471/471/471
f 472/472/472 473/473/473 474/474/474
f 475/475/475 476/476/476 477/477/477
f 478/478/478 479/479/479 480/480/480
f 481/481/481 482/482/482 483/483/483
f 484/484/484 485/485/485 486/486/486
f 487/487/487 488/488/488 489/489/489
f 490/490/490 491/491/491 492/492/492
f 493/493/493 494/494/494 495/495/495
f 496/496/496 497/497/497 498/498/498
f 499/499/499 500/500/500 501/501/501
f 502/502/502 503/503/503 504/504/504
f 505/505/505 506/506/506 507/507/507
f 508/508/508 509/509/509 510/510/510
f 511/511/511 512/512/512 513/513/513
f 514/514/514 515/515/515 516/516/516
f 517/517/517 518/518/518 519/519/519
f 520/520/520 521/521/521 522/522/522
f 523/523/523 524/524/524 525/525/525
f 526/526/526 527/527/527 528/528/528
f 529/529/529 530/530/530 531/531/531
f 532/532/532 533/533/533 534/534/534
f 535/535/535 536/536/536 537/537/537
f 538/538/538 539/539/539 540/540/540
f 541/541/541 542/542/542 543/543/543
f 544/544/544 545/545/545 546/546/546
f 547/547/547 548/548/548 549/549/549
f 550/550/550 551/551/551 552/552/552
f 553/553/553 554/554/554 555/555/555
f 556/556/556 557/557/557 558/558/558
f 559/559/559 560/560/560 561/561/561
f 562/562/562 563/563/563 564/564/564
f 565/565/565 566/566/566 567/567/567
f 568/568/568 569/569/569 570/570/570
f 571/571/571 572/572/572 573/573/573
f 574/574/574 575/575/575 576/576/576
f 577/577/577 578/578/578 579/579/579
f 580/580/580 581/581/581 582/582/582
f 583/583/583 584/584/584 585/585/585
f 586/586/586 587/587/587 588/588/588
f 589/589/589 590/590/590 591/591/591
f 592/592/592 593/593/593 594/594/594
f 595/595/595 596/596/596 597/597/597
f 598/598/598 599/599/599 600/600/600
f 601/601/601 602/602/602 603/603/603
f 604/604/604 605/605/605 606/606/606
f 607/607/607 608/608/608 609/609/609
f 610/610/610 611/611/611 612/612/612
f 613/613/613 614/614/614 615/615/615
f 616/616/616 617/617/617 618/618/618
f 619/619/619 620/620/620 621/621/621
f 622/622/622 623/623/623 624/624/624
f 625/625/625 626/626/626 627/627/627
f 628/628/628 629/629/629 630/630/630
f 631/631/631 632/632/632 633/633/633
f 634/634/634 635/635/635 636/636/636
f 637/637/637 638/638/638 639/639/639
f 640/640/640 641/641/641 642/642/642
f 643/643/643 644/644/644 645/645/645
f 646/646/646 647/647/647 648/648/648
f 649/649/649 650/650/650 651/651/651
f 652/652/652 653/653/653 654/654/654
f 655/655/655 656/656/656 657/657/657
f 658/658/658 659/659/659 660/660/660
f 661/661/661 662/662/662 663/663/663
f 664/664/664 665/665/665 666/666/666
f 667/667/667 668/668/668 669/669/669
f 670/670/670 671/671/671 672/672/672
f 673/673/673 674/674/674 675/675/675
f 676/676/676 677/677/677 678/678/678
f 679/679/679 680/680/680 681/681/681
f 682/682/682 683/683/683 684/684/684
f 685/685/685 686/686/686 687/687/687
f 688/688/688 689/689/689 690/690/690
f 691/691/691 692/692/692 693/693/693
f 694/694/694 695/695/695 696/696/696
f 697/697/697 698/698/698 699/699/699
f 700/700/700 701/701/701 702/702/702
f 703/703/703 704/704/704 705/705/705
f 706/706/706 707/707/707 708/708/708
f 709/709/709 710/710/710 711/711/711
f 712/712/712 713/713/713 714/714/714
f 715/715/715 716/716/716 717/717/717
f 718/718/718 719/719/719 720/720/720
f 721/721/721 722/722/722 723/723/723
f 724/724/724 725/725/725 726/726/726
f 727/727/727 728/728/728 729/729/729
f 730/730/730 731/731/731 732/732/732
f 733/733/733 734/734/734 735/735/735
f 736/736/736 737/737/737 738/738/738
f 739/739/739 740/740/740 741/741/741
f 742/742/742 743/743/743 744/744/744
f 745/745/745 746/746/746 747/747/747
f 748/748/748 749/749/749 750/750/750
f 751/751/751 752/752/752 753/753/753
f 754/754/754 755/755/755 756/756/756
f 757/757/757 758/758/758 759/759/759
f 760/760/760 761/761/761 762/762/762
f 763/763/763 764/764/764 765/765/765
f 766/766/766 767/767/767 768/768/768
f 769/769/769 770/770/770 771/771/771
f 772/772/772 773/773/773 774/774/774
f 775/775/775 776/776/776 777/777/777
f 778/778/778 779/779/779 780/780/780
f 781/781/781 782/782/782 783/783/783
f 784/784/784 785/785/785 786/786/786
f 787/787/787 788/788/788 789/789/789
f 790/790/790 791/791/791 792/792/792
f 793/793/793 794/794/794 795/795/795
f 796/796/796 797/797/797 798/798/798
f 799/799/799 800/800/800 801/801/801
f 802/802/802 803/803/803 804/804/804
f 805/805/805 806/806/806 807/807/807
f 808/808/808 809/809/809 810/810/810
f 811/811/811 812/812/812 813/813/813
f 814/814/814 815/815/815 816/816/816
f 817/817/817 818/818/818 819/819/819
f 820/820/820 821/821/821 822/822/822
f 823/823/823 824/824/824 825/825/825
f 826/826/826 827/827/827 828/828/828
f 829/829/829 830/830/830 831/831/831
f 832/832/832 833/833/833 834/834/834
f 835/835/835 836/836/836 837/837/837
f 838/838/838 839/839/839 840/840/840
f 841/841/841 842/842/842 843/843/843
f 844/844/844 845/845/845 846/846/846
f 847/847/847 848/848/848 849/849/849
f 850/850/850 851/851/851 852/852/852
f 853/853/853 854/854/854 855/855/855
f 856/856/856 857/857/857 858/858/858
f 859/859/859 860/860/860 861/861/861
f 862/862/862 863/863/863 864/864/864
f 865/865/865 866/866/866 867/867/867
f 868/868/868 869/869/869 870/870/870
f 871/871/871 872/872/872 873/873/873
f 874/874/874 875/875/875 876/876/876
f 877/877/877 878/878/878 879/879/879
f 880/880/880 881/881/881 882/882/882
f 883/883/883 884/884/884 885/885/885
f 886/886/886 887/887/887 888/888/888
f 889/889/889 890/890/890 891/891/891
f 892/892/892 893/893/893 894/894/894
f 895/895/895 896/896/896 897/897/897
f 898/898/898 899/899/899 900/900/900
f 901/901/901 902/902/902 903/903/903
f 904/904/904 905/905/905 906/906/906
f 907/907/907 908/908/908 909/909/909
f 910/910/910 911/911/911 912/912/912
f 913/913/913 914/914/914 915/915/915
f 916/916/916 917/917/917 918/918/918
f 919/919/919 920/920/920 921/921/921
f 922/922/922 923/923/923 924/924/924
f 925/925/925 926/926/926 927/927/927
f 928/928/928 929/929/929 930/930/930
f 931/931/931 932/932/932 933/933/933
f 934/934/934 935/935/935 936/936/936
f 937/937/937 938/938/938 939/939/939
f 940/940/940 941/941/941 942/942/942
f 943/943/943 944/944/944 945/945/945
f 946/946/946 947/947/947 948/948/948
f 949/949/949 950/950/950 951/951/951
f 952/952/952 953/953/953 954/954/954
f 955/955/955 956/956/956 957/957/957
f 958/958/958 959/959/959 960/960/960
f 961/961/961 962/962/962 963/963/963
f 964/964/964 965/965/965 966/966/966
f 967/967/967 968/968/968 969/969/969
f 970/970/970 971/971/971 972/972/972
f 973/973/973 974/974/974 975/975/975
f 976/976/976 977/977/977 978/978/978
f 979/979/979 980/980/980 981/981/981
f 982/982/982 983/983/983 984/984/984
f 985/985/985 986/986/986 987/987/987
f 988/988/988 989/989/989 990/990/990
f 991/991/991 992/992/992 993/993/993
f 994/994/994 995/995/995 996/996/996
f 997/997/997 998/998/998 999/999/999
f 1000/1000/1000 1001/1001/1001 1002/1002/1002
f 1003/1003/1003 1004/1004/1004 1005/1005/1005
f 1006/1006/1006 1007/1007/1007 1008/1008/1008
f 1009/1009/1009 1010/1010/1010 1011/1011/1011
f 1012/1012/1012 1013/1013/1013 1014/1014/1014
f 1015/1015/1015 1016/1016/1016 1017/1017/1017
f 1018/1018/1018 1019/1019/1019 1020/1020/1020
f 1021/1021/1021 1022/1022/1022 1023/1023/1023
f 1024/1024/1024 1025/1025/1025 1026/1026/1026
f 1027/1027/1027 1028/1028/1028 1029/1029/1029
f 1030/1030/1030 1031/1031/1031 1032/1032/1032
f 1033/1033/1033 1034/1034/1034 1035/1035/1035
f 1036/1036/1036 1037/1037/1037 1038/1038/1038
f 1039/1039/1039 1040/1040/1040 1041/1041/1041
f 1042/1042/1042 1043/1043/1043 1044/1044/1044
f 1045/1045/1045 1046/1046/1046 1047/1047/1047
f 1048/1048/1048 1049/1049/1049 1050/1050/1050
f 1051/1051/1051 1052/1052/1052 1053/1053/1053
f 1054/1054/1054 1055/1055/1055 1056/1056/1056
f 1057/1057/1057 1058/1058/1058 1059/1059/1059
f 1060/1060/1060 1061/1061/1061 1062/1062/1062
f 1063/1063/1063 1064/1064/1064 1065/1065/1065
f 1066/1066/1066 1067/1067/1067 1068/1068/1068
f 1069/1069/1069 1070/1070/1070 1071/1071/1071
f 1072/1072/1072 1073/1073/1073 1074/1074/1074
f 1075/1075/1075 1076/1076/1076 1077/1077/1077
f 1078/1078/1078 1079/1079/1079 1080/1080/1080
f 1081/1081/1081 1082/1082/1082 1083/1083/1083
f 1084/1084/1084 1085/1085/1085 1086/1086/1086
f 1087/1087/1087 1088/1088/1088 1089/1089/1089
f 1090/1090/1090 1091/1091/1091 1092/1092/1092
f 1093/1093/1093 1094/1094/1094 1095/1095/1095
f 1096/1096/1096 1097/1097/1097 1098/1098/1098
f 1099/1099/1099 1100/1100/1100 1101/1101/1101
f 1102/1102/1102 1103/1103/1103 1104/1104/1104
f 1105/1105/1105 1106/1106/1106 1107/1107/1107
f 1108/1108/1108 1109/1109/1109 1110/1110/1110
f 1111/1111/1111 1112/1112/1112 1113/1113/1113
f 1114/1114/1114 1115/1115/1115 1116/1116/1116
f 1117/1117/1117 1118/1118/1118 1119/1119/1119
f 1120/1120/1120 1121/1121/1121 1122/1122/1122
f 1123/1123/1123 1124/1124/1124 1125/1125/1125
f 1126/1126/1126 1127/1127/1127 1128/1128/1128
f 1129/1129/1129 1130/1130/1130 1131/1131/1131
f 1132/1132/1132 1133/1133/1133 1134/1134/1134
f 1135/1135/1135 1136/1136/1136 1137/1137/1137
f 1138/1138/1138 1139/1139/1139 1140/1140/1140
f 1141/1141/1141 1142/1142/1142 1143/1143/1143
f 1144/1144/1144 1145/1145/1145 1146/1146/1146
f 1147/1147/1147 1148/1148/1148 1149/1149/1149
f 1150/1150/1150 1151/1151/1151 1152/1152/1152
f 1153/1153/1153 1154/1154/1154 1155/1155/1155
f 1156/1156/1156 1157/1157/1157 1158/1158/1158
f 1159/1159/1159 1160/1160/1160 1161/1161/1161
f 1162/1162/1162 1163/1163/1163 1164/1164/1164
f 1165/1165/1165 1166/1166/1166 1167/1167/1167
f 1168/1168/1168 1169/1169/1169 1170/1170/1170
f 1171/1171/1171 1172/1172/1172 1173/1173/1173
f 1174/1174/1174 1175/1175/1175 1176/1176/1176
f 1177/1177/1177 1178/1178/1178 1179/1179/1179
f 1180/1180/1180 1181/1181/1181 1182/1182/1182
f 1183/1183/1183 1184/1184/1184 1185/1185/1185
f 1186/1186/1186 1187/1187/1187 1188/1188/1188
f 1189/1189/1189 1190/1190/1190 1191/1191/1191
f 1192/1192/1192 1193/1193/1193 1194/1194/1194
f 1195/1195/1195 1196/1196/1196 1197/1197/1197
f 1198/1198/1198 1199/1199/1199 1200/1200/1200
f 1201/1201/1201 1202/1202/1202 1203/1203/1203
f 1204/1204/1204 1205/1205/1205 1206/1206/1206
f 1207/1207/1207 1208/1208/1208 1209/1209/1209
f 1210/1210/1210 1211/1211/1211 1212/1212/1212
f 1213/1213/1213 1214/1214/1214 1215/1215/1215
f 1216/1216/1216 1217/1217/1217 1218/1218/1218
f 1219/1219/1219 1220/1220/1220 1221/1221/1221
f 1222/1222/1222 1223/1223/1223 1224/1224/1224
f 1225/1225/1225 1226/1226/1226 1227/1227/1227
f 1228/1228/1228 1229/1229/1229 1230/1230/1230
f 1231/1231/1231 1232/1232/1232 1233/1233/1233
f 1234/1234/1234 1235/1235/1235 1236/1236/1236
f 1237/1237/1237 1238/1238/1238 1239/1239/1239
f 1240/1240/1240 1241/1241/1241 1242/1242/1242
f 1243/1243/1243 1244/1244/1244 1245/1245/1245
f 1246/1246/1246 1247/1247/1247 1248/1248/1248
f 1249/1249/1249 1250/1250/1250 1251/1251/1251
f 1252/1252/1252 1253/1253/1253 1254/1254/1254
f 1255/1255/1255 1256/1256/1256 1257/1257/1257
f 1258/1258/1258 1259/1259/1259 1260/1260/1260
f 1261/1261/1261 1262/1262/1262 1263/1263/1263
f 1264/1264/1264 1265/1265/1265 1266/1266/1266
f 1267/1267/1267 1268/1268/1268 1269/1269/1269
f 1270/1270/1270 1271/1271/1271 1272/1272/1272
f 1273/1273/1273 1274/1274/1274 1275/1275/1275
f 1276/1276/1276 1277/1277/1277 1278/1278/1278
f 1279/1279/1279 1280/1280/1280 1281/1281/1281
f 1282/1282/1282 1283/1283/1283 1284/1284/1284
f 1285/1285/1285 1286/1286/1286 1287/1287/1287
f 1288/1288/1288 1289/1289/1289 1290/1290/1290
f 1291/1291/1291 1292/1292/1292 1293/1293/1293
f 1294/1294/1294 1295/1295/1295 1296/1296/1296
f 1297/1297/1297 1298/1298/1298 1299/1299/1299
f 1300/1300/1300 1301/1301/1301 1302/1302/1302
f 1303/1303/1303 1304/1304/1304 1305/1305/1305
f 1306/1306/1306 1307/1307/1307 1308/1308/1308
f 1309/1309/1309 1310/1310/1310 1311/1311/1311
f 1312/1312/1312 1313/1313/1313 1314/1314/1314
f 1315/1315/1315 1316/1316/1316 1317/1317/1317
f 1318/1318/1318 1319/1319/1319 1320/1320/1320
f 1321/1321/1321 1322/1322/1322 1323/1323/1323
f 1324/1324/1324 1325/1325/1325 1326/1326/1326
f 1327/1327/1327 1328/1328/1328 1329/1329/1329
f 1330/1330/1330 1331/1331/1331 1332/1332/1332
f 1333/1333/1333 1334/1334/1334 1335/1335/1335
f 1336/1336/1336 1337/1337/1337 1338/1338/1338
f 1339/1339/1339 1340/1340/1340 1341/1341/1341
f 1342/1342/1342 1343/1343/1343 1344/1344/1344
f 1345/1345/1345 1346/1346/1346 1347/1347/1347
f 1348/1348/1348 1349/1349/1349 1350/1350/1350
f 1351/1351/1351 1352/1352/1352 1353/1353/1353
f 1354/1354/1354 1355/1355/1355 1356/1356/1356
f 1357/1357/1357 1358/1358/1358 1359/1359/1359
f 1360/1360/1360 1361/1361/1361 1362/1362/1362
f 1363/1363/1363 1364/1364/1364 1365/1365/1365
f 1366/1366/1366 1367/1367/1367 1368/1368/1368
f 1369/1369/1369 1370/1370/1370 1371/1371/1371
f 1372/1372/1372 1373/1373/1373 1374/1374/1374
f 1375/1375/1375 1376/1376/1376 1377/1377/1377
f 1378/1378/1378 1379/1379/1379 1380/1380/1380
f 1381/1381/1381 1382/1382/1382 1383/1383/1383
f 1384/1384/1384 1385/1385/1385 1386/1386/1386
f 1387/1387/1387 1388/1388/1388 1389/1389/1389
f 1390/1390/1390 1391/1391/1391 1392/1392/1392
f 1393/1393/1393 1394/1394/1394 1395/1395/1395
f 1396/1396/1396 1397/1397/1397 1398/1398/1398
f 1399/1399/1399 1400/1400/1400 1401/1401/1401
f 1402/1402/1402 1403/1403/1403 1404/1404/1404
f 1405/1405/1405 1406/1406/1406 1407/1407/1407
f 1408/1408/1408 1409/1409/1409 1410/1410/1410
f 1411/1411/1411 1412/1412/1412 1413/1413/1413
f 1414/1414/1414 1415/1415/1415 1416/1416/1416
f 1417/1417/1417 1418/1418/1418 1419/1419/1419
f 1420/1420/1420 1421/1421/1421 1422/1422/1422
f 1423/1423/1423 1424/1424/1424 1425/1425/1425
f 1426/1426/1426 1427/1427/1427 1428/1428/1428
f 1429/1429/1429 1430/1430/1430 1431/1431/1431
f 1432/1432/1432 1433/1433/1433 1434/1434/1434
f 1435/1435/1435 1436/1436/1436 1437/1437/1437
f 1438/1438/1438 1439/1439/1439 1440/1440/1440
f 1441/1441/1441 1442/1442/1442 1443/1443/1443
f 1444/1444/1444 1445/1445/1445 1446/1446/1446
f 1447/1447/1447 1448/1448/1448 1449/1449/1449
f 1450/1450/1450 1451/1451/1451 1452/1452/1452
f 1453/1453/1453 1454/1454/1454 1455/1455/1455
f 1456/1456/1456 1457/1457/1457 1458/1458/1458
f 1459/1459/1459 1460/1460/1460 1461/1461/1461
f 1462/1462/1462 1463/1463/1463 1464/1464/1464
f 1465/1465/1465 1466/1466/1466 1467/1467/1467
f 1468/1468/1468 1469/1469/1469 1470/1470/1470
f 1471/1471/1471 1472/1472/1472 1473/1473/1473
f 1474/1474/1474 1475/1475/1475 1476/1476/1476
f 1477/1477/1477 1478/1478/1478 1479/1479/1479
f 1480/1480/1480 1481/1481/1481 1482/1482/1482
f 1483/1483/1483 1484/1484/1484 1485/1485/1485
f 1486/1486/1486 1487/1487/1487 1488/1488/1488
f 1489/1489/1489 1490/1490/1490 1491/1491/1491
f 1492/1492/1492 1493/1493/1493 1494/1494/1494
f 1495/1495/1495 1496/1496/1496 1497/1497/1497
f 1498/1498/1498 1499/1499/1499 1500/1500/1500
f 1501/1501/1501 1502/1502/1502 1503/1503/1503
f 1504/1504/1504 1505/1505/1505 1506/1506/1506
f 1507/1507/1507 1508/1508/1508 1509/1509/1509
f 1510/1510/1510 1511/1511/1511 1512/1512/1512
f 1513/1513/1513 1514/1514/1514 1515/1515/1515
f 1516/1516/1516 1517/1517/1517 1518/1518/1518
f 1519/1519/1519 1520/1520/1520 1521/1521/1521
f 1522/1522/1522 1523/1523/1523 1524/1524/1524
f 1525/1525/1525 1526/1526/1526 1527/1527/1527
f 1528/1528/1528 1529/1529/1529 1530/1530/1530
f 1531/1531/1531 1532/1532/1532 1533/1533/1533
f 1534/1534/1534 1535/1535/1535 1536/1536/1536
f 1537/1537/1537 1538/1538/1538 1539/1539/1539
f 1540/1540/1540 1541/1541/1541 1542/1542/1542
f 1543/1543/1543 1544/1544/1544 1545/1545/1545
f 1546/1546/1546 1547/1547/1547 1548/1548/1548
f 1549/1549/1549 1550/1550/1550 1551/1551/1551
f 1552/1552/1552 1553/1553/1553 1554/1554/1554
f 1555/1555/1555 1556/1556/1556 1557/1557/1557
f 1558/1558/1558 1559/1559/1559 1560/1560/1560
f 1561/1561/1561 1562/1562/1562 1563/1563/1563
f 1564/1564/1564 1565/1565/1565 1566/1566/1566
f 1567/1567/1567 1568/1568/1568 1569/1569/1569
f 1570/1570/1570 1571/1571/1571 1572/1572/1572
f 1573/1573/1573 1574/1574/1574 1575/1575/1575
f 1576/1576/1576 1577/1577/1577 1578/1578/1578
f 1579/1579/1579 1580/1580/1580 1581/1581/1581
f 1582/1582/1582 1583/1583/1583 1584/1584/1584
f 1585/1585/1585 1586/1586/1586 1587/1587/1587
f 1588/1588/1588 1589/1589/1589 1590/1590/1590
f 1591/1591/1591 1592/1592/1592 1593/1593/1593
f 1594/1594/1594 1595/1595/1595 1596/1596/1596
f 1597/1597/1597 1598/1598/1598 1599/1599/1599
f 1600/1600/1600 1601/1601/1601 1602/1602/1602
f 1603/1603/1603 1604/1604/1604 1605/1605/1605
f 1606/1606/1606 1607/1607/1607 1608/1608/1608
f 1609/1609/1609 1610/1610/1610 1611/1611/1611
f 1612/1612/1612 1613/1613/1613 1614/1614/1614
f 1615/1615/1615 1616/1616/1616 1617/1617/1617
f 1618/1618/1618 1619/1619/1619 1620/1620/1620
f 1621/1621/1621 1622/1622/1622 1623/1623/1623
f 1624/1624/1624 1625/1625/1625 1626/1626/1626
f 1627/1627/1627 1628/1628/1628 1629/1629/1629
f 1630/1630/1630 1631/1631/1631 1632/1632/1632
f 1633/1633/1633 1634/1634/1634 1635/1635/1635
f 1636/1636/1636 1637/1637/1637 1638/1638/1638
f 1639/1639/1639 1640/1640/1640 1641/1641/1641
f 1642/1642/1642 1643/1643/1643 1644/1644/1644
f 1645/1645/1645 1646/1646/1646 1647/1647/1647
f 1648/1648/1648 1649/1649/1649 1650/1650/1650
f 1651/1651/1651 1652/1652/1652 1653/1653/1653
f 1654/1654/1654 1655/1655/1655 1656/1656/1656
f 1657/1657/1657 1658/1658/1658 1659/1659/1659
f 1660/1660/1660 1661/1661/1661 1662/1662/1662
f 1663/1663/1663 1664/1664/1664 1665/1665/1665
f 1666/1666/1666 1667/1667/1667 1668/1668/1668
f 1669/1669/1669 1670/1670/1670 1671/1671/1671
f 1672/1672/1672 1673/1673/1673 1674/1674/1674
f 1675/1675/1675 1676/1676/1676 1677/1677/1677
f 1678/1678/1678 1679/1679/1679 1680/1680/1680
f 1681/1681/1681 1682/1682/1682 1683/1683/1683
f 1684/1684/1684 1685/1685/1685 1686/1686/1686
f 1687/1687/1687 1688/1688/1688 1689/1689/1689
f 1690/1690/1690 1691/1691/1691 1692/1692/1692
f 1693/1693/1693 1694/1694/1694 1695/1695/1695
f 1696/1696/1696 1697/1697/1697 1698/1698/1698
f 1699/1699/1699 1700/1700/1700 1701/1701/1701
f 1702/1702/1702 1703/1703/1703 1704/1704/1704
f 1705/1705/1705 1706/1706/1706 1707/1707/1707
f 1708/1708/1708 1709/1709/1709 1710/1710/1710
f 1711/1711/1711 1712/1712/1712 1713/1713/1713
f 1714/1714/1714 1715/1715/1715 1716/1716/1716
f 1717/1717/1717 1718/1718/1718 1719/1719/1719
f 1720/1720/1720 1721/1721/1721 1722/1722/1722
f 1723/1723/1723 1724/1724/1724 1725/1725/1725
f 1726/1726/1726 1727/1727/1727 1728/1728/1728
f 1729/1729/1729 1730/1730/1730 1731/1731/1731
f 1732/1732/1732 1733/1733/1733 1734/1734/1734
f 1735/1735/1735 1736/1736/1736 1737/1737/1737
f 1738/1738/1738 1739/1739/1739 1740/1740/1740
f 1741/1741/1741 1742/1742/1742 1743/1743/1743
f 1744/1744/1744 1745/1745/1745 1746/1746/1746
f 1747/1747/1747 1748/1748/1748 1749/1749/1749
f 1750/1750/1750 1751/1751/1751 1752/1752/1752
f 1753/1753/1753 1754/1754/1754 1755/1755/1755
f 1756/1756/1756 1757/1757/1757 1758/1758/1758
f 1759/1759/1759 1760/1760/1760 1761/1761/1761
f 1762/1762/1762 1763/1763/1763 1764/1764/1764
f 1765/1765/1765 1766/1766/1766 1767/1767/1767
f 1768/1768/1768 1769/1769/1769 1770/1770/1770
f 1771/1771/1771 1772/1772/1772 1773/1773/1773
f 1774/1774/1774 1775/1775/1775 1776/1776/1776
f 1777/1777/1777 1778/1778/1778 1779/1779/1779
f 1780/1780/1780 1781/1781/1781 1782/1782/1782
f 1783/1783/1783 1784/1784/1784 1785/1785/1785
f 1786/1786/1786 1787/1787/1787 1788/1788/1788
f 1789/1789/1789 1790/1790/1790 1791/1791/1791
f 1792/1792/1792 1793/1793/1793 1794/1794/1794
f 1795/1795/1795 1796/1796/1796 1797/1797/1797
f 1798/1798/1798 1799/1799/1799 1800/1800/1800
f 1801/1801/1801 1802/1802/1802 1803/1803/1803
f 1804/1804/1804 1805/1805/1805 1806/1806/1806
f 1807/1807/1807 1808/1808/1808 1809/1809/1809
f 1810/1810/1810 1811/1811/1811 1812/1812/1812
f 1813/1813/1813 1814/1814/1814 1815/1815/1815
f 1816/1816/1816 1817/1817/1817 1818/1818/1818
f 1819/1819/1819 1820/1820/1820 1821/1821/1821
f 1822/1822/1822 1823/1823/1823 1824/1824/1824
f 1825/1825/1825 1826/1826/1826 1827/1827/1827
f 1828/1828/1828 1829/1829/1829 1830/1830/1830
f 1831/1831/1831 1832/1832/1832 1833/1833/1833
f 1834/1834/1834 1835/1835/1835 1836/1836/1836
f 1837/1837/1837 1838/1838/1838 1839/1839/1839
f 1840/1840/1840 1841/1841/1841 1842/1842/1842
f 1843/1843/1843 1844/1844/1844 1845/1845/1845
f 1846/1846/1846 1847/1847/1847 1848/1848/1848
f 1849/1849/1849 1850/1850/1850 1851/1851/1851
f 1852/1852/1852 1853/1853/1853 1854/1854/1854
f 1855/1855/1855 1856/1856/1856 1857/1857/1857
f 1858/1858/1858 1859/1859/1859 1860/1860/1860
f 1861/1861/1861 1862/1862/1862 1863/1863/1863
f 1864/1864/1864 1865/1865/1865 1866/1866/1866
f 1867/1867/1867 1868/1868/1868 1869/1869/1869
f 1870/1870/1870 1871/1871/1871 1872/1872/1872
f 1873/1873/1873 1874/1874/1874 1875/1875/1875
f 1876/1876/1876 1877/1877/1877 1878/1878/1878
f 1879/1879/1879 1880/1880/1880 1881/1881/1881
f 1882/1882/1882 1883/1883/1883 1884/1884/1884
f 1885/1885/1885 1886/1886/1886 1887/1887/1887
f 1888/1888/1888 1889/1889/1889 1890/1890/1890
f 1891/1891/1891 1892/1892/1892 1893/1893/1893
f 1894/1894/1894 1895/1895/1895 1896/1896/1896
f 1897/1897/1897 1898/1898/1898 1899/1899/1899
f 1900/1900/1900 1901/1901/1901 1902/1902/1902
f 1903/1903/1903 1904/1904/1904 1905/1905/1905
f 1906/1906/1906 1907/1907/1907 1908/1908/1908
f 1909/1909/1909 1910/1910/1910 1911/1911/1911
f 1912/1912/1912 1913/1913/1913 1914/1914/1914
f 1915/1915/1915 1916/1916/1916 1917/1917/1917
f 1918/1918/1918 1919/1919/1919 1920/1920/1920
f 1921/1921/1921 1922/1922/1922 1923/1923/1923
f 1924/1924/1924 1925/1925/1925 1926/1926/1926
f 1927/1927/1927 1928/1928/1928 1929/1929/1929
f 1930/1930/1930 1931/1931/1931 1932/1932/1932
f 1933/1933/1933 1934/1934/1934 1935/1935/1935
f 1936/1936/1936 1937/1937/1937 1938/1938/1938
f 1939/1939/1939 1940/1940/1940 1941/1941/1941
f 1942/1942/1942 1943/1943/1943 1944/1944/1944
f 1945/1945/1945 1946/1946/1946 1947/1947/1947
f 1948/1948/1948 1949/1949/1949 1950/1950/1950
f 1951/1951/1951 1952/1952/1952 1953/1953/1953
f 1954/1954/1954 1955/1955/1955 1956/1956/1956
f 1957/1957/1957 1958/1958/1958 1959/1959/1959
f 1960/1960/1960 1961/1961/1961 1962/1962/1962
f 1963/1963/1963 1964/1964/1964 1965/1965/1965
f 1966/1966/1966 1967/1967/1967 1968/1968/1968
f 1969/1969/1969 1970/1970/1970 1971/1971/1971
f 1972/1972/1972 1973/1973/1973 1974/1974/1974
f 1975/1975/1975 1976/1976/1976 1977/1977/1977
f 1978/1978/1978 1979/1979/1979 1980/1980/1980
f 1981/1981/1981 1982/1982/1982 1983/1983/1983
f 1984/1984/1984 1985/1985/1985 1986/1986/1986
f 1987/1987/1987 1988/1988/1988 1989/1989/1989
f 1990/1990/1990 1991/1991/1991 1992/1992/1992
f 1993/1993/1993 1994/1994/1994 1995/1995/1995
f 1996/1996/1996 1997/1997/1997 1998/1998/1998
f 1999/1999/1999 2000/2000/2000 2001/2001/2001
f 2002/2002/2002 2003/2003/2003 2004/2004/2004
f 2005/2005/2005 2006/2006/2006 2007/2007/2007
f 2008/2008/2008 2009/2009/2009 2010/2010/2010
f 2011/2011/2011 2012/2012/2012 2013/2013/2013
f 2014/2014/2014 2015/2015/2015 2016/2016/2016
f 2017/2017/2017 2018/2018/2018 2019/2019/2019
f 2020/2020/2020 2021/2021/2021 2022/2022/2022
f 2023/2023/2023 2024/2024/2024 2025/2025/2025
f 2026/2026/2026 2027/2027/2027 2028/2028/2028
f 2029/2029/2029 2030/2030/2030 2031/2031/2031
f 2032/2032/2032 2033/2033/2033 2034/2034/2034
f 2035/2035/2035 2036/2036/2036 2037/2037/2037
f 2038/2038/2038 2039/2039/2039 2040/2040/2040
f 2041/2041/2041 2042/2042/2042 2043/2043/2043
f 2044/2044/2044 2045/2045/2045 2046/2046/2046
f 2047/2047/2047 2048/2048/2048 2049/2049/2049
f 2050/2050/2050 2051/2051/2051 2052/2052/2052
f 2053/2053/2053 2054/2054/2054 2055/2055/2055
f 2056/2056/2056 2057/2057/2057 2058/2058/2058
f 2059/2059/2059 2060/2060/2060 2061/2061/2061
f 2062/2062/2062 2063/2063/2063 2064/2064/2064
f 2065/2065/2065 2066/2066/2066 2067/2067/2067
f 2068/2068/2068 2069/2069/2069 2070/2070/2070
f 2071/2071/2071 2072/2072/2072 2073/2073/2073
f 2074/2074/2074 2075/2075/2075 2076/2076/2076
f 2077/2077/2077 2078/2078/2078 2079/2079/2079
f 2080/2080/2080 2081/2081/2081 2082/2082/2082
f 2083/2083/2083 2084/2084/2084 2085/2085/2085
f 2086/2086/2086 2087/2087/2087 2088/2088/2088
f 2089/2089/2089 2090/2090/2090 2091/2091/2091
f 2092/2092/2092 2093/2093/2093 2094/2094/2094
f 2095/2095/2095 2096/2096/2096 2097/2097/2097
f 2098/2098/2098 2099/2099/2099 2100/2100/2100
f 2101/2101/2101 2102/2102/2102 2103/2103/2103
f 2104/2104/2104 2105/2105/2105 2106/2106/2106
f 2107/2107/2107 2108/2108/2108 2109/2109/2109
f 2110/2110/2110 2111/2111/2111 2112/2112/2112
f 2113/2113/2113 2114/2114/2114 2115/2115/2115
f 2116/2116/2116 2117/2117/2117 2118/2118/2118
f 2119/2119/2119 2120/2120/2120 2121/2121/2121
f 2122/2122/2122 2123/2123/2123 2124/2124/2124
f 2125/2125/2125 2126/2126/2126 2127/2127/2127
f 2128/2128/2128 2129/2129/2129 2130/2130/2130
f 2131/2131/2131 2132/2132/2132 2133/2133/2133
f 2134/2134/2134 2135/2135/2135 2136/2136/2136
f 2137/2137/2137 2138/2138/2138 2139/2139/2139
f 2140/2140/2140 2141/2141/2141 2142/2142/2142
f 2143/2143/2143 2144/2144/2144 2145/2145/2145
f 2146/2146/2146 2147/2147/2147 2148/2148/2148
f 2149/2149/2149 2150/2150/2150 2151/2151/2151
f 2152/2152/2152 2153/2153/2153 2154/2154/2154
f 2155/2155/2155 2156/2156/2156 2157/2157/2157
f 2158/2158/2158 2159/2159/2159 2160/2160/2160
f 2161/2161/2161 2162/2162/2162 2163/2163/2163
f 2164/2164/2164 2165/2165/2165 2166/2166/2166
f 2167/2167/2167 2168/2168/2168 2169/2169/2169
f 2170/2170/2170 2171/2171/2171 2172/2172/2172
f 2173/2173/2173 2174/2174/2174 2175/2175/2175
f 2176/2176/2176 2177/2177/2177 2178/2178/2178
f 2179/2179/2179 2180/2180/2180 2181/2181/2181
f 2182/2182/2182 2183/2183/2183 2184/2184/2184
f 2185/2185/2185 2186/2186/2186 2187/2187/2187
f 2188/2188/2188 2189/2189/2189 2190/2190/2190
f 2191/2191/2191 2192/2192/2192 2193/2193/2193
f 2194/2194/2194 2195/2195/2195 2196/2196/2196
f 2197/2197/2197 2198/2198/2198 2199/2199/2199
f 2200/2200/2200 2201/2201/2201 2202/2202/2202
f 2203/2203/2203 2204/2204/2204 2205/2205/2205
f 2206/2206/2206 2207/2207/2207 2208/2208/2208
f 2209/2209/2209 2210/2210/2210 2211/2211/2211
f 2212/2212/2212 2213/2213/2213 2214/2214/2214
f 2215/2215/2215 2216/2216/2216 2217/2217/2217
f 2218/2218/2218 2219/2219/2219 2220/2220/2220
f 2221/2221/2221 2222/2222/2222 2223/2223/2223
f 2224/2224/2224 2225/2225/2225 2226/2226/2226
f 2227/2227/2227 2228/2228/2228 2229/2229/2229
f 2230/2230/2230 2231/2231/2231 2232/2232/2232
f 2233/2233/2233 2234/2234/2234 2235/2235/2235
f 2236/2236/2236 2237/2237/2237 2238/2238/2238
f 2239/2239/2239 2240/2240/2240 2241/2241/2241
f 2242/2242/2242 2243/2243/2243 2244/2244/2244
f 2245/2245/2245 2246/2246/2246 2247/2247/2247
f 2248/2248/2248 2249/2249/2249 2250/2250/2250
f 2251/2251/2251 2252/2252/2252 2253/2253/2253
f 2254/2254/2254 2255/2255/2255 2256/2256/2256
f 2257/2257/2257 2258/2258/2258 2259/2259/2259
f 2260/2260/2260 2261/2261/2261 2262/2262/2262
f 2263/2263/2263 2264/2264/2264 2265/2265/2265
f 2266/2266/2266 2267/2267/2267 2268/2268/2268
f 2269/2269/2269 2270/2270/2270 2271/2271/2271
f 2272/2272/2272 2273/2273/2273 2274/2274/2274
f 2275/2275/2275 2276/2276/2276 2277/2277/2277
f 2278/2278/2278 2279/2279/2279 2280/2280/2280
f 2281/2281/2281 2282/2282/2282 2283/2283/2283
f 2284/2284/2284 2285/2285/2285 2286/2286/2286
f 2287/2287/2287 2288/2288/2288 2289/2289/2289
f 2290/2290/2290 2291/2291/2291 2292/2292/2292
f 2293/2293/2293 2294/2294/2294 2295/2295/2295
f 2296/2296/2296 2297/2297/2297 2298/2298/2298
f 2299/2299/2299 2300/2300/2300 2301/2301/2301
f 2302/2302/2302 2303/2303/2303 2304/2304/2304
f 2305/2305/2305 2306/2306/2306 2307/2307/2307
f 2308/2308/2308 2309/2309/2309 2310/2310/2310
f 2311/2311/2311 2312/2312/2312 2313/2313/2313
f 2314/2314/2314 2315/2315/2315 2316/2316/2316
f 2317/2317/2317 2318/2318/2318 2319/2319/2319
f 2320/2320/2320 2321/2321/2321 2322/2322/2322
f 2323/2323/2323 2324/2324/2324 2325/2325/2325
f 2326/2326/2326 2327/2327/2327 2328/2328/2328
f 2329/2329/2329 2330/2330/2330 2331/2331/2331
f 2332/2332/2332 2333/2333/2333 2334/2334/2334
f 2335/2335/2335 2336/2336/2336 2337/2337/2337
f 2338/2338/2338 2339/2339/2339 2340/2340/2340
f 2341/2341/2341 2342/2342/2342 2343/2343/2343
f 2344/2344/2344 2345/2345/2345 2346/2346/2346
f 2347/2347/2347 2348/2348/2348 2349/2349/2349
f 2350/2350/2350 2351/2351/2351 2352/2352/2352
f 2353/2353/2353 2354/2354/2354 2355/2355/2355
f 2356/2356/2356 2357/2357/2357 2358/2358/2358
f 2359/2359/2359 2360/2360/2360 2361/2361/2361
f 2362/2362/2362 2363/2363/2363 2364/2364/2364
f 2365/2365/2365 2366/2366/2366 2367/2367/2367
f 2368/2368/2368 2369/2369/2369 2370/2370/2370
f 2371/2371/2371 2372/2372/2372 2373/2373/2373
f 2374/2374/2374 2375/2375/2375 2376/2376/2376
f 2377/2377/2377 2378/2378/2378 2379/2379/2379
f 2380/2380/2380 2381/2381/2381 2382/2382/2382
f 2383/2383/2383 2384/2384/2384 2385/2385/2385
f 2386/2386/2386 2387/2387/2387 2388/2388/2388
f 2389/2389/2389 2390/2390/2390 2391/2391/2391
f 2392/2392/2392 2393/2393/2393 2394/2394/2394
f 2395/2395/2395 2396/2396/2396 2397/2397/2397
f 2398/2398/2398 2399/2399/2399 2400/2400/2400
f 2401/2401/2401 2402/2402/2402 2403/2403/2403
f 2404/2404/2404 2405/2405/2405 2406/2406/2406
f 2407/2407/2407 2408/2408/2408 2409/2409/2409
f 2410/2410/2410 2411/2411/2411 2412/2412/2412
f 2413/2413/2413 2414/2414/2414 2415/2415/2415
f 2416/2416/2416 2417/2417/2417 2418/2418/2418
f 2419/2419/2419 2420/2420/2420 2421/2421/2421
f 2422/2422/2422 2423/2423/2423 2424/2424/2424
f 2425/2425/2425 2426/2426/2426 2427/2427/2427
f 2428/2428/2428 2429/2429/2429 2430/2430/2430
f 2431/2431/2431 2432/2432/2432 2433/2433/2433
f 2434/2434/2434 2435/2435/2435 2436/2436/2436
f 2437/2437/2437 2438/2438/2438 2439/2439/2439
f 2440/2440/2440 2441/2441/2441 2442/2442/2442
f 2443/2443/2443 2444/2444/2444 2445/2445/2445
f 2446/2446/2446 2447/2447/2447 2448/2448/2448
f 2449/2449/2449 2450/2450/2450 2451/2451/2451
f 2452/2452/2452 2453/2453/2453 2454/2454/2454
f 2455/2455/2455 2456/2456/2456 2457/2457/2457
f 2458/2458/2458 2459/2459/2459 2460/2460/2460
f 2461/2461/2461 2462/2462/2462 2463/2463/2463
f 2464/2464/2464 2465/2465/2465 2466/2466/2466
f 2467/2467/2467 2468/2468/2468 2469/2469/2469
f 2470/2470/2470 2471/2471/2471 2472/2472/2472
f 2473/2473/2473 2474/2474/2474 2475/2475/2475
f 2476/2476/2476 2477/2477/2477 2478/2478/2478
f 2479/2479/2479 2480/2480/2480 2481/2481/2481
f 2482/2482/2482 2483/2483/2483 2484/2484/2484
f 2485/2485/2485 2486/2486/2486 2487/2487/2487
f 2488/2488/2488 2489/2489/2489 2490/2490/2490
f 2491/2491/2491 2492/2492/2492 2493/2493/2493
f 2494/2494/2494 2495/2495/2495 2496/2496/2496
f 2497/2497/2497 2498/2498/2498 2499/2499/2499
f 2500/2500/2500 2501/2501/2501 2502/2502/2502
f 2503/2503/2503 2504/2504/2504 2505/2505/2505
f 2506/2506/2506 2507/2507/2507 2508/2508/2508
f 2509/2509/2509 2510/2510/2510 2511/2511/2511
f 2512/2512/2512 2513/2513/2513 2514/2514/2514
f 2515/2515/2515 2516/2516/2516 2517/2517/2517
f 2518/2518/2518 2519/2519/2519 2520/2520/2520
f 2521/2521/2521 2522/2522/2522 2523/2523/2523
f 2524/2524/2524 2525/2525/2525 2526/2526/2526
f 2527/2527/2527 2528/2528/2528 2529/2529/2529
f 2530/2530/2530 2531/2531/2531 2532/2532/2532
f 2533/2533/2533 2534/2534/2534 2535/2535/2535
f 2536/2536/2536 2537/2537/2537 2538/2538/2538
f 2539/2539/2539 2540/2540/2540 2541/2541/2541
f 2542/2542/2542 2543/2543/2543 2544/2544/2544
f 2545/2545/2545 2546/2546/2546 2547/2547/2547
f 2548/2548/2548 2549/2549/2549 2550/2550/2550
f 2551/2551/2551 2552/2552/2552 2553/2553/2553
f 2554/2554/2554 2555/2555/2555 2556/2556/2556
f 2557/2557/2557 2558/2558/2558 2559/2559/2559
f 2560/2560/2560 2561/2561/2561 2562/2562/2562
f 2563/2563/2563 2564/2564/2564 2565/2565/2565
f 2566/2566/2566 2567/2567/2567 2568/2568/2568
f 2569/2569/2569 2570/2570/2570 2571/2571/2571
f 2572/2572/2572 2573/2573/2573 2574/2574/2574
f 2575/2575/2575 2576/2576/2576 2577/2577/2577
f 2578/2578/2578 2579/2579/2579 2580/2580/2580
f 2581/2581/2581 2582/2582/2582 2583/2583/2583
f 2584/2584/2584 2585/2585/2585 2586/2586/2586
f 2587/2587/2587 2588/2588/2588 2589/2589/2589
f 2590/2590/2590 2591/2591/2591 2592/2592/2592
f 2593/2593/2593 2594/2594/2594 2595/2595/2595
f 2596/2596/2596 2597/2597/2597 2598/2598/2598
f 2599/2599/2599 2600/2600/2600 2601/2601/2601
f 2602/2602/2602 2603/2603/2603 2604/2604/2604
f 2605/2605/2605 2606/2606/2606 2607/2607/2607
f 2608/2608/2608 2609/2609/2609 2610/2610/2610
f 2611/2611/2611 2612/2612/2612 2613/2613/2613
f 2614/2614/2614 2615/2615/2615 2616/2616/2616
f 2617/2617/2617 2618/2618/2618 2619/2619/2619
f 2620/2620/2620 2621/2621/2621 2622/2622/2622
f 2623/2623/2623 2624/2624/2624 2625/2625/2625
f 2626/2626/2626 2627/2627/2627 2628/2628/2628
f 2629/2629/2629 2630/2630/2630 2631/2631/2631
f 2632/2632/2632 2633/2633/2633 2634/2634/2634
f 2635/2635/2635 2636/2636/2636 2637/2637/2637
f 2638/2638/2638 2639/2639/2639 2640/2640/2640
f 2641/2641/2641 2642/2642/2642 2643/2643/2643
f 2644/2644/2644 2645/2645/2645 2646/2646/2646
f 2647/2647/2647 2648/2648/2648 2649/2649/2649
f 2650/2650/2650 2651/2651/2651 2652/2652/2652
f 2653/2653/2653 2654/2654/2654 2655/2655/2655
f 2656/2656/2656 2657/2657/2657 2658/2658/2658
f 2659/2659/2659 2660/2660/2660 2661/2661/2661
f 2662/2662/2662 2663/2663/2663 2664/2664/2664
f 2665/2665/2665 2666/2666/2666 2667/2667/2667
f 2668/2668/2668 2669/2669/2669 2670/2670/2670
f 2671/2671/2671 2672/2672/2672 2673/2673/2673
f 2674/2674/2674 2675/2675/2675 2676/2676/2676
f 2677/2677/2677 2678/2678/2678 2679/2679/2679
f 2680/2680/2680 2681/2681/2681 2682/2682/2682
f 2683/2683/2683 2684/2684/2684 2685/2685/2685
f 2686/2686/2686 2687/2687/2687 2688/2688/2688
